id,filename,author,title,year,text_type,genre,translation,variant,word_count
795,000795_Manual_del_peregri_de_la_Hospitalitat_de.out.txt,Hospitalitat de Nostra Senyora de Lourdes de Catalunya,Instruccions i advertiments,1925,NLIT,,no,central,5842
1763,001763_Novellistica_popular.out.txt,"Serra i Pagès, Rossend",Novel·lística popular,1902,NLIT,,no,central,10803
2103,002103_Excursio_a_la_montanya_de_Monseny.out.txt,"Osona, Artur",Excursió á la montanya de Monseny,1879,NLIT,,no,central,3107
1824,001824_Discurs_pronunciat_en_la_solemne_festa_d.out.txt,"Collell, Jaume",Discurs pronunciat en la solemne festa dels Jochs Florals celebrats lo dia 13 de maig de 1899 en los Camps Eliseus de Lleyda,1899,NLIT,,no,central,3954
2248,002248_Carta_a_Francesc_Matheu_6IV1935.out.txt,"Badia i Mullet, Ramon",[Carta a Francesc Matheu (6/IV/1935)],1935,NLIT,,no,central,344
1765,001765_Consideracions_respecte_a_pronostic.out.txt,"Freixas i Freixas, Joan",Consideracions respecte a pronóstic,1911,NLIT,,no,central,14408
487,000487_La_nacionalitzacio_de_la_benzina.out.txt,"Faura i Sans, Marià",La nacionalització de la benzina,1917,NLIT,,no,central,2260
1679,001679_Lleuger_estudi_o_petites_observacions_so.out.txt,"Valls i Vicens, Josep Maria",Lleuger estudi ó petites observacions sobre la educació dels fills,1898,NLIT,,no,central,36000
2003,002003_Aplicacio_del_art_a_l_industria.out.txt,"Sanpere i Miquel, Salvador",Aplicació del art á l'industria,1881,NLIT,,no,central,12436
2760,002760_Evangelis_des_diumenges_y_festas_en_que_.out.txt,Anònim,Evangelis des diumenges y festas en que no se pot trabaiá,1847,NLIT,,no,baleàric,25380
814,000814_La_recomanacio_de_l_anima.out.txt,"Forn, Josep",La recomanació de l'ànima,1920,NLIT,,sí,central,2941
2015,002015_Medis_pera_millorar_la_condicio_social_d.out.txt,"Puig i Savall, Lluís",Medis pera millorar la condició social dels obrers,1883,NLIT,,no,central,15747
1127,001127_Enigmistica_popular_endevinalles_i_altre.out.txt,"Serra i Boldú, Valeri",Enigmística popular: endevinalles i altres jocs d'esperit,1922,NLIT,,no,nord-occidental,6055
3054,003054_La_pubilleta_del_Molins.out.txt,"Ginestà Punset, General",La pubilleta del Molins,1896,LIT,N,no,central,17531
869,000869_El_tresor_amagat_de_la_santa_missa.out.txt,Foment de Pietat Catalana,El tresor amagat de la santa missa,1916,NLIT,,sí,central,28253
3304,003304_Com_l_anell_al_dit.out.txt,"Riera i Bertran, Joaquim",Com l'anell al dit,1884,LIT,T,no,central,14492
2012,002012_Proleg.out.txt,"Briz, Francesc Pelagi",[Pròleg],1866,NLIT,,no,central,7996
1839,001839_Les_nostres_festes_majors.out.txt,"Collell, Jaume",Les nostres festes majors,1907,NLIT,,no,central,2308
2820,002820_Documents_notarials_I_Reus.out.txt,"Sostres, Magí","[Documents notarials, I. Reus]",1853,NLIT,,no,central,841
1940,001940_Discurs.out.txt,"Rubió i Ors, Joaquim",Discurs,1890,NLIT,,no,central,4695
2235,002235_Carta_a_Francesc_Matheu_26V1915.out.txt,"Rubió i Lluch, Antoni",[Carta a Francesc Matheu (26/V/1915)],1915,NLIT,,no,central,817
1892,001892_La_manifestacio_de_les_passions_en_el_te.out.txt,"Maseras i Galtés, Alfons",La manifestació de les passions en el teatre,1908,NLIT,,no,central,6280
2328,002328_Catalunya_Origen_de_sas_armas.out.txt,M. R. B.,Catalunya. Orígen de sas armas,1843,NLIT,,no,central,1459
1750,001750_Regionalisme_y_particularisme.out.txt,"Almirall, Valentí",Regionalisme y particularisme,1901,NLIT,,no,central,16294
763,000763_Figures_i_llegendes_mitologiques.out.txt,"Maseras i Galtés, Alfons",Figures i llegendes mitològiques,1932,NLIT,,sí,central,43732
169,000169_Memories_d_un_cabaler.out.txt,"Raventós i Domènech, Jaume",Memòries d'un cabaler,1932,LIT,N,no,central,101580
1617,001617_Los_segurs_sobre_la_vida_entre_ls_pageso.out.txt,"Salarich i Verdaguer, Joaquim",Los segurs sobre la vida entre'ls pagesos,1881,NLIT,,no,central,4068
3040,003040_Escenas_barceloninas.out.txt,"Vilanova, Emili",Escenas barceloninas,1886,LIT,N,no,central,40898
1757,001757_Elements_de_botanica_popular.out.txt,"Cadevall i Diars, Joan",Elements de botánica popular,1907,NLIT,,no,central,41313
1875,001875_Miniatura_psicologica_de_sant_Lluis_Gonc.out.txt,"Torras i Bages, Josep",Miniatura psicológica de sant Lluis Gonçaga,1895,NLIT,,no,central,13194
3030,003030_Quadros_en_prosa.out.txt,"Pons i Massaveu, Joan",Quadros en prosa,1878,LIT,N,no,central,40089
2229,002229_Carta_a_Ernest_Moline_i_Brases_VII1906.out.txt,"Brasés i Trias, Andreu",[Carta a Ernest Moliné i Brasés (VII/1906)],1906,NLIT,,no,central,394
2806,002806_Documents_notarials_II_Sant_Feliu_de_Gui.out.txt,"Sala, Marià Josep","[Documents notarials, II. Sant Feliu de Guíxols]",1846,NLIT,,no,central,1887
767,000767_Documents_per_l_estudi_de_la_variacio_de.out.txt,"Sagarra i de Castellarnau, Ignasi de",Documents per l'estudi de la variació dels lepidòpters catalans,1924,NLIT,,no,central,3948
2330,002330_Catalunya_Sas_excellencias.out.txt,M. R. B.,Catalunya. Sas excel·lencias,1843,NLIT,,no,central,3128
2602,002602_L_irradiador_del_port_i_les_gavines.out.txt,"Salvat-Papasseit, Joan","L'irradiador del port, i les gavines",1921,LIT,P,no,central,2745
3137,003137_La_casa_de_despesas_o_sea_la_calumnia_de.out.txt,"Renart i Arús, Francesc","La casa de despesas, ó sea: la calumnia descubierta",1839,LIT,T,no,central,5885
1645,001645_L_equilibri_en_la_gerarquia_industrial.out.txt,"Torras i Bages, Josep",L'equilibri en la gerarquía industrial,1902,NLIT,,no,central,10251
2518,002518_Memoria_en_defensa_dels_interessos_moral.out.txt,Anònim,Memoria en defensa dels interessos morals y materials de Catalunya,1885,NLIT,,no,central,43165
460,000460_L_indumentaria_liturgica.out.txt,"Gudiol i Cunill, Josep",L'indumentaria litúrgica,1918,NLIT,,no,central,12357
3110,003110_Pirinenques.out.txt,"Navarro, Antoni",Pirinenques,1903,LIT,P,no,nord-occidental,6099
2108,002108_Memoria_biografica_de_Joaquim_Maria_Bart.out.txt,"Roca i Roca, Josep",Memoria biogràfica de Joaquim María Bartrina y d'Aixemús,1916,NLIT,,no,central,6899
2097,002097_Biografia_de_D_Joan_Mane_y_Flaquer.out.txt,"Maragall, Joan",Biografia de D. Joan Mañé y Flaquer,1912,NLIT,,no,central,17541
1896,001896_Les_orientacions.out.txt,"Gual, Adrià",Les orientacions,1911,NLIT,,no,central,11078
338,000338_Problemes_alimentaris_que_planteja_la_gu.out.txt,Generalitat de Catalunya,Problemes alimentaris que planteja la guerra,1937,NLIT,,no,central,12301
2014,002014_Llicencia_per_a_demanar_i_recollir_carit.out.txt,"Andreu, Salvador",[Llicència per a demanar i recollir caritats],1834,NLIT,,no,central,296
545,000545_Normes_del_comerciant.out.txt,"Carrasco i Formiguera, Manuel",Normes del comerciant,1928,NLIT,,no,central,12132
3374,003374_Fabulas_en_vers_mallorqui.out.txt,"Aguiló i Cortès, Tomàs",Fábulas en vers mallorqui,1846,LIT,P,no,baleàric,5196
1801,001801_Curs_de_geologia_dinamica_y_estratigrafi.out.txt,"Font i Sagué, Norbert",Curs de geología dinàmica y estratigràfica aplicada a Catalunya,1905,NLIT,,no,central,85958
1745,001745_L_art_en_el_temple.out.txt,"Casanovas, Ignasi",L'art en el temple,1913,NLIT,,no,central,10640
3313,003313_La_pena_de_mort.out.txt,"Alomar, Gabriel",La pena de mort,1912,LIT,A,no,baleàric,5245
1640,001640_Conferencia_sobre_l_Accio_Catolica_Socia.out.txt,"Monserdà, Dolors",Conferencia sobre l'Acció Católica Social femenina,1910,NLIT,,no,central,4267
1607,001607_La_llibertat_en_la_lley_civil.out.txt,"Abadal i Calderó, Ramon d'",La llibertat en la lley civil,1905,NLIT,,no,central,10957
770,000770_Illuminacio_per_incandescencia.out.txt,Extensió d'Ensenyament Tècnic,Il·luminació per incandescència,1918,NLIT,,no,central,20307
2111,002111_La_personalitat_del_Dr_Torras_i_Bages.out.txt,"Bofill i Mates, Jaume",La personalitat del Dr. Torras i Bages,1917,NLIT,,no,central,3745
1760,001760_Sismologia_catalana.out.txt,"Faura i Sans, Marià",Sismología catalana,1913,NLIT,,no,central,6210
1848,001848_Fora_de_la_iglesia_catolica_no_hi_ha_sal.out.txt,"Martí i Trenchs, Joan",Fora de la iglesia católica no hi ha salvació,1887,NLIT,,no,central,6382
3164,003164_Bernat_pescayre.out.txt,"Riera i Bertran, Joaquim",Bernat pescayre,1875,LIT,T,no,central,9502
1484,001484_Nobiliari_targari.out.txt,"Sarret i Pons, Lluís",Nobiliari targarí,1931,NLIT,,no,nord-occidental,2947
1863,001863_La_poesia_catalana_a_Sardenya.out.txt,"Toda i Güell, Eduard",La poesía catalana á Sardenya,1888,NLIT,,no,central,9614
3311,003311_De_rebot.out.txt,"Dimas i Graells, Joaquim",De rebot,1877,LIT,T,no,central,5194
1843,001843_Breu_compendi_de_la_historia_de_la_liter.out.txt,"Font i Sagué, Norbert",Breu compendi de la historia de la literatura catalana,1900,NLIT,,no,central,9081
641,000641_Les_goles_de_l_Ebre.out.txt,Mancomunitat de Catalunya,Les goles de l'Ebre,1923,NLIT,,no,central,12476
2308,002308_Discurs_pronunciat_en_la_sessio_inaugura.out.txt,"Picó i Campamar, Ramon",Discurs pronunciat en la sessió inaugural que celebrá La Jove Catalunya,1873,NLIT,,no,baleàric,6778
3163,003163_L_escanya-pobres.out.txt,"Oller, Narcís",L'escanya-pobres,1884,LIT,N,no,central,22272
2740,002740_Jesus_que_torna.out.txt,"Guimerà, Àngel",Jesús que torna,1917,LIT,T,no,central,26473
1742,001742_Manual_de_sindicats_agricols_y_caixas_ru.out.txt,"Creus i Coromines, Teodor",Manual de sindicats agrícols y caixas rurals,1906,NLIT,,no,central,12182
1690,001690_Relacio_sobre_la_Vall_de_Andorra.out.txt,"Junoy, Tomàs",Relacio sobre la Vall de Andorra,1838,NLIT,,no,central,10271
3263,003263_L_aguelo_Pollastre.out.txt,"Bernat i Baldoví, Josep",L'agüelo Pollastre,1859,LIT,T,no,valencià,5779
465,000465_L_Urgell_centre_de_cria_i_recria_ramader.out.txt,"Rossell i Vilà, Pere Màrtir",L'Urgell: centre de cria i recria ramadera,1917,NLIT,,no,central,6959
2852,002852_Jordi_Dandin_o_el_marit_confus.out.txt,"Maseras i Galtés, Alfons","Jordi Dandin, o el marit confús",1932,LIT,T,sí,central,11688
1720,001720_Carta_pastoral.out.txt,"Campins i Barceló, Pere Joan",Carta pastoral,1899,NLIT,,no,baleàric,1672
113,000113_El_meu_amic_Pellini.out.txt,"Bertrana, Prudenci",El meu amic Pellini,1923,LIT,N,no,central,33490
2219,002219_Carta_a_Tomas_Forteza_6XI1893.out.txt,"Aguiló, Marià",[Carta a Tomàs Forteza (6/XI/1893)],1893,NLIT,,no,baleàric,242
580,000580_Pla_de_desenrotllament_de_la_produccio_a.out.txt,Generalitat de Catalunya,Pla de desenrotllament de la producció avícola de Catalunya: 1936-1940,1937,NLIT,,no,central,7592
2803,002803_Documents_notarials_I_Granadella.out.txt,"Prim, Josep","[Documents notarials, I. Granadella]",1845,NLIT,,no,nord-occidental,1545
1908,001908_Concepte_del_regionalisme_dintre_la_unit.out.txt,"Masferrer i Arquimbau, Francesc d'Assís",Concepte del regionalisme dintre la unitat de la patria,1888,NLIT,,no,central,10821
2274,002274_Novena_a_la_gloriosa_verge_y_martir_sant.out.txt,Anònim,Novena á la gloriosa verge y mártir santa Candia patrona de la vila de Falset,1885,NLIT,,no,nord-occidental,2517
3143,003143_El_cordo_de_la_vila.out.txt,"Penya i Nicolau, Pere d'Alcàntara",El cordó de la vila,1866,LIT,T,no,baleàric,10053
3197,003197_Lluhernas.out.txt,"Marinel·lo, Manuel",Lluhernas,1898,LIT,P,no,central,14027
3006,003006_La_Montserrat.out.txt,"Monserdà, Dolors",La Montserrat,1893,LIT,N,no,central,74051
2324,002324_Frenologia.out.txt,"Rodríguez, Josep Maria",Frenología,1843,NLIT,,no,central,1771
2273,002273_Piados_novenari_a_Maria_santissima_del_C.out.txt,Anònim,Piadós novenari a Maria santíssima del Claustro de Solsona per alcansar la sua protecció soberana en totas las necessitats,1866,NLIT,,no,central,6374
1790,001790_Memoria.out.txt,Sindicat Agrícola Catòlic de Santa Coloma de Queralt,Memoria,1909,NLIT,,no,central,1892
357,000357_Ciutada_que_has_de_fer_davant_la_guerra_.out.txt,Generalitat de Catalunya,Ciutadà: què has de fer davant la guerra aèria?,1937,NLIT,,no,central,8531
3344,003344_Poesias.out.txt,"Estorch i Siqués, Pau",Poesias,1851,LIT,P,no,central,11827
115,000115_Maria_Gloria.out.txt,"Monserdà, Dolors",María Gloria,1917,LIT,N,no,central,41010
2660,002660_Satires.out.txt,"Bofill i Mates, Jaume",Sàtires,1929,LIT,P,no,central,21894
1860,001860_Carta_pastoral_ab_motiu_del_present_temp.out.txt,"Rigualt i Soler, Tomàs d'A.",Carta pastoral... ab motiu del present temps de Quaresma. Any 1891,1891,NLIT,,sí,central,8676
3053,003053_Compendi_de_la_historia_de_Espanya.out.txt,"Junoy, Tomàs",Compendi de la historia de Espanya,1839,LIT,P,no,central,25102
2792,002792_Documents_notarials_I_Vila_de_Torres.out.txt,"Sapiens, Bartomeu","[Documents notarials, I. Vila de Torres]",1842,NLIT,,no,nord-occidental,677
3283,003283_La_Atlantida.out.txt,"Verdaguer, Jacint",La Atlántida,1878,LIT,P,no,central,22653
471,000471_Les_societats_de_responsabilitat_limitad.out.txt,"Pelegrí i Nicolau, Joan",Les societats de responsabilitat limitada en el nostre país,1917,NLIT,,no,central,6765
3260,003260_La_por_guarda_la_vinya.out.txt,"Fontova, Lleó",La pór guarda la vinya,1866,LIT,T,no,central,7110
3022,003022_Benet_Roure.out.txt,"Nadal i Canudas, Lluís Bertran",Benet Roure,1887,LIT,N,no,central,15712
733,000733_Resum_de_botanica.out.txt,"Barnola i Escrivà de Romaní, Joaquim Maria",Resum de botànica,1918,NLIT,,no,central,14737
373,000373_El_comerc_i_la_cultura.out.txt,"Perpiñà i Pujol, Joan",El comerç i la cultura,1930,NLIT,,no,central,10128
2073,002073_Lo_cami_de_la_fortuna_consells_breus_y_s.out.txt,"Vidal i de Valenciano, Gaietà",Lo camí de la fortuna: consells brèus y senzills pera esser rich,1868,NLIT,,sí,central,4993
1900,001900_De_poetisacio.out.txt,"Alomar, Gabriel",De poetisació,1908,NLIT,,no,baleàric,6392
3135,003135_Els_calsons_de_mestre_Lluch_o_sia_qui_no.out.txt,"Ferrà i Perelló, Bartomeu",Els calsons de mestre Lluch ò sia qui no está avesat á dú bragues ses costures li fán llagues,1871,LIT,T,no,baleàric,9739
3154,003154_Els_idols.out.txt,"Karr i Alfonsetti, Carme",Els ídols,1911,LIT,T,no,central,5897
2070,002070_Discurs.out.txt,"Verdaguer, Jacint",Discurs,1881,NLIT,,no,central,3730
2712,002712_Entremes_d_en_Roago_Florit_y_na_Faldo.out.txt,"Mut, Tomàs",Entremes d'en Roagó Florit y na Faldó,1846,LIT,T,no,baleàric,6647
3336,003336_Mar_y_cel.out.txt,"Guimerà, Àngel",Mar y cel,1888,LIT,T,no,central,17796
3275,003275_Romans_llegit_a_l_ombra_de_la_Font_del_D.out.txt,"Verdaguer, Jacint",Romans llegit á l'ombra de la Font del Desmay,1869,LIT,P,no,central,1687
2415,002415_Cartes_a_Amador_Romani_i_Guerra_1909.out.txt,"Font i Sagué, Norbert",[Cartes a Amador Romaní i Guerra (1909)],1909,NLIT,,no,central,534
1907,001907_La_raho_del_catalanisme.out.txt,"Coroleu i Inglada, Josep",La rahó del catalanisme,1886,NLIT,,no,central,5592
1999,001999_Discurs_y_memoria.out.txt,"Bofarull, Antoni de",Discurs y memoria,1883,NLIT,,no,central,4121
2365,002365_Carta_a_Josep_Carner_28X1922.out.txt,"Bofill i Mates, Jaume",[Carta a Josep Carner (28/X/1922)],1922,NLIT,,no,central,675
431,000431_Sintesi_del_criteri_valencianista.out.txt,"Martínez Ferrando, Eduard",Síntesi del criteri valencianista,1918,NLIT,,no,valencià,4837
722,000722_El_drago.out.txt,"Tarré i Tarré, Emili",El dragó,1913,NLIT,,no,central,1909
3141,003141_Una_nit_de_carnaval.out.txt,"Dimas i Graells, Joaquim",Una nit de carnaval,1862,LIT,T,no,central,5294
3056,003056_La_canso_del_pros_Bernat_fill_de_Ramon.out.txt,"Milà i Fontanals, Manuel",La cansó del pros Bernat fill de Ramon,1867,LIT,P,no,central,3090
1851,001851_Las_quatre_estacions_del_any_segons_llur.out.txt,"Cuní i Martorell, Miquel",Las quatre estacions del any segons llurs plantas é insectes més característichs en la baixa Catalunya,1886,NLIT,,no,central,4454
1608,001608_Una_orientacio_sobre_l_problema_dels_cap.out.txt,"Monserdà, Dolors",Una orientació sobre'l problema dels captayres,1906,NLIT,,no,central,2991
3385,003385_A_Deu_a_la_Sra_Dona_Antonia_de_Montenegr.out.txt,"Villarroya, Tomàs",¡A Deu!: a la Sra. Doña Antonia de Montenegro,1841,LIT,P,no,valencià,365
1726,001726_La_nacionalitat_catalana.out.txt,"Prat de la Riba, Enric",La nacionalitat catalana,1906,NLIT,,no,central,22592
1904,001904_Lo_segell_de_S_Bernat_Calvo_bisbe_de_Vic.out.txt,"Sagarra i de Siscar, Ferran de","Lo segell de S. Bernát Calvó, bisbe de Vich",1893,NLIT,,no,central,3451
1946,001946_Datos_pera_la_historia_de_les_creus_de_p.out.txt,"Font i Sagué, Norbert",Datos pera la historia de les creus de pedra de Catalunya,1894,NLIT,,no,central,16144
3173,003173_Aubada_i_posta.out.txt,"Cavallé, Pere",Aubada i posta,1906,LIT,T,no,central,15962
2095,002095_Ressenya_biografica_de_fra_Agusti_Canell.out.txt,"Ricart i Giralt, Josep",Ressenya biográfica de fra Agustí Canellas,1882,NLIT,,no,central,4067
1408,001408_Resum_de_geografia_d_Europa.out.txt,"Palau Vera, Joan",Resum de geografia d'Europa,1915,NLIT,,no,central,9443
1597,001597_Breve_compendi_de_la_doctrina_cristiana.out.txt,"Arduino, Pere Rafel",Breve compendi de la doctrina cristiana,1850,NLIT,,no,alguerès,5546
146,000146_L_os_benemerit_i_altres_besties.out.txt,"Bertrana, Prudenci",L'ós benemèrit i altres bèsties,1932,LIT,N,no,central,20701
2710,002710_Coriola.out.txt,"Morera Galícia, Magí",Coriolà,1915,LIT,T,sí,nord-occidental,29499
3118,003118_Lo_hermano_Bunol.out.txt,"Robrenyo, Josep",Lo hermano Buñol,1835,LIT,T,no,central,4599
3319,003319_La_sastreseta.out.txt,"Escalante, Eduard",La sastreseta,1867,LIT,T,no,valencià,5048
3076,003076_L_esca_del_pecat.out.txt,"Figuerola i Aldrofeu, Manuel",L'esca del pecat,1890,LIT,N,no,central,25353
223,000223_Les_coses_benignes.out.txt,"Ruyra, Joaquim",Les coses benignes,1925,LIT,N,no,central,23370
2265,002265_Societat_Espiritual_de_Pias_y_Devotas_Do.out.txt,Anònim,"Societat Espiritual de Pias y Devotas Donas, per honrar la santa modestia de Maria santíssima",1859,NLIT,,no,central,3809
1994,001994_Memoria.out.txt,"Bofarull, Antoni de",Memoria,1859,NLIT,,no,central,8038
1122,001122_Teoria_de_la_musica_Primera_part.out.txt,"Lambert i Caminal, Joan Baptista",Teoria de la música (Primera part),1919,NLIT,,no,central,3072
1930,001930_La_novela_catalana.out.txt,"Fortuny i Miralles, Carles de",La novela catalana,1912,NLIT,,no,central,6443
3012,003012_La_roja.out.txt,"Briz, Francesc Pelagi",La roja,1876,LIT,N,no,central,41646
2080,002080_Ressenya_en_defensa_de_las_vinyas_a_raba.out.txt,Anònim,Ressenya en defensa de las vinyas á rabassa morta y modo práctich de amillararlas,1861,NLIT,,no,central,7033
2267,002267_Novena_al_glorios_bisbe_y_martir_san_Mar.out.txt,Anònim,"Novena al glorios bisbe y mártir san Martiriá, patró de Bañolas y sa comarca",1853,NLIT,,no,central,6632
3370,003370_Dintre_la_gabia.out.txt,"Tintorer i Vilaseca, Emili; Pujulà i Vallès, Frederic",Dintre la gabia,1906,LIT,T,no,central,3774
772,000772_Dibuix_geometric.out.txt,Extensió d'Ensenyament Tècnic,Dibuix geomètric,1918,NLIT,,no,central,15995
2676,002676_Poesies.out.txt,"Torres, Màrius",Poesies,1947,LIT,P,no,nord-occidental,11664
2347,002347_Carta_a_Josep_Yxart_9IV1889.out.txt,"Bosch de la Trinxeria, Carles",[Carta a Josep Yxart (9/IV/1889)],1889,NLIT,,no,septentrional,379
2477,002477_Lley_hipotecaria.out.txt,Anònim,Lley hipotecaria,1865,NLIT,,no,central,1387
3188,003188_La_familia_del_Mas_dels_Salzers.out.txt,"Vidal i de Valenciano, Gaietà",La familia del Mas dels Salzers,1880,LIT,N,no,central,22767
3276,003276_A_ma_patria.out.txt,"Tarongí, Josep",A ma patria,1875,LIT,P,no,baleàric,988
1796,001796_Llissons_teoricas_y_practicas_de_entomol.out.txt,"Cuní i Martorell, Miquel",Llissons teóricas y prácticas de entomología,1902,NLIT,,no,central,9802
1979,001979_Discurs_llegit_en_la_festa_de_reparticio.out.txt,"Valls i Vicens, Josep Maria",Discurs llegit en la festa de repartició de premis del Centro Catalanesch,1878,NLIT,,no,central,3463
2397,002397_Carta_a_Guillem_d_Areny_11X1840.out.txt,"Tàpies, Ramon",[Carta a Guillem d'Areny (11/X/1840)],1840,NLIT,,no,nord-occidental,83
1982,001982_Los_clubs_alpins_y_las_associacions_d_ex.out.txt,"Arabia i Solanas, Ramon",Los clubs alpins y las associacions d'excursions,1879,NLIT,,no,central,17010
651,000651_D_epistemologia.out.txt,"Bertomeu Font, Albert",D'epistemologia,1926,NLIT,,no,central,3116
2789,002789_Documents_notarials_III_La_Seu_d_Urgell.out.txt,"Gual, Esteve","[Documents notarials, III. La Seu d'Urgell]",1839,NLIT,,no,nord-occidental,856
3064,003064_Perlas_catalanas.out.txt,"Masriera i Colomer, Artur",Perlas catalanas,1878,LIT,N,no,central,6671
2230,002230_Carta_a_Ernest_Moline_i_Brases_23V1908.out.txt,"Obrador i Bennàssar, Mateu",[Carta a Ernest Moliné i Brasés (23/V/1908)],1908,NLIT,,no,baleàric,432
2835,002835_De_plaer_no_n_hi_ha_mai_prou.out.txt,"Corominas, Pere",De plaer no n'hi ha mai prou,1927,LIT,T,no,central,12735
1787,001787_Relacio_inform_o_memoria_del_projecte_de.out.txt,Ajuntament de Vilanova i la Geltrú,"Relació, inform ó memoria... del projecte de aprofitar las aiguas del riu Foix, per medi de un estany o pantano pera regar las terras de aquesta vila, y las de S. Pere de Ribas, Cubellas y Cunit",1905,NLIT,,no,central,4961
2896,002896_Josep_II_rei.out.txt,"Bertrana, Prudenci","Josep II, rei",1934,LIT,T,no,central,10455
2327,002327_Catalunya_Varios_noms_que_ha_tingut_sos_.out.txt,M. R. B.,Catalunya. Varios noms que ha tingut: sos límits y circumferencia,1843,NLIT,,no,central,1638
300,000300_Defectes_del_parlar.out.txt,"Barnils, Pere",Defectes del parlar,1930,NLIT,,no,central,47512
3285,003285_La_dona.out.txt,"Fayos Antony, Francesc",La dona,1880,LIT,A,no,valencià,3447
812,000812_L_ideari_de_la_teosofia.out.txt,Anònim,L'ideari de la teosofia,1927,NLIT,,sí,central,6924
304,000304_Breu_estudi_critic_del_filosof_catala_Ra.out.txt,"Avinyó i Andreu, Joan",Breu estudi crític del filòsof català Ramon Sibiuda,1935,NLIT,,no,central,12237
3309,003309_Andronica.out.txt,"Guimerà, Àngel",Andrónica,1905,LIT,T,no,central,16402
3333,003333_L_aguelo_Cuc.out.txt,"Escalante, Eduard; Balader i Sanchis, Joaquim",L'aguelo Cuc,1877,LIT,T,no,valencià,5364
2210,002210_Reglament_per_al_regim_del_cos_de_bomber.out.txt,Ajuntament de Reus,Reglament per al règim del cos de bombers de la ciutat de Reus,1930,NLIT,,no,central,2442
2795,002795_Documents_notarials_IV_Barcelona.out.txt,"Andreu, Josep","[Documents notarials, IV. Barcelona]",1844,NLIT,,no,central,2735
3297,003297_Les_albes_de_la_vida.out.txt,"Corominas, Pere",Les albes de la vida,1908,LIT,A,no,central,16157
1783,001783_Gramatica_catalana_grafia_elemental.out.txt,"Poal i Jofresa, Josep",Gramática catalana: grafia elemental,1901,NLIT,,no,central,37084
1680,001680_Lo_regionalisme_esplicat.out.txt,"Flos i Calcat, Francesc",Lo regionalisme esplicat,1895,NLIT,,no,central,8902
1888,001888_Sant_Pere_de_Roda.out.txt,"Falguera i Sivilla, Antoni de",Sant Pere de Roda,1906,NLIT,,no,central,6690
2819,002819_Dels_testaments.out.txt,"Vilardebò, Sebastià",Dels testaments,1837,NLIT,,no,central,2865
2465,002465_Treballs_de_l_any.out.txt,"Milà de la Roca, Josep Nicasi",[Treballs de l'any],1845,NLIT,,no,central,1214
3063,003063_Los_comediants_del_segon_pis.out.txt,"Riera i Bertran, Joaquim",Los comediants del segon pis,1874,LIT,N,no,central,12031
2952,002952_Luter.out.txt,"Rubió i Ors, Joaquim",Luter,1888,LIT,T,no,central,36734
2759,002759_Quadern_IV_y_suplement_a_la_cuynera_cata.out.txt,D. A. S.; J. B.,"Quadern IV y suplement á la cuynera catalana, ó sia tractat de rebosteria",1837,NLIT,,no,central,14990
505,000505_Contribucio_a_l_osteologia_comparada_del.out.txt,"Rossell i Vilà, Pere Màrtir",Contribució a l'osteologia comparada del cavall i de l'ase. Zootècnia de la raça asinal catalana,1921,NLIT,,no,central,17096
2107,002107_Biografia_de_D_Josep_A_Santigosa_i_Vestr.out.txt,"Mestre i Noè, Francesc",Biografia de D. Josep A. Santigosa i Vestraten,1923,NLIT,,no,nord-occidental,5797
3162,003162_Els_sepulcres_blancs.out.txt,"Brossa i Roger, Jaume",Els sepulcres blancs,1900,LIT,T,no,central,14948
2208,002208_Reglament_de_l_assistencia_medic-farmace.out.txt,Ajuntament de Reus,Reglament de l'assistencia médic-farmacéutica domiciliaria gratuita i de policia sanitaria de la ciutat de Reus,1915,NLIT,,no,central,3626
760,000760_Explicacio_del_catecisme_de_la_doctrina_.out.txt,"Comerma Vilanova, Josep",Explicació del catecisme de la doctrina cristiana per a adults. Segona part: moral,1933,NLIT,,no,central,40497
2890,002890_Cartilla_rural_en_aforismes_catalans.out.txt,"Fages de Romà, Narcís",Cartilla rural en aforismes catalans,1849,LIT,P,no,central,11558
2744,002744_La_barca_dels_afligits.out.txt,"Mestres, Apel·les",La barca dels afligits,1916,LIT,T,no,central,4893
2929,002929_Las_esposallas_de_la_morta.out.txt,"Balaguer, Víctor",Las esposallas de la morta,1879,LIT,T,no,central,6743
508,000508_Treballs_de_lluita_antituberculosa_1919-.out.txt,Mancomunitat de Catalunya,Treballs de lluita antituberculosa: 1919-1922,1923,NLIT,,no,central,2097
3010,003010_Lo_Bruch.out.txt,"Feliu i Codina, Josep",Lo Bruch,1880,LIT,N,no,central,43271
3290,003290_Lo_rondallayre_III.out.txt,"Maspons i Labrós, Francesc","Lo rondallayre, III",1875,LIT,N,no,central,41053
447,000447_Petites_notes_sobre_la_banca_en_el_prese.out.txt,"Recasens i Mercadé, Eduard",Petites notes sobre la banca en el present i en l'avenir,1918,NLIT,,no,central,7231
1835,001835_Unificacio_depuracio_y_expansio_de_la_ll.out.txt,"Casadesús i Vila, Josep","Unificació, depuració y expansió de la llengua catalana literaria",1911,NLIT,,no,central,8368
1823,001823_Discurs.out.txt,"Rusiñol, Santiago",Discurs,1896,NLIT,,no,central,2051
1124,001124_Anuari_1923.out.txt,Federació Catalana de Natació Amateur,Anuari 1923,1923,NLIT,,no,central,7898
678,000678_Dialectes_catalans.out.txt,"Barnils, Pere",Dialectes catalans,1919,NLIT,,no,central,2599
532,000532_Fortificacio_de_campanya.out.txt,Exèrcit Català,Fortificació de campanya,1925,NLIT,,no,central,4969
724,000724_El_llop.out.txt,"Tarré i Tarré, Emili",El llop,1914,NLIT,,no,central,2400
2124,002124_Instruccions_generals_sobre_l_modo_de_pr.out.txt,"Batista Foix, Joan",Instruccions generals sobre'l modo de preservarse del cólera-morbo epidémich,1834,NLIT,,sí,central,11110
2756,002756_La_cuinera_catalana_Quadern_I.out.txt,Anònim,La cuinera catalana. Quadern I,1835,NLIT,,no,central,11390
1845,001845_Una_excursio_a_Montserrat.out.txt,"Cuní i Martorell, Miquel",Una excursió á Montserrat,1888,NLIT,,no,central,9741
3160,003160_La_bona_gent.out.txt,"Rusiñol, Santiago",La bona gent,1906,LIT,T,no,central,25204
2304,002304_Guia_del_congregant_de_Maria_santissima_.out.txt,Anònim,"Guia del congregant de Maria santissima, baix invocació de la Immaculada Concepció",1857,NLIT,,no,central,13270
2361,002361_Cartes_a_Antoni_Maria_Alcover_1915.out.txt,"Barnils, Pere",[Cartes a Antoni Maria Alcover (1915)],1915,NLIT,,no,central,1025
499,000499_El_metode_objectiu.out.txt,"Turró, Ramon",El mètode objectiu,1927,NLIT,,no,central,15775
3036,003036_Els_sots_ferestechs.out.txt,"Casellas, Raimon",Els sots feréstechs,1901,LIT,N,no,central,42887
3328,003328_La_quinta_o_sia_D_Jusep_Buscalas-totas.out.txt,Anònim,"La quinta, ó sía D. Jusep Buscalas-totas",1860,LIT,T,no,central,2150
2934,002934_L_auca_del_senyor_Esteve.out.txt,"Rusiñol, Santiago",L'auca del senyor Esteve,1917,LIT,T,no,central,24780
2782,002782_Documents_notarials_I_Ordino.out.txt,"Palmitjavila i Areny, Tomàs","[Documents notarials, I. Ordino]",1835,NLIT,,no,nord-occidental,791
3093,003093_Jesus_infant_Nazareth.out.txt,"Verdaguer, Jacint",Jesús infant. Nazareth,1890,LIT,P,no,central,6885
2264,002264_Devot_exercici_en_obsequi_del_Sagrat_Cor.out.txt,Anònim,"Devot exercici en obsequi del Sagrat Cor de Jesus, per desagraviarlo dels ultratges que se li fan principalment en los dias de carnestoltas",1835,NLIT,,no,central,2321
3011,003011_Julita.out.txt,"Genís i Aguilar, Martí",Julita,1874,LIT,N,no,central,59940
1840,001840_Notes_referents_als_segells_del_rei_Mart.out.txt,"Sagarra i de Siscar, Ferran de",Notes referents als segells del rei Martí,1911,NLIT,,no,central,5258
2091,002091_Reglament_de_la_Associacio_Catalanista_d.out.txt,Associació Catalanista d'Excursions Científiques,Reglament de la Associació Catalanista d'Excursions Científicas,1879,NLIT,,no,central,1886
158,000158_L_idilli_d_en_Temme.out.txt,"Ruyra, Joaquim",L'idil·li d'en Temme,1920,LIT,N,no,central,25147
159,000159_Memories_d_un_noy_de_Vich.out.txt,"Collell, Jaume",Memories d'un noy de Vich,1908,LIT,N,no,central,14594
1649,001649_Estudi_feminista.out.txt,"Monserdà, Dolors",Estudi feminista,1909,NLIT,,no,central,18679
510,000510_La_investigacio_clinica_i_els_seus_auxil.out.txt,"Freixas i Freixas, Joan",La investigació clínica i els seus auxiliars en el diagnóstic de la tuberculosi pulmonar,1922,NLIT,,no,central,7119
2818,002818_Nova_coleccio_de_reduccions.out.txt,Anònim,Nova colecció de reduccions,1841,NLIT,,no,central,4533
2271,002271_Avisos_saludables_a_las_donsellas_o_sia_.out.txt,"Claret i Clarà, Antoni Maria","Avisos saludables á las donsellas, ó sia carta esperitual que escrigué á una germana seva",1845,NLIT,,no,central,8439
2780,002780_Documents_notarials_I_Constanti.out.txt,"Puñet, Francesc","[Documents notarials, I. Constantí]",1834,NLIT,,no,central,963
1105,001105_Els_jocs_de_pilota.out.txt,"Elias i Juncosa, Josep",Els jocs de pilota,1916,NLIT,,no,central,7120
3310,003310_a_la_voreta_del_mar.out.txt,"Calvet de Budallés, Damas",Á la voreta del mar,1874,LIT,T,no,central,2164
1758,001758_L_excursionisme_cientifich.out.txt,"Font i Sagué, Norbert",L'excursionisme científich,1902,NLIT,,no,central,15824
1633,001633_Instruccions_dirigides_als_relligiosos_m.out.txt,"Campreciós i Bosch, Pere","Instruccións dirigides als relligiosos menors-caputxíns de la provincia de la Mare de Deu, de Catalunya",1910,NLIT,,no,central,13428
731,000731_La_lludria.out.txt,"Tarré i Tarré, Emili",La llúdria,1918,NLIT,,no,central,2290
2562,002562_Breus_observacions_juridicas_sobre_la_or.out.txt,"Ramon i Vidales, Jaume",Breus observacions jurídicas sobre la organisació de la familia catalana,1883,NLIT,,no,central,6970
581,000581_Per_una_nova_organitzacio_de_la_producci.out.txt,Anònim,Per una nova organització de la producció i de la distribució agrícoles,1937,NLIT,,sí,central,8041
378,000378_De_la_meua_garbera.out.txt,"Pascual Tirado, Josep",De la meua garbera,1935,LIT,N,no,valencià,58686
3116,003116_Poesies.out.txt,"Maragall, Joan",Poesies,1895,LIT,P,no,central,4378
1611,001611_Epistemologia_balmesiana.out.txt,"Pelegrí i Torné, Bonaventura",Epistemologia balmesiana,1911,NLIT,,no,nord-occidental,30399
1991,001991_La_ciencia_astrologica_en_Catalunya.out.txt,"Fiter i Inglès, Josep",La ciencia astrológica en Catalunya,1875,NLIT,,no,central,3777
1338,001338_La_intelligencia_de_les_flors.out.txt,"Maseras i Galtés, Alfons",La intel·ligència de les flors,1930,LIT,A,sí,central,15687
1624,001624_Mon_nou_o_renovat_en_lo_moral_ab_lo_degu.out.txt,"Roquer, Josep","Mon nou, ó renovat en lo moral ab lo degut cuydado per acertar la elecció de estat",1844,NLIT,,no,central,20819
1601,001601_La_revindicacio_del_llenguatje_en_la_ens.out.txt,"Farnés i Badó, Sebastià",La revindicació del llenguatje en la ensenyansa primaria,1891,NLIT,,no,central,10810
3109,003109_Contes_vallespirenchs.out.txt,"Caseponce, Esteve",Contes vallespirenchs,1907,LIT,N,no,septentrional,47532
1368,001368_Resum_de_geografia_d_America.out.txt,"Palau Vera, Joan",Resum de geografia d'Amèrica,1916,NLIT,,no,central,7538
1987,001987_La_mestressa_industriosa_I.out.txt,"Gatell i Folch, Joan","La mestressa industriosa, I",1883,NLIT,,no,central,27498
3145,003145_Africa.out.txt,"Ferrer i Codina, Antoni",¡Africa!,1897,LIT,T,no,central,20375
530,000530_La_pesca_a_Catalunya.out.txt,"Roig i Raventós, Emerencià",La pesca a Catalunya,1927,NLIT,,no,central,24184
3136,003136_Milacre_que_sen_Vicent_Ferrer_eixecuta_e.out.txt,"Arolas, Joan",Milacre que sen Vicènt Ferrer eixecutá en la portería del convent de Predicadors de esta ciutat de Valencia en el añ 1412,1835,LIT,T,no,valencià,1683
2276,002276_Novena_a_santa_Filomena_verge_y_martir_d.out.txt,M. R.,"Novena a santa Filomena verge y martir, dita la taumaturga del sigle XIX",1836,NLIT,,sí,central,2369
145,000145_Jardins_de_Sant_Pol.out.txt,"Corominas, Pere",Jardins de Sant Pol,1927,LIT,A,no,central,26515
154,000154_Maximes_i_mals_pensaments.out.txt,"Rusiñol, Santiago",Màximes i mals pensaments,1927,LIT,N,no,central,4005
3345,003345_Poesias_Segon_repich.out.txt,"Estorch i Siqués, Pau",Poesias. Segon repich,1852,LIT,P,no,central,12022
2125,002125_Obligacions_que_tenen_de_cumplir_los_ser.out.txt,Ajuntament de Reus,Obligacións que tenen de cumplir los serenos de la vila de Reus,1833,NLIT,,no,central,1918
2298,002298_Novenari_per_implorar_la_proteccio_del_i.out.txt,Anònim,Novenari per implorar la protecció del invicto martyr y hermitá sant Magí,1834,NLIT,,no,central,1138
2747,002747_Coleccio_de_sermons_morals.out.txt,J. M. C. C.,Colecció de sermons morals,1867,NLIT,,no,central,15953
3265,003265_Poesias_fantasticas_en_mallorqui.out.txt,"Aguiló i Forteza, Tomàs",Poesías fantásticas en mallorquí,1852,LIT,P,no,baleàric,5870
3259,003259_Involucio.out.txt,"Albert i Pey, Salvador",Involució,1908,LIT,A,no,central,15231
3082,003082_Fullas.out.txt,"Briz, Francesc Pelagi",Fullas,1866,LIT,P,no,central,13862
2306,002306_Coleccio_de_remeis_per_diferentes_malalt.out.txt,Anònim,"Colecció de remeis per diferentes malaltias, tan de medicina com de cerurgia aprobats per los millós metges de Londres y París",1858,NLIT,,no,central,1858
1031,001031_Introduccio_analitica.out.txt,"Pena i Costa, Joaquim",Introducció analítica,1928,NLIT,,no,central,4411
442,000442_On_va_Catalunya.out.txt,"Domingo i Sanjuán, Marcel·lí",On va Catalunya?,1927,NLIT,,no,central,40047
147,000147_El_Genesi.out.txt,"Clascar, Frederic",El Gènesi,1914,LIT,N,sí,central,34331
1831,001831_Novas_cientifiques.out.txt,"Alsina i Parellada, Ferran",Novas científiques,1904,NLIT,,no,central,24273
2520,002520_Bases_pera_la_Constitucio_Regional_Catal.out.txt,Unió Catalanista,Bases pera la Constitució Regional Catalana,1893,NLIT,,no,central,1303
2228,002228_Carta_a_Joan_Oller_i_Rabassa_5III1904.out.txt,"Maragall, Joan",[Carta a Joan Oller i Rabassa (5/III/1904)],1904,NLIT,,no,central,201
120,000120_Croquis_pirenencs.out.txt,"Massó i Torrents, Jaume",Croquis pirenencs,1921,LIT,N,no,central,35243
427,000427_Les_joventuts_catalanes.out.txt,"Bofill i Mates, Jaume",Les joventuts catalanes,1919,NLIT,,no,central,5033
1857,001857_Ordinacions_dels_reverents_passioners_de.out.txt,Anònim,Ordinacions dels reverents passioners de la iglesia parroquial de Santa María del Mar de Barcelona,1887,NLIT,,no,central,943
3186,003186_Narracions_y_llegendas.out.txt,"Maspons i Labrós, Maria del Pilar",Narracions y llegendas,1874,LIT,N,no,central,27685
3337,003337_La_filla_del_mar.out.txt,"Guimerà, Àngel",La filla del mar,1900,LIT,T,no,central,24936
2823,002823_Documents_notarials_III_Girona.out.txt,"Lagrifa i de Bono, Ramon","[Documents notarials, III. Girona]",1854,NLIT,,no,central,1430
1781,001781_De_mas_excursions_en_Jaume_de_Ca_n_Valen.out.txt,"Osona, Artur",De mas excursions: en Jaume de Ca'n Valent,1895,NLIT,,no,central,6460
3037,003037_Plansons.out.txt,"Fayos Antony, Francesc",Plansons,1882,LIT,N,no,valencià,23497
3078,003078_Narracions_estranyes.out.txt,"Careta i Vidal, Antoni",Narracions estranyes,1905,LIT,N,no,central,27477
3066,003066_Estatuts_de_la_societat__Caps_de_Familia.out.txt,Societat 'Caps de Família' de Caldes d'Estrac,Estatuts de la societat 'Caps de Família' de Caldes d'Estrach,1933,NLIT,,no,central,1450
1488,001488_Catalunya_en_temps_de_la_revolucio_franc.out.txt,"Oliver, Miquel dels Sants",Catalunya en temps de la revolució francesa,1917,NLIT,,no,baleàric,35533
771,000771_Propietats_dels_materials.out.txt,Extensió d'Ensenyament Tècnic,Propietats dels materials,1918,NLIT,,no,central,17677
2620,002620_Imitacio_del_foc.out.txt,"Rosselló-Pòrcel, Bartomeu",Imitació del foc,1938,LIT,P,no,baleàric,3695
1776,001776_Analisis_fonologich-ortografich_de_la_ll.out.txt,"Nonell i Mas, Jaume",Análisis fonològich-ortográfich de la llènga catalana antiga y modèrna,1896,NLIT,,no,central,15641
3165,003165_L_emigrant.out.txt,"Gual, Adrià",L'emigrant,1901,LIT,T,no,central,18511
1847,001847_El_Estudi_General_o_Universitat_literari.out.txt,"Torroella i Bastons, Joan Baptista",El Estudi General ó Universitat literaria de Girona,1900,NLIT,,no,central,38938
384,000384_Records_vells_i_histories_noves.out.txt,"Poblet, Josep Maria",Records vells i històries noves,1941,LIT,N,no,central,15294
358,000358_Organitzacio_dels_serveis_sanitaris_regl.out.txt,Generalitat de Catalunya,Organització dels serveis sanitaris: regles higièniques que cal seguir en campanya,1937,NLIT,,no,central,28972
3044,003044_Vilaniu.out.txt,"Oller, Narcís",Vilaniu,1885,LIT,N,no,central,88202
2360,002360_Cartes_a_Antoni_Maria_Alcover_1914.out.txt,"Barnils, Pere",[Cartes a Antoni Maria Alcover (1914)],1914,NLIT,,no,central,530
2011,002011_Prolech.out.txt,"Briz, Francesc Pelagi",Prólech,1867,NLIT,,no,central,1900
3349,003349_Passio_de_nostre_senyor_Jesuchrist.out.txt,"Verdaguer, Jacint",Passió de nostre senyor Jesuchrist,1873,LIT,P,no,central,2027
2217,002217_Carta_a_angel_Guimera_8III1888.out.txt,"Soler, Frederic",[Carta a Àngel Guimerà (8/III/1888)],1888,NLIT,,no,central,923
2796,002796_Documents_notarials_I_La_Bisbal.out.txt,"Tomàs i Cortada, Ramon","[Documents notarials, I. La Bisbal]",1844,NLIT,,no,central,7078
1684,001684_L_instruccio_y_l_educacio_baix_el_punt_d.out.txt,"Salvat Espasa, Pau",L'instrucció y l'educació baix el punt de vista social,1904,NLIT,,no,central,5978
1144,001144_Memoria.out.txt,"Pena i Costa, Joaquim",Memòria,1921,NLIT,,no,central,3143
1988,001988_Prolech.out.txt,"Bergnes de las Casas, Antoni",Prólech,1875,NLIT,,no,central,3908
3346,003346_Poesias_Tercer_repich.out.txt,"Estorch i Siqués, Pau",Poesias. Tercer repich,1855,LIT,P,no,central,10515
425,000425_La_politica_contemporania_1848-1900.out.txt,"Reventós i Bordoy, Manuel",La política contemporània (1848-1900),1917,NLIT,,no,central,14386
2463,002463_Dels_primers_homens_que_poblaren_Catalun.out.txt,"Milà de la Roca, Josep Nicasi",Dels primers homens que poblaren Cataluña,1845,NLIT,,no,central,1868
3181,003181_Somni_de_primavera.out.txt,"Vidal i Rosich, Plàcid",Somni de primavera,1911,LIT,P,no,central,5002
2772,002772_Lo_quarto_dels_mals_endressos.out.txt,"Roure, Conrad",Lo quarto dels mals endressos,1894,LIT,T,no,central,5589
3187,003187_Questio_de_nom.out.txt,"Nadal i Canudas, Lluís Bertran",Qüestió de nom,1881,LIT,N,no,central,17755
59,000059_L_incendi_de_Manresa.out.txt,"Fius i Palà, Maurici",L'incéndi de Manresa,1890,LIT,T,no,central,18061
1062,001062_El_vol_d_una_canco.out.txt,"Pujol i Pons, Francesc",El vol d'una cançó,1930,NLIT,,no,central,13177
453,000453_El_municipi_com_a_govern.out.txt,"Lloret i Massaguer, Isidre",El municipi com a govern,1914,NLIT,,no,central,67647
463,000463_Piscicultura_industrial.out.txt,"Darder i Llimona, Francesc d'Asis",Piscicultura industrial,1915,NLIT,,no,central,8487
650,000650_Esquema_d_un_assaig_filosofic_sobre_el_p.out.txt,"Campreciós i Bosch, Pere",Esquema d'un assaig filosòfic sobre el problema del coneixement,1925,NLIT,,no,central,4037
713,000713_Assaig_critic_sobre_el_teatre_de_Moliere.out.txt,"Ruyra, Joaquim",Assaig crític sobre el teatre de Molière,1933,NLIT,,no,central,6196
3379,003379_Elogis.out.txt,"Maragall, Joan",Elogis,1912,LIT,A,no,central,17533
2469,002469_Calendari_del_pages.out.txt,Anònim,Calendari del pagés,1857,NLIT,,no,central,7058
410,000410_Els_catalans_i_el_comerc_modern.out.txt,"Carner i Romeu, Jaume",Els catalans i el comerç modern,1919,NLIT,,no,central,17881
1440,001440_Orige_i_significacio_del__Drach_alat__i_.out.txt,"Ivars Cardona, Andreu",Orige i significació del 'Drach alat' i del 'Rat Penat' en les insignies de la ciutat de València,1926,NLIT,,no,valencià,12562
1638,001638_Idees_que_matan_idees_que_vivifican.out.txt,"Torras i Bages, Josep",Idees que matan: idees que vivifican,1912,NLIT,,no,central,6053
1683,001683_Prolech.out.txt,"Maspons i Labrós, Francesc",Prólech,1884,NLIT,,no,central,4136
1746,001746_Festes_de_carrer.out.txt,"Bodría i Roig, Josep",Festes de carrer,1906,NLIT,,no,valencià,12718
3168,003168_Isabet_Besora_la_pastoreta_o_ja_sia_la_p.out.txt,"Gras i Ballvé, Pere",Isabet Besora la pastoreta ó ja sía la peste de Reus de 1592,1857,LIT,T,no,central,16688
518,000518_Treballs_de_cirurgia_abdominal_y_ginecol.out.txt,"Ribas Ribas, Enric",Treballs de cirurgia abdominal y ginecologia,1921,NLIT,,no,central,7860
3123,003123_Fontalegria.out.txt,"Crehuet, Pompeu",Fontalegría,1910,LIT,T,no,central,11278
3392,003392_Els_salms_de_David.out.txt,"Febrer i Cardona, Antoni",Els sálms de David,1840,LIT,P,sí,baleàric,3170
578,000578_L_alimentacio_de_l_aviram_en_temps_de_gu.out.txt,Generalitat de Catalunya,L'alimentació de l'aviram en temps de guerra,1937,NLIT,,no,central,5399
3156,003156_Un_pillo_y_els_chics_educats_en_la_casa_.out.txt,Anònim,Un pillo y els chics educats en la casa de benefisensia,1846,LIT,T,no,valencià,16911
1816,001816_La_bona_mort.out.txt,"Rigualt i Soler, Tomàs d'A.",La bona mort,1900,NLIT,,no,central,15393
3348,003348_Deu_y_lo_mon.out.txt,"Altet i Ruate, Benet",Deu y lo mon,1854,LIT,P,no,valencià,6107
466,000466_Los_recs_d_Urgell.out.txt,"Serra i Boldú, Valeri",Los recs d'Urgell,1914,NLIT,,no,nord-occidental,6771
3119,003119_El_estudian_magich_o_sia_l_anima_del_Sr_.out.txt,Anònim,El estudian magich (ó sia) l'anima del Sr. Llibori. Segona part,1845,LIT,T,no,central,3798
2702,002702_Al_llapis_y_a_la_ploma.out.txt,"Oller, Narcís",Al llapis y a la ploma,1918,LIT,N,no,central,45467
2105,002105_Descobriments_arqueologichs_de_Puig-Cast.out.txt,"Sagarra i de Siscar, Ferran de",Descobriments arqueológichs de Puig-Castellar,1906,NLIT,,no,central,6163
3271,003271_Coblas_fetas_sobre_la_vinguda_de_SS_MM_y.out.txt,"Cardona i Pons, Guillem",Coblas fetas sobre la vinguda de SS. MM. y Real familia en Mahó,1861,LIT,P,no,baleàric,2102
3086,003086_Horacianes.out.txt,"Costa i Llobera, Miquel",Horacianes,1906,LIT,P,no,baleàric,4323
3128,003128_No_es_or_tot_lo_que_llu.out.txt,"Baró, Teodor",No es or tot lo que llú,1872,LIT,T,no,central,6148
2193,002193_Elements_de_la_notaria.out.txt,"Sala, Marià Josep",Elements de la notaria,1834,NLIT,,no,central,12050
1830,001830_Reglament_interior_de_la_Societat_de_Geo.out.txt,Societat de Geografia Comercial,Reglament interior de la Societat de Geografia Comercial de Barcelona,1910,NLIT,,no,central,2495
1759,001759_Quadros_del_Sahara.out.txt,"Font i Sagué, Norbert",Qüadros del Sahara,1904,NLIT,,no,central,7796
2790,002790_Documents_notarials_IV_La_Seu_d_Urgell.out.txt,"Gual, Esteve","[Documents notarials, IV. La Seu d'Urgell]",1840,NLIT,,no,nord-occidental,1351
2120,002120_Siluetes_de_escriptors_catalans_del_sigl.out.txt,"Gras i Elias, Francesc",Siluetes de escriptors catalans del sigle XIX,1909,NLIT,,no,central,17929
1647,001647_De_la_fruicio_artistica.out.txt,"Torras i Bages, Josep",De la fruició artística,1894,NLIT,,no,central,11839
2221,002221_Carta_a_Francesc_Matheu_27II1895.out.txt,"Vidal, Pere",[Carta a Francesc Matheu (27/II/1895)],1895,NLIT,,no,septentrional,299
3018,003018_Cuentos.out.txt,"Penya i Nicolau, Pere d'Alcàntara",Cuentos,1884,LIT,N,no,baleàric,54794
160,000160_Cultura_de_llenguatge.out.txt,"Alcover, Joan",Cultura de llenguatge,1916,LIT,A,no,baleàric,6020
482,000482_El_coto_car.out.txt,Casa A. Gabarró García,El cotó car,1914,NLIT,,no,central,3441
1844,001844_Vuyt_dias_en_Camprodon_excursio_entomolo.out.txt,"Cuní i Martorell, Miquel",Vuyt dias en Camprodon: excursió entomológica y botánica,1889,NLIT,,no,central,13764
1800,001800_La_Republica_d_Andorra_guia_itineraria.out.txt,"Osona, Artur",La República d'Andorra: guía itineraria,1896,NLIT,,no,central,38819
3005,003005_Lo_coronel_d_Anjou.out.txt,"Briz, Francesc Pelagi",Lo coronel d'Anjou,1872,LIT,N,no,central,67618
2236,002236_Carta_a_Francesc_Matheu_29XII1916.out.txt,"Costa i Llobera, Miquel",[Carta a Francesc Matheu (29/XII/1916)],1916,NLIT,,no,baleàric,331
2010,002010_Teatre_catala.out.txt,"Maluquer Viladot, Joan",Teatre catalá,1878,NLIT,,no,central,10159
3368,003368_Lo_pinxo_de_la_Bordeta.out.txt,"Rius i Vidal, Àngel; Bonavia i Flores, Salvador",Lo pinxo de la Bordeta,1899,LIT,T,no,central,5223
3330,003330_En_les_festes_d_un_carrer.out.txt,"Liern i Cerach, Rafael Maria",En les festes d'un carrer,1861,LIT,T,no,valencià,7478
1118,001118_Ull_de_Ter.out.txt,Centre Excursionista de Catalunya,Ull de Ter,1918,NLIT,,no,central,2621
2351,002351_Cartes_a_Joan_Sarda_1894.out.txt,"Yxart, Josep",[Cartes a Joan Sardà (1894)],1894,NLIT,,no,central,4913
2761,002761_Lo_lliberalisme_es_pecat.out.txt,"Viada i Lluch, Lluís Carles",Lo lliberalisme es pecat,1885,NLIT,,sí,central,47854
2808,002808_Documents_notarials_II_Reus.out.txt,"Bassedas, Josep","[Documents notarials, II. Reus]",1849,NLIT,,no,central,1668
1846,001846_Una_excursio_sense_sortir_de_casa.out.txt,"Cuní i Martorell, Miquel",Una excursió sense sortir de casa,1890,NLIT,,no,central,8533
3303,003303_Lo_bram_del_ruch.out.txt,"Codolosa i Riera, Josep Maria",Lo bram del ruch,1883,LIT,T,no,central,6863
93,000093_En_Josepet_de_Sant_Celoni.out.txt,"Rusiñol, Santiago",En Josepet de Sant Celoni,1917,LIT,N,no,central,49903
2804,002804_Documents_notarials_II_Torres_de_Segre.out.txt,"Capdevila i Balasch, Agustí","[Documents notarials, II. Torres de Segre]",1845,NLIT,,no,nord-occidental,998
2099,002099_Don_Jeroni_Rossello.out.txt,"Alcover, Joan",Don Jeroni Rosselló,1900,NLIT,,no,baleàric,6040
1925,001925_Discurs.out.txt,"Pizcueta i Gallel, Fèlix",Discurs,1885,NLIT,,no,valencià,3581
1744,001744_L_ideal_del_sacerdot.out.txt,"Casanovas, Ignasi",L'ideal del sacerdot,1910,NLIT,,no,central,13040
2781,002781_Documents_notarials_I_La_Seu_d_Urgell.out.txt,"Gual, Esteve","[Documents notarials, I. La Seu d'Urgell]",1834,NLIT,,no,nord-occidental,627
3009,003009_Lo_llibre_de_l_infantesa.out.txt,"Thos i Codina, Terenci",Lo llibre de l'infantesa,1866,LIT,N,no,central,17200
1622,001622_Els_rayers.out.txt,"Rocafort i Sansó, Ceferí",Els rayers,1912,NLIT,,no,nord-occidental,4297
2805,002805_Documents_notarials_III_Andorra.out.txt,"Calvet i Serdaña, Pere","[Documents notarials, III. Andorra]",1846,NLIT,,no,nord-occidental,554
2122,002122_Biografia.out.txt,"Ribas Ribas, Enric",Biografia,1920,NLIT,,no,central,3198
2713,002713_La_noya_fugitiva.out.txt,"Cortada i Sala, Joan",La noya fugitiva,1834,LIT,P,sí,central,3268
801,000801_Memoria_breu.out.txt,Ateneu de Sant Lluís Gonzaga de St. Martí de Provençals,Memória breu,1922,NLIT,,no,central,2044
1623,001623_Estructura_mental_y_significacio_filosof.out.txt,"Clascar, Frederic",Estructura mental y significació filosófica de Balmes,1904,NLIT,,no,central,4292
1761,001761_Costums_tipicas_de_la_ciutat_de_Valls.out.txt,"Vidal i Rosich, Cosme",Costums típicas de la ciutat de Valls,1895,NLIT,,no,central,7479
2129,002129_Teatre_catala.out.txt,"Ubach i Vinyeta, Francesc",Teatre catalá,1876,NLIT,,no,central,11057
1827,001827_El_descans_dominical.out.txt,"Pont i Llodrà, Andreu",El descans dominical,1904,NLIT,,no,baleàric,13387
3114,003114_Llibre_d_horas.out.txt,"Mestres, Apel·les",Llibre d'horas,1899,LIT,P,no,central,2028
2793,002793_Ofici_de_la_Semmana_Santa.out.txt,"Vergés i Mirassó, Antoni",Ofici de la Semmana Santa,1874,NLIT,,sí,central,52849
2132,002132_Jofre_lo_Pelos.out.txt,"Cabot, Benvingut",Jofre lo Pelós,1893,NLIT,,no,central,3663
148,000148_Etapes_estetiques.out.txt,"Casellas, Raimon",Etapes estètiques,1916,LIT,A,no,central,51162
3073,003073_Aygo-forts.out.txt,"Maura i Montaner, Gabriel",Aygo-forts,1892,LIT,N,no,baleàric,27445
2321,002321_Agricultura_Del_blat.out.txt,"Roquer i Pagani, Pere",Agricultura. Del blat,1843,NLIT,,no,central,3104
1785,001785_En_Marian_Aguilo.out.txt,"Collell, Jaume",En Marian Aguiló,1899,NLIT,,no,central,5589
92,000092_L_altra_concordia.out.txt,"Bofill i Mates, Jaume",L'altra concòrdia,1930,LIT,A,no,central,28667
2474,002474_Del_ayre.out.txt,Anònim,Del ayre,1857,NLIT,,no,central,2666
2209,002209_Circulacio_urbana_de_la_ciutat_de_Reus_r.out.txt,Ajuntament de Reus,Circulació urbana de la ciutat de Reus: reglament,1933,NLIT,,no,central,2067
1056,001056_El_Gran_Teatre_del_Liceu_de_Barcelona_18.out.txt,"Bertrán, Marc-Jesús",El Gran Teatre del Liceu de Barcelona 1837-1930,1931,NLIT,,no,central,19417
2318,002318_Industria_catalana.out.txt,"Roquer i Pagani, Pere",Industria catalana,1843,NLIT,,no,central,2827
3391,003391_Los_fets_dels_apostols.out.txt,"Prat i Solà, Josep Melcior; Busanyà, Ramon",Los fets dels apóstols,1832,LIT,N,sí,central,23256
1682,001682_Lo_toch_de_mal_temps_y_los_conjurs_contr.out.txt,"Arabia i Solanas, Ramon",Lo toch de mal temps y los conjurs contra'ls temporals en lo Tirol,1884,NLIT,,sí,central,2637
419,000419_Dret_comarcal_gironi.out.txt,"Saguer i Olivet, Emili",Dret comarcal gironí,1934,NLIT,,no,central,9060
3199,003199_Flors_del_Calvari.out.txt,"Verdaguer, Jacint",Flors del Calvari,1896,LIT,P,no,central,13389
2220,002220_Carta_a_Salvador_Bover_14XI1895.out.txt,"Balari i Jovany, Josep",[Carta a Salvador Bover (14/XI/1895)],1895,NLIT,,no,central,198
2947,002947_El_fantasma_de_Montcorb.out.txt,"Bertrana, Prudenci",El fantasma de Montcorb,1930,LIT,T,no,central,19794
2344,002344_Cartes_a_Tomas_Forteza_1874.out.txt,"Picó i Campamar, Ramon",[Cartes a Tomàs Forteza (1874)],1874,NLIT,,no,baleàric,1400
3364,003364_Primera_conferencia.out.txt,"Karr i Alfonsetti, Carme",Primera conferencia,1910,LIT,A,no,central,7405
1788,001788_Reglamentacio_del_alletament_mercenari.out.txt,"Segalà Estalella, Manuel",Reglamentació del alletament mercenari,1907,NLIT,,no,central,1656
1941,001941_Discurs.out.txt,"Guimerà, Àngel",Discurs,1889,NLIT,,no,central,6859
2999,002999_Breu_noticia_sobre_lo_rey_Micomico.out.txt,"Terradas, Abdó",Breu noticia sobre lo rey Micomicó,1838,LIT,N,no,central,935
3021,003021_Recorts_de_la_darrera_carlinada.out.txt,"Vayreda, Marià",Recorts de la darrera carlinada,1898,LIT,N,no,central,36604
2448,002448_La_ciutat_d_ivori.out.txt,"Bofill i Mates, Jaume",La ciutat d'ivori,1918,LIT,P,no,central,3119
2932,002932_La_dida.out.txt,"Soler, Frederic",La dida,1872,LIT,T,no,central,26384
3318,003318_Cascarrabies.out.txt,"Millàs i Casanoves, Manuel",Cascarrábies,1889,LIT,T,no,valencià,4568
3008,003008_Escenes_castelloneses.out.txt,"Guinot i Vilar, Salvador",Escenes castelloneses,1905,LIT,N,no,valencià,10602
449,000449_Conferencies.out.txt,"Monserdà, Dolors",Conferencies,1916,NLIT,,no,central,12865
98,000098_L_illa_de_la_calma.out.txt,"Rusiñol, Santiago",L'illa de la calma,1922,LIT,N,no,central,53327
1872,001872_Ciutats_focenses_del_litoral_coseta.out.txt,"Gibert i Olivé, Agustí Maria",Ciutats focenses del litoral cosetá,1900,NLIT,,no,central,13402
1819,001819_Monografia_de_la_casa_palau_y_museu_del_.out.txt,"Puiggarí, Josep",Monografia de la casa palau y museu del Excm. Sr. D. Eusebi Güell y Bacigalupi,1894,NLIT,,no,central,6581
3127,003127_Angels_de_Deu.out.txt,"Carcassona, Bartomeu",¡Angels de Deu!,1867,LIT,T,no,central,9072
3278,003278_A_Barcelona.out.txt,"Verdaguer, Jacint",A Barcelona,1883,LIT,P,no,central,1678
3376,003376_El_cantor_de_l_ideal.out.txt,"Cortiella, Felip",El cantor de l'ideal,1901,LIT,A,no,central,4858
1935,001935_Presentacio_dels_pintors_cubistes.out.txt,Anònim,Presentació dels pintors cubistes,1912,NLIT,,sí,central,1387
538,000538_Les_arts_grafiques_i_la_publicitat.out.txt,"Bori, Rafael",Les arts gràfiques i la publicitat,1925,NLIT,,no,central,10625
1747,001747_Institucions_de_cultura_social.out.txt,"Montoliu, Cebrià de",Institucions de cultura social,1903,NLIT,,no,baleàric,38637
1990,001990_album_pintoresch-monumental_de_Catalunya.out.txt,Associació Catalanista d'Excursions Científiques,Álbum pintoresch-monumental de Catalunya: Montserrat,1881,NLIT,,no,central,7072
719,000719_El_gripau.out.txt,"Tarré i Tarré, Emili",El gripau,1911,NLIT,,no,central,2503
752,000752_Setmana_Santa.out.txt,"Forn, Josep",Setmana Santa,1925,NLIT,,sí,central,3851
2628,002628_Documents_notarials_I_Barcelona.out.txt,"Alsina, Anton","[Documents notarials, I. Barcelona]",1833,NLIT,,no,central,4180
2395,002395_Carta_a_Guillem_Barthomeu_9V1837.out.txt,Anton,[Carta a Guillem Barthomeu (9/V/1837)],1837,NLIT,,no,nord-occidental,233
3171,003171_El_futurisme.out.txt,"Alomar, Gabriel",El futurisme,1905,LIT,A,no,baleàric,14137
1613,001613_L_intellecte_grec_antic.out.txt,"Gener, Pompeu",L'intellecte grec antic,1905,NLIT,,no,central,19504
2822,002822_Documents_notarials_V_Barcelona.out.txt,"Andreu, Josep","[Documents notarials, V. Barcelona]",1854,NLIT,,no,central,3855
2072,002072_Consideracions_sobre_la_literatura_popul.out.txt,"Vidal i de Valenciano, Gaietà",Consideracions sobre la literatura popular catalana,1879,NLIT,,no,central,9975
1862,001862_Mes_de_juny_dedicat_al_Sagrat_Cor_de_Jes.out.txt,"Sardà i Salvany, Fèlix",Mes de juny dedicat al Sagrat Cor de Jesús,1893,NLIT,,no,central,15741
2720,002720_La_marmota.out.txt,"Roure, Conrad",La marmota,1887,LIT,T,no,central,5525
1626,001626_Que_es_la_masoneria.out.txt,"Torras i Bages, Josep",¿Qué es la masonería?,1884,NLIT,,no,central,17607
3307,003307_Mestre_Fornari.out.txt,"Penya i Nicolau, Pere d'Alcàntara",Mestre Fornari,1900,LIT,T,no,baleàric,5724
788,000788_L_Esglesia_la_llei_de_confessions_i_cong.out.txt,Foment de Pietat Catalana,"L'Església, la llei de confessions i congregacions religioses",1934,NLIT,,sí,central,15693
1225,001225_De_la_canco_popular_catalana.out.txt,"Millet i Pagès, Lluís",De la cançó popular catalana,1917,NLIT,,no,central,12785
783,000783_Mes_de_Maria_eucaristic.out.txt,"Otzet, Lluís G.",Mes de Maria eucarístic,1939,NLIT,,no,central,39955
3004,003004_Josafat.out.txt,"Bertrana, Prudenci",Josafat,1906,LIT,N,no,central,18263
637,000637_Harmonies_del_firmament.out.txt,"Rodés i Campderà, Lluís",Harmonies del firmament,1920,NLIT,,no,central,10765
420,000420_Dret_especial_de_la_Segarra.out.txt,"Faus i Condomines, Josep",Dret especial de la Segarra,1934,NLIT,,no,central,13514
3172,003172_Gala_Placidia.out.txt,"Guimerà, Àngel",Gala Placidia,1879,LIT,T,no,central,17040
817,000817_La_missa_I_L_altar_els_vasos_i_els_ornam.out.txt,"Clascar, Frederic","La missa. I, L'altar, els vasos i els ornaments sagrats",1919,NLIT,,no,central,15969
3157,003157_En_Pau_y_la_Pepa.out.txt,Anònim,En Pau y la Pepa,1845,LIT,T,no,central,1572
1101,001101_El_Montseny.out.txt,Centre Excursionista de Catalunya,El Montseny,1920,NLIT,,no,central,20214
3261,003261_La_millor_rao_el_trabuc.out.txt,"Palanca i Roca, Francesc",La millor raó el trabuc,1859,LIT,T,no,valencià,6067
3308,003308_L_apotecari_de_Malgrat.out.txt,"Baró, Teodor",L'apotecari de Malgrat,1900,LIT,T,no,central,4883
2398,002398_Carta_a_Guillem_de_Plandolit_i_d_Areny_8.out.txt,"Alamany, A.",[Carta a Guillem de Plandolit i d'Areny (8/X/1843)],1843,NLIT,,no,central,136
3058,003058_La_dama_negra.out.txt,"Pons i Massaveu, Joan",La dama negra,1898,LIT,N,no,central,17704
3121,003121_Los_contrabanders.out.txt,"Tastu, Josep",Los contrabanders,1833,LIT,P,no,septentrional,417
2224,002224_Carta_a_Francesc_Matheu_22III1910.out.txt,"Toda i Güell, Eduard",[Carta a Francesc Matheu (22/III/1910)],1910,NLIT,,no,central,279
2975,002975_Batalla_de_reynas.out.txt,"Soler, Frederic",Batalla de reynas,1887,LIT,T,no,central,21203
2396,002396_Carta_a_Andreu_de_Senaller_15XI1840.out.txt,"Montaner, F.",[Carta a Andreu de Senaller (15/XI/1840)],1840,NLIT,,no,nord-occidental,175
3190,003190_Isabel_de_Galceran.out.txt,"Oller, Narcís",Isabel de Galceran,1880,LIT,N,no,central,6819
501,000501_La_reproduccio_y_la_herencia_en_el_besti.out.txt,"Rossell i Vilà, Pere Màrtir",La reproducció y la herència en el bestiar,1922,NLIT,,no,central,24742
2367,002367_Carta_a_Antoni_Maria_Alcover_20II1924.out.txt,"Barnils, Pere",[Carta a Antoni Maria Alcover (20/II/1924)],1924,NLIT,,no,central,371
2086,002086_Prolech_III.out.txt,"Maspons i Labrós, Francesc","Prólech, III",1875,NLIT,,no,central,4910
1978,001978_La_festa_de_Sant_Pere_en_lo_castell_de_B.out.txt,"Balaguer i Merino, Andreu; Aulèstia i Pijoan, Antoni",La festa de Sant Pere en lo castell de Belloch,1877,NLIT,,no,central,2352
498,000498_Assaig_sobre_l_art_de_navegar_per_dessot.out.txt,"Rahola, Carles",Assaig sobre l'art de navegar per dessota l'aigua,1919,NLIT,,sí,central,26397
1410,001410_Ressenya_de_la_trovalla_de_sepultures_an.out.txt,"Guitart, Josep",Ressenya de la trovalla de sepultures antigues a Manresa,1916,NLIT,,no,central,3375
1739,001739_Institucions_de_Catalunya.out.txt,"Bové i Salvador, Salvador",Institucions de Catalunya,1894,NLIT,,no,central,66226
2827,002827_Documents_notarials_I_Andorra.out.txt,"Calvet i Armengol, Pere","[Documents notarials, I. Andorra]",1871,NLIT,,no,nord-occidental,954
3316,003316_Poesias_dedicadas_a_la_felis_memoria_del.out.txt,J. S.,Poesias dedicadas á la felís memoria del célebre y admirable predicador apostolich catalá mosen Anton Claret,1844,LIT,P,no,central,3275
1755,001755_L_anarquisme_contemporani_y_sos_factors.out.txt,"Sardà i Salvany, Fèlix",L'anarquisme contemporani y sos factors,1910,NLIT,,no,central,13663
1881,001881_Notes_preliminars.out.txt,"Carreras i Candi, Francesc",Notes preliminars,1912,NLIT,,no,central,3503
1106,001106_Com_es_confecciona_un_film.out.txt,"Massó Ventós, Josep",Com es confecciona un film,1918,NLIT,,no,central,7685
728,000728_L_isart.out.txt,"Tarré i Tarré, Emili",L'isart,1916,NLIT,,no,central,2813
3038,003038_Croquis_del_natural.out.txt,"Oller, Narcís",Cróquis del natural,1879,LIT,N,no,central,20961
1275,001275_Introduccio.out.txt,"Sagarra i de Siscar, Ferran de",Introducció,1915,NLIT,,no,central,39518
1795,001795_Recorts_d_una_exploracio_entomologica_en.out.txt,"Cuní i Martorell, Miquel",Recorts d'una exploració entomológica en Arbucias,1899,NLIT,,no,central,7003
2833,002833_Documents_notarials_III_Andorra.out.txt,"Calvet i Armengol, Pere","[Documents notarials, III. Andorra]",1878,NLIT,,no,nord-occidental,589
663,000663_Joves_y_vells.out.txt,"Vidal i Rosich, Cosme",Joves y vells,1917,NLIT,,no,central,9516
2467,002467_Equacio_del_temps.out.txt,"Roca, F.",Equació del temps,1834,NLIT,,no,central,10786
110,000110_Rurals_y_urbanes.out.txt,"Oller, Narcís",Rurals y urbanes,1916,LIT,N,no,central,44604
2604,002604_Selvatana_amor.out.txt,"Bofill i Mates, Jaume",Selvatana amor,1920,LIT,P,no,central,8482
2629,002629_Documents_notarials_I_Barcelona.out.txt,"Andreu, Josep","[Documents notarials, I. Barcelona]",1833,NLIT,,no,central,5698
1664,001664_Discurs-prolec.out.txt,"Miró i Borràs, Oleguer",Discurs-pròlec,1900,NLIT,,no,central,12182
3325,003325_Milacre_de_la_muda.out.txt,"Escalante, Eduard",Milacre de la muda,1855,LIT,T,no,valencià,3502
3182,003182_La_ciutat_del_fum.out.txt,"Ventalló i Vintró, Pere Antoni",La ciutat del fum,1904,LIT,P,no,central,1956
2826,002826_Documents_notarials_I_Andorra.out.txt,"Millet, Francesc","[Documents notarials, I. Andorra]",1861,NLIT,,no,nord-occidental,367
2406,002406_Carta_a_Josep_Serra_i_Campdelacreu_27X18.out.txt,"Franquesa i Gomis, Josep",[Carta a Josep Serra i Campdelacreu (27/X/1876)],1876,NLIT,,no,central,241
1100,001100_Parlament_llegit_en_la_festa_inaugural_d.out.txt,"Millet i Pagès, Lluís",Parlament llegit en la festa inaugural de l'Orfeó Garriguenc,1920,NLIT,,no,central,1627
3296,003296_La_llengua_catalana.out.txt,"Guimerà, Àngel",La llengua catalana,1896,LIT,A,no,central,9260
729,000729_El_toixo.out.txt,"Tarré i Tarré, Emili",El toixó,1917,NLIT,,no,central,2936
1762,001762_Justificacio_del_regionalisme.out.txt,"Omar i Barrera, Claudi",Justificació del regionalisme,1901,NLIT,,no,central,10996
1667,001667_Lo_regionalisme_en_la_nacio.out.txt,"Güell i Mercader, Josep",Lo regionalisme en la nació,1889,NLIT,,no,central,9734
3144,003144_La_infancia_de_Jesucrist_o_ls_pastorets_.out.txt,"Piquet i Piera, Jaume",¡La infancia de Jesucrist! ó'ls pastorets en Betlehem,1871,LIT,T,no,central,18783
2202,002202_Biografia_del_mestre-compositor_Don_Ramo.out.txt,"Comas, Ramon N.",Biografía del mestre-compositor Don Ramon Vilanova y Barrera,1895,NLIT,,no,central,5640
634,000634_Laboratori_General_d_Assaigs_i_Condicion.out.txt,Laboratori General d'Assaigs i Condicionament,Laboratori General d'Assaigs i Condicionament,1923,NLIT,,no,central,10566
3161,003161_Els_zin-calos.out.txt,"Vallmitjana, Juli",Els zin-calós,1911,LIT,T,no,central,6251
3375,003375_Lo_trovador_mallorqui.out.txt,"Tarongí, Josep",Lo trovador mallorquí,1883,LIT,P,no,baleàric,14848
2779,002779_Documents_notarials_I_Girona.out.txt,"Lagrifa i de Bono, Ramon","[Documents notarials, I. Girona]",1834,NLIT,,no,central,11850
3302,003302_La_Caritat.out.txt,"Arús i Arderiu, Rossend",La Caritat,1874,LIT,T,no,central,6441
2937,002937_El_botxi_de_si_mateix.out.txt,"Corominas, Pere",El botxí de si mateix,1936,LIT,T,sí,central,13999
1775,001775_Geometria.out.txt,Anònim,Geometria,1908,NLIT,,no,central,10982
1858,001858_Discurs_llegit_en_lo_Certamen_Catalanist.out.txt,"Sagarra i de Siscar, Ferran de",Discurs llegit en lo Certamen Catalanista de la Joventut Católica de Barcelona,1891,NLIT,,no,central,5584
2102,002102_Estudi_sobre_lo_cant_pla_o_gregoria.out.txt,"Armet i Ricart, Salvador",Estudi sobre lo cant plá ó gregoriá,1882,NLIT,,no,central,2221
2974,002974_La_banda_de_bastardia.out.txt,"Soler, Frederic",La banda de bastardía,1882,LIT,T,no,central,23168
1365,001365_Arxiu_municipal.out.txt,"Martínez Ferrando, Eduard",Arxiu municipal,1919,NLIT,,no,valencià,7019
1716,001716_Exercici_de_via-crucis.out.txt,"Costa i Llobera, Miquel",Exercici de via-crucis,1907,NLIT,,no,baleàric,4681
773,000773_Combustibles_i_combustio.out.txt,Extensió d'Ensenyament Tècnic,Combustibles i combustió,1931,NLIT,,no,central,18499
2216,002216_Carta_a_Francesc_Matheu_2VII1887.out.txt,"Costa i Llobera, Miquel",[Carta a Francesc Matheu (2/VII/1887)],1887,NLIT,,no,baleàric,122
481,000481_Culturitzacio_fisica_per_medi_de_la_gimn.out.txt,"Furest, Modest",Culturització física per médi de la gimnástica respiratoria,1914,NLIT,,no,central,2879
1869,001869_El_cant_popular_religios.out.txt,"Millet i Pagès, Lluís",El cant popular religiós,1912,NLIT,,no,central,11767
3174,003174_La_peste_groga.out.txt,"Penya i Nicolau, Pere d'Alcàntara",La peste gròga,1890,LIT,T,no,baleàric,3752
3191,003191_La_pubilla_del_Mas_de_Dalt.out.txt,"Vidal i de Valenciano, Gaietà",La pubilla del Mas de Dalt,1866,LIT,N,no,central,22137
2825,002825_Documents_notarials_III_Sant_Feliu_de_Gu.out.txt,"Sala, Marià Josep","[Documents notarials, III. Sant Feliu de Guíxols]",1855,NLIT,,no,central,2853
1019,001019_ultimes_evolucions_de_la_volta_ogival.out.txt,"Bassegoda, Joaquim",Últimes evolucions de la volta ogival,1936,NLIT,,no,central,4279
726,000726_El_senglar.out.txt,"Tarré i Tarré, Emili",El senglar,1915,NLIT,,no,central,2890
1612,001612_Reglas_morals_y_de_bona_criansa.out.txt,"Pin i Soler, Josep",Reglas morals y de bona criansa,1892,NLIT,,no,central,12622
54,000054_La_papallona.out.txt,"Oller, Narcís",La papallona,1882,LIT,N,no,central,48049
2350,002350_Cartes_a_Joan_Sarda_1893.out.txt,"Yxart, Josep",[Cartes a Joan Sardà (1893)],1893,NLIT,,no,central,2962
2887,002887_La_Rambla.out.txt,"Corominas, Pere",La Rambla,1940,LIT,N,no,central,13554
156,000156_co_que_deu_esser_el_feminisme.out.txt,"Poal i Aragall, Miquel",Ço que deu ésser el feminisme,1915,LIT,A,no,central,9202
522,000522_Deu_anys_d_accio_escolar.out.txt,Escola del Treball,Deu anys d'acció escolar,1923,NLIT,,no,central,7650
3049,003049_Damocles_o_el_filosof_reinant.out.txt,"Febrer i Cardona, Antoni",Damóclês ô el filosóf reinánt,1833,LIT,T,sí,baleàric,7452
2214,002214_Carta_a_Francesc_Matheu_15VI1882.out.txt,"Costa i Llobera, Miquel",[Carta a Francesc Matheu (15/VI/1882)],1882,NLIT,,no,baleàric,312
387,000387_L_impenitent.out.txt,"Bertrana, Prudenci",L'impenitent,1948,LIT,N,no,central,110596
3287,003287_Las_orfanas_de_mare.out.txt,"Argullol, Josep d'",Las órfanas de mare,1872,LIT,N,no,central,45776
3100,003100_Vots.out.txt,"Ruiz i Pablo, Àngel",Vòts,1895,LIT,T,no,baleàric,1990
3299,003299_Del_mal-parlar.out.txt,"Ruyra, Joaquim",Del mal-parlar,1913,LIT,A,no,central,1419
1815,001815_La_filosofia_nacional_de_Catalunya.out.txt,"Bové i Salvador, Salvador",La filosofía nacional de Catalunya,1902,NLIT,,no,central,36978
1909,001909_Discurs.out.txt,"Almirall, Valentí",Discurs,1886,NLIT,,no,central,1631
1639,001639_La_gloria_del_martiri.out.txt,"Torras i Bages, Josep",La gloria del martiri,1909,NLIT,,no,central,7253
1620,001620_La_lluna_segons_lo_poble.out.txt,"Gomis i Mestre, Cels",La lluna segons lo poble,1884,NLIT,,no,central,3406
2305,002305_Guano_llegitim_del_Peru_importat_directa.out.txt,Anònim,"Guano llegítim del Perú, importát directament de las islas Chinchas",1857,NLIT,,no,central,1677
3148,003148_Lladres.out.txt,"Iglésias, Ignasi",Lladres,1900,LIT,T,no,central,4567
107,000107_Les_dictadures_dels_nostres_dies.out.txt,"Nin, Andreu",Les dictadures dels nostres dies,1930,NLIT,,no,central,48030
2301,002301_Tres_dias_empleats_en_obsequi_de_la_glor.out.txt,Anònim,Tres dias empleáts en obsequi de la gloriosa verge y mártir santa Filumena,1839,NLIT,,sí,central,5809
1718,001718_Lo_sant_jubileu_de_1900_dialechs_dolsos_.out.txt,"Vilaseca i Rius, Isidre",Lo sant jubileu de 1900: diálechs dolsos y amarchs,1899,NLIT,,no,central,8141
1985,001985_Sant_Llorens_del_Munt_son_passat_son_pre.out.txt,"Vergés i Mirassó, Antoni","Sant Llorens del Munt: son passat, son present y venider",1871,NLIT,,no,central,35665
3138,003138_Milacre_que_en_el_any_1359_obra_el_glori.out.txt,"Garulo i Villel, Josep",Milacre que en el any 1359 obrá el gloriós sant Vicènt Ferrer curant á Tonét Garrigues que patia unes apostemes en el còll,1846,LIT,T,no,valencià,2015
725,000725_L_os.out.txt,"Tarré i Tarré, Emili",L'ós,1915,NLIT,,no,central,2742
1648,001648_Consideracions_sociologiques_sobre_l_reg.out.txt,"Torras i Bages, Josep",Consideracions sociológiques sobre'l regionalisme,1893,NLIT,,no,central,18914
662,000662_La_questio_ortografica_les_nostres_becer.out.txt,"Poal i Jofresa, Josep",La qüestió ortogràfica: les nostres beceroles,1914,NLIT,,no,central,18680
3300,003300_La_pubilla_del_Valles.out.txt,"Arnau, Josep Maria",La pubilla del Vallés,1865,LIT,T,no,central,12058
1764,001764_Trevalls_quirurgichs.out.txt,"Estapé i Pagès, Gabriel",Trevalls quirúrgichs,1909,NLIT,,no,central,10008
2358,002358_Cartes_a_Antoni_Maria_Alcover_1912.out.txt,"Barnils, Pere",[Cartes a Antoni Maria Alcover (1912)],1912,NLIT,,no,central,1439
3384,003384_Canzo.out.txt,"Villarroya, Tomàs",Canzó,1841,LIT,P,no,valencià,333
3084,003084_Cent_faulas.out.txt,"Riera i Bertran, Joaquim",Cent faulas,1880,LIT,P,no,central,12297
1820,001820_Discurs.out.txt,"Torras i Ferreri, Cèsar August",Discurs,1903,NLIT,,no,central,4071
137,000137_La_taverna_intellectual.out.txt,"Gener, Pompeu",La taverna intel·lectual,1917,LIT,N,no,central,5754
2050,002050_Discurs.out.txt,"Balaguer, Víctor",Discurs,1868,NLIT,,no,central,3244
3341,003341_Sen_Vicent.out.txt,"Altet i Ruate, Benet",Sen Vicènt,1855,LIT,P,no,valencià,14582
2130,002130_Lo_siti_de_Girona_en_l_any_1809.out.txt,"Gebhardt i Coll, Víctor",Lo siti de Girona en l'any 1809,1868,NLIT,,no,central,26760
796,000796_Cami_d_apostol.out.txt,"Gros i Raguer, Josep",Camí d'apòstol,1923,NLIT,,sí,central,29224
2205,002205_La_escudella_catalana.out.txt,"Codina i Länglin, Ramon",La escudella catalana,1882,NLIT,,no,central,3866
1865,001865_Consueta_dels_rnts_sagristans_majors_de_.out.txt,Anònim,Consueta dels rnts. sagristans majors de la iglesia parroquial de Santa Maria del Mar de Barcelona,1890,NLIT,,no,central,13135
1020,001020_El_tallat_i_el_gravat_del_vidre_a_l_Esco.out.txt,Escola Massana,El tallat i el gravat del vidre a l'Escola Massana,1937,NLIT,,no,central,2018
1018,001018_Comite_de_Cinema_de_la_Generalitat_de_Ca.out.txt,Generalitat de Catalunya,Comitè de Cinema de la Generalitat de Catalunya,1934,NLIT,,no,central,3700
3095,003095_Coros.out.txt,"Ruiz i Pablo, Àngel",Còros,1895,LIT,A,no,baleàric,986
1852,001852_Serra_de_Cardo_Tortosa_moluscos_recullit.out.txt,"Bofill i Poch, Artur",Serra de Cardó (Tortosa): moluscos recullits en aquesta localitat en agost de 1882,1890,NLIT,,no,central,3917
2464,002464_Nocions_astronomicas.out.txt,"Milà de la Roca, Josep Nicasi",Nocions astronómicas,1845,NLIT,,no,central,1248
2303,002303_Terciari_devot_o_sia_petit_manual_practi.out.txt,Anònim,Terciari devot ó sia petit manual práctich de la venerable tercera orde de penitencia,1865,NLIT,,no,central,9499
2723,002723_La_casamentera.out.txt,"Roure, Conrad",La casamentera,1894,LIT,T,no,central,7692
3367,003367_Els_glosadors_d_altra_temps.out.txt,"Singala, Bartomeu",Els glosadors d'altra temps,1887,LIT,T,no,baleàric,19380
3087,003087_El_pais_del_Pler.out.txt,"Ruyra, Joaquim",El país del Pler,1906,LIT,P,no,central,4295
141,000141_L_exode.out.txt,"Clascar, Frederic",L'Èxode,1925,LIT,N,sí,central,29168
2601,002601_La_gesta_dels_estels.out.txt,"Salvat-Papasseit, Joan",La gesta dels estels,1922,LIT,P,no,central,3772
1983,001983_La_atzabara_pita.out.txt,"Tobella d'Argila, Francesc Xavier",La atzabara (pita),1882,NLIT,,no,central,12721
3347,003347_Poesias_Quart_y_ultim_repich.out.txt,"Estorch i Siqués, Pau",Poesias. Quart y últim repich,1856,LIT,P,no,central,10872
813,000813__Cami__Lleus_comentaris_a_textos_sagrats.out.txt,"Balanzó i Pons, Llorenç",'Camí'. Lleus comentaris a textos sagrats,1926,NLIT,,no,central,9591
2787,002787_Documents_notarials_II_Tarragona.out.txt,"Puñet, Francesc","[Documents notarials, II. Tarragona]",1837,NLIT,,no,central,2847
2521,002521_Introduccio.out.txt,"Roquer i Pagani, Pere",Introducció,1843,NLIT,,no,central,3332
1618,001618_La_ensenyansa_en_las_escolas_catalanas.out.txt,"Flos i Calcat, Francesc",La ensenyansa en las escolas catalanas,1887,NLIT,,no,central,3324
2049,002049_Discurs.out.txt,"Aguiló, Marià",Discurs,1867,NLIT,,no,baleàric,3081
3132,003132_Doctor_Stumper.out.txt,"Gener, Pompeu",Doctor Stumper,1909,LIT,T,no,central,5251
3293,003293_La_romeria_de_Recasens.out.txt,"Calvet de Budallés, Damas",La romería de Recasens,1864,LIT,T,no,central,14750
3394,003394_El_sant_evangeli_de_nostre_senyor_Jesucr.out.txt,"Casas-Carbó, Joaquim",El sant evangeli de nostre senyor Jesucrist segons sant Joan,1914,LIT,N,sí,central,17812
3023,003023_El_poble_gris.out.txt,"Rusiñol, Santiago",El poble gris,1902,LIT,N,no,central,48449
807,000807_L_enigma_de_la_guerra.out.txt,"Torras i Bages, Josep",L'enigma de la guerra,1915,NLIT,,no,central,11665
2068,002068_Parlament.out.txt,"Picó i Campamar, Ramon",Parlament,1870,NLIT,,no,baleàric,3878
303,000303_El_pensament_i_la_vida.out.txt,"Serra Hunter, Jaume",El pensament i la vida,1945,NLIT,,no,central,25479
3147,003147_El_cor_del_poble.out.txt,"Iglésias, Ignasi",El cor del poble,1902,LIT,T,no,central,18436
2241,002241_Carta_a_Francesc_Matheu_16I1925.out.txt,"Collell, Jaume",[Carta a Francesc Matheu (16/I/1925)],1925,NLIT,,no,central,223
1791,001791_Concepte_modern_del_vegetarisme.out.txt,"Falp i Plana, Josep",Concepte modèrn del vegetarisme,1908,NLIT,,no,central,16398
3183,003183_Les_disperses.out.txt,"Maragall, Joan",Les disperses,1904,LIT,P,no,central,11562
1822,001822_Parlament_fet_a_la_festa_dels_Jochs_Flor.out.txt,"Torras i Bages, Josep",Parlament fet á la festa dels Jochs Florals de Barcelona,1899,NLIT,,no,central,6617
3331,003331_Tal_faras_tal_trobaras.out.txt,"Vidal i de Valenciano, Eduard",Tal farás tal trobarás,1865,LIT,T,no,central,14393
766,000766_Discurs_al_objecte_de_donar_a_conexer_la.out.txt,"Serra i Pagès, Rossend",Discurs llegit per... donar a conèxer la personalitat y obres de en Rafel Patxot y Jubert,1926,NLIT,,no,central,6022
3272,003272_La_desposada_de_Deu.out.txt,"Villamartín, Isabel de",La desposada de Déu,1862,LIT,P,no,central,1246
3286,003286_Devers_dels_homens.out.txt,"Obrador i Bennàssar, Mateu",Devers dels homens,1877,LIT,A,sí,baleàric,21711
2322,002322_Arts_industrials_Fabricacio_de_barnissos.out.txt,"Roquer i Pagani, Pere",Arts industrials. Fabricació de barnissos,1843,NLIT,,no,central,1998
3184,003184_La_montanya_d_amethystes.out.txt,"Bofill i Mates, Jaume",La montanya d'amethystes,1908,LIT,P,no,central,19948
647,000647_Les_noves_valors_de_la_poesia_catalana.out.txt,"Folguera, Joaquim",Les noves valors de la poesia catalana,1919,NLIT,,no,central,12224
3094,003094_Set_contallas_del_temps_vell.out.txt,"Creus i Coromines, Teodor",Set contallas del temps vell,1893,LIT,P,no,central,19098
2087,002087_Prolech.out.txt,"Corrons, Ignasi",Prólech,1868,NLIT,,no,central,5624
3192,003192_La_gent_del_llamp.out.txt,"Vidal i Rosich, Cosme",La gent del llamp,1903,LIT,N,no,central,18390
2066,002066_Lo_jardiner_hortola_y_florista_o_modo_or.out.txt,Anònim,Lo jardiner hortolá y florista ó modo ordenat de cultivar la terra segons us y práctica de bon pagés,1852,NLIT,,no,central,28603
2995,002995_La_veu_de_la_castellana.out.txt,"Thos i Codina, Terenci",La veu de la castellana,1862,LIT,N,no,central,3312
3033,003033_Iberisme.out.txt,"Ribera i Rovira, Ignasi",Iberisme,1907,LIT,A,no,central,23933
1641,001641_Cultu_de_la_carn.out.txt,"Torras i Bages, Josep",Cultu de la carn,1911,NLIT,,no,central,11691
2326,002326_Catalunya_Sa_fundacio_y_son_primer_legis.out.txt,M. R. B.,Catalunya. Sa fundació y son primer legislador,1843,NLIT,,no,central,1654
1619,001619_Reglament_del_Centre_Excursionista_de_Ca.out.txt,Centre Excursionista de Catalunya,Reglament del Centre Excursionista de Catalunya,1892,NLIT,,no,central,1691
1967,001967_Mestre_Joan_Gasco_contribucio_a_l_histor.out.txt,"Gudiol i Cunill, Josep",Mestre Joan Gascó: contribució a l'historia del art catala,1908,NLIT,,no,central,10078
3051,003051_Josef_venud_per_els_seus_germans.out.txt,"Febrer i Cardona, Antoni",Joséf venud per els sèus germáns,1833,LIT,T,sí,baleàric,8275
3052,003052_Daniel_o_el_vertader_culto_de_Deu_restab.out.txt,"Febrer i Cardona, Antoni",Daniél ô el vertader cúlto de Dèu restablért en l'Oriént,1836,LIT,T,sí,baleàric,11301
164,000164_L_hereu.out.txt,"Bertrana, Prudenci",L'hereu,1931,LIT,N,no,central,80257
3152,003152_La_colla_d_en_Pep_Mata_o__Els_martirs_de.out.txt,"Iglésias, Ignasi",La colla d'en Pep Mata o 'Els martirs de l'Inquisició',1908,LIT,T,no,central,7804
1998,001998_Discurs.out.txt,"Milà i Fontanals, Manuel",Discurs,1883,NLIT,,no,central,2403
3057,003057_Poesias.out.txt,"Rubió i Ors, Joaquim",Poesias,1858,LIT,P,no,central,16339
3031,003031_L_estudiant_de_la_Garrotxa.out.txt,"Berga i Boix, Josep",L'estudiant de la Garrotxa,1895,LIT,N,no,central,14065
1842,001842_De_Gaba_a_Begas_excursio_entomologica.out.txt,"Cuní i Martorell, Miquel",De Gabá á Begas: excursió entomológica,1891,NLIT,,no,central,11973
3189,003189_Quadros_de_Barcelona.out.txt,"Careta i Vidal, Antoni",Quadros de Barcelona,1876,LIT,N,no,central,11349
3305,003305_La_Sirena.out.txt,"Pin i Soler, Josep",La Sirena,1891,LIT,T,no,central,24540
1866,001866_Tractat_d_horticultura.out.txt,"Cavalleria i Deop, Agustí",Tractat d'horticultura,1886,NLIT,,no,central,51137
3150,003150_El_tresor.out.txt,"Morató i Grau, Josep",El tresor,1912,LIT,T,no,central,17145
2093,002093_Lo_canonge_Ripoll_ses_obres_y_sa_influen.out.txt,"Serra i Campdelacreu, Josep","Lo canonge Ripoll, ses obres, y sa influencia en los estudis histórichs de la comarca de Vich",1882,NLIT,,no,central,3802
3134,003134_Lo_toch_de_somaten.out.txt,"Boix i Ricarte, Vicent",Lo toch de somaten,1862,LIT,T,no,valencià,5040
3025,003025_L_hostal_de_la_Bolla.out.txt,"Oliver, Miquel dels Sants",L'hostal de la Bolla,1903,LIT,N,no,baleàric,14248
3034,003034_La_colla_del_carrer.out.txt,"Pons i Massaveu, Joan",La colla del carrer,1887,LIT,N,no,central,50495
2940,002940_La_filla_del_segador.out.txt,"Picó i Campamar, Ramon",La filla del segador,1914,LIT,T,no,baleàric,11042
488,000488_Ensenyament_de_primer_grau_per_obrers.out.txt,Escola Elemental del Treball,Ensenyament de primer grau per obrers,1917,NLIT,,no,central,2450
1685,001685_La_educacio_relligiosa_en_les_escoles.out.txt,"Clascar, Frederic",La educació relligiosa en les escoles,1908,NLIT,,no,central,6972
3373,003373_Llagrimas_de_la_viudesa.out.txt,"Martí i Cortada, Miquel Anton",Llágrimas de la viudésa,1839,LIT,P,no,central,2262
2711,002711_Mes_pert_l_avaricios_que_l_abondos.out.txt,"Aguiló i Cortès, Tomàs",Mes pert l'avariciós que l'abondós,1851,LIT,T,no,baleàric,3688
630,000630_Contra_els_poetes_amb_minuscula.out.txt,"Salvat-Papasseit, Joan",Contra els poetes amb minúscula,1920,NLIT,,no,central,736
3046,003046_La_febre_d_or_I.out.txt,"Oller, Narcís","La febre d'or, I",1890,LIT,N,no,central,40007
1905,001905_Argentona_historica.out.txt,"Carreras i Candi, Francesc",Argentona histórica,1891,NLIT,,no,central,24389
3317,003317_Mistos.out.txt,"Asensio d'Alcàntara, Joaquim",Mistos,1866,LIT,T,no,central,6033
3075,003075_L_hereu_Noradell.out.txt,"Bosch de la Trinxeria, Carles",L'heréu Noradell,1889,LIT,N,no,septentrional,52937
2799,002799_Documents_notarials_I_Torres_de_Segre.out.txt,"Germés, Climent","[Documents notarials, I. Torres de Segre]",1844,NLIT,,no,nord-occidental,447
2323,002323_Agricultura_Noticia_de_alguns_ensaigs_pr.out.txt,"Roquer i Pagani, Pere",Agricultura. Noticia de alguns ensaigs practicats pera convertír lo blat comú en blat tremesó,1843,NLIT,,no,central,1916
1906,001906_Rondallistica.out.txt,"Bertran i Bros, Pau",Rondallística,1888,NLIT,,no,central,13537
558,000558_Estatut_Reglament_de_la_assamblea.out.txt,Mancomunitat de Catalunya,Estatut. Reglament de la assamblea,1914,NLIT,,no,central,3838
542,000542_La_industria_valenciana_de_la_seda.out.txt,"Martínez Ferrando, Eduard",La indústria valenciana de la seda,1933,NLIT,,no,valencià,12825
1802,001802_Tresor_liturgich.out.txt,"Rigualt i Soler, Tomàs d'A.",Tresor litúrgich,1900,NLIT,,no,central,29060
723,000723_L_esquirol.out.txt,"Tarré i Tarré, Emili",L'esquirol,1914,NLIT,,no,central,2835
2472,002472_Lleys_que_poden_interesar_als_propietari.out.txt,Anònim,Lleys que poden interesar als propietaris,1857,NLIT,,no,central,4086
3321,003321_El_regreso_despues_del_colera.out.txt,"Renart i Arús, Francesc",El regreso despues del cólera,1835,LIT,T,no,central,5841
1861,001861_Carta_pastoral_ab_motiu_del_present_temp.out.txt,"Rigualt i Soler, Tomàs d'A.",Carta pastoral... ab motiu del present temps de Quaresma. 1893,1893,NLIT,,sí,central,4597
2109,002109_Biografia_de_na_Ma_Josepa_Massanes_i_Dal.out.txt,"Monserdà, Dolors",Biografía de na Mª Josepa Massanès i Dalmau,1915,NLIT,,no,central,10864
3327,003327_Ja_hi_van_al_africa.out.txt,"Ferrer i Fernández, Josep Antoni",Ja hi van al África,1860,LIT,T,no,central,2449
2203,002203_Biografia_de_D_Ramon_Llatzer_de_Dou_i_de.out.txt,"Brocà i Montagut, Guillem de",Biografía de D. Ramón Llàtzer de Dou i de Bassols,1916,NLIT,,no,central,12685
3097,003097_Un_bon_homo.out.txt,"Ruiz i Pablo, Àngel",Un bon homo,1895,LIT,A,no,baleàric,1217
751,000751_Els_sants_pares.out.txt,"Bellpuig, Tomàs",Els sants pares,1927,NLIT,,no,central,16387
1923,001923_El_dibuixant_paisista_Lluis_Rigalt.out.txt,"Casellas, Raimon",El dibuixant païsista Lluís Rigalt,1900,NLIT,,no,central,6496
553,000553_L_art_de_respirar.out.txt,"Bassols i Prim, Agustí",L'art de respirar,1930,NLIT,,no,central,3116
1864,001864_Devocio_dels_set_diumenges_consagrats_a_.out.txt,Anònim,Devoció dels set diumenges consagrats á honrar los dolors y goigs de sant Joseph,1884,NLIT,,no,central,13213
3326,003326_La_demana_de_una_novia.out.txt,"Lladró i Mallí, Ramon",La demaná de una novia,1858,LIT,T,no,valencià,4599
3103,003103_Guia_comica_de_la_Exposicio_Universal_de.out.txt,"Guibernau, Juli Francesc",Guía cómica de la Exposició Universal de Barcelona,1888,LIT,P,no,central,10246
305,000305_Balmes_i_Chateaubriand.out.txt,"Esquerra i Clivillés, Ramon",Balmes i Chateaubriand,1936,NLIT,,no,central,2381
476,000476_Un_cas_notable_diagnosticat_de_cranc_gas.out.txt,"Freixas i Freixas, Joan",Un cas notable diagnosticat de cranc gástric. Malaltia de Glènard,1916,NLIT,,no,central,4280
2873,002873_El_senyor_Josep_falta_a_la_dona.out.txt,"Rusiñol, Santiago",El senyor Josep falta a la dòna,1915,LIT,T,no,central,6707
2207,002207_Estatuts_de_la_Associacio_Catalanista_de.out.txt,Associació Catalanista de Reus,Estatuts de la Associació Catalanista de Reus,1884,NLIT,,no,central,1190
2581,002581_Ofrena_rural.out.txt,"Bofill i Mates, Jaume",Ofrena rural,1926,LIT,P,no,central,3995
1926,001926_Discurs_del_Sr_president_del_jurat.out.txt,"Vidal i de Valenciano, Eduard",Discurs del Sr. president del jurat,1887,NLIT,,no,central,2716
1722,001722_La_ciutat_pontifical.out.txt,"Torras i Bages, Josep",La ciutat pontifical,1902,NLIT,,no,central,5686
2848,002848_Joan_Dalla.out.txt,"Guimerà, Àngel",Joan Dalla,1921,LIT,T,no,central,12775
3112,003112_Ofrenes.out.txt,"Iglésias, Ignasi",Ofrenes,1902,LIT,P,no,central,9294
3013,003013_La_guerra.out.txt,"Argullol, Josep d'",La guerra,1877,LIT,N,no,central,107828
3015,003015_El_espatriado_en_su_patria.out.txt,"Robrenyo, Josep",El espatriado en su patria,1833,LIT,T,no,central,3449
3072,003072_Notas_de_color.out.txt,"Oller, Narcís",Notas de color,1883,LIT,N,no,central,46099
3350,003350_Lo_doctor_Pulsagueras_en_los_encants.out.txt,Anònim,Lo doctor Pulsagueras en los encants,1854,LIT,T,no,central,3164
1472,001472_Per_l_alliberacio_social_i_nacional_de_C.out.txt,Partit Socialista Unificat de Catalunya,Per l'alliberació social i nacional de Catalunya,1940,NLIT,,no,central,7364
2786,002786_Documents_notarials_I_Sant_Feliu_de_Guix.out.txt,"Sala, Marià Josep","[Documents notarials, I. Sant Feliu de Guíxols]",1837,NLIT,,no,central,3958
426,000426_Les_idees_politiques_den_Valenti_Almiral.out.txt,"Plana, Alexandre",Les idees polítiques den Valentí Almirall,1915,NLIT,,no,nord-occidental,15640
781,000781_Les_lasiocampidae_de_la_fauna_catalana.out.txt,"Sagarra i de Castellarnau, Ignasi de",Les lasiocampidae de la fauna catalana,1915,NLIT,,no,central,3935
2218,002218_Carta_a_Frederic_Soler_4VI1892.out.txt,"Bonaplata, Teodor",[Carta a Frederic Soler (4/VI/1892)],1892,NLIT,,no,central,185
3139,003139_Hamlet_princep_de_Dinamarca.out.txt,"Masriera i Colomer, Artur",Hamlet príncep de Dinamarca,1898,LIT,T,sí,central,37290
1782,001782_Sota_terra_l_exploracio_de_l_avench_de_S.out.txt,"Font i Sagué, Norbert",Sota terra: l'exploració de l'avench de Sant-Hou (Montgrony),1903,NLIT,,no,central,7346
3166,003166_Lluny_dels_ulls_aprop_del_cor.out.txt,"Urgell, Modest","Lluny dels ulls, aprop del cor",1898,LIT,T,no,central,9096
3048,003048_La_febre_d_or_III.out.txt,"Oller, Narcís","La febre d'or, III",1892,LIT,N,no,central,58623
2226,002226_Carta_a_Francesc_Matheu_21VI1903.out.txt,"Ruyra, Joaquim",[Carta a Francesc Matheu (21/VI/1903)],1903,NLIT,,no,central,383
3185,003185_Cartas_a_la_dona.out.txt,"Arús i Arderiu, Rossend",Cartas á la dona,1877,LIT,P,no,central,27267
2479,002479_Calendari_del_pages.out.txt,Anònim,Calendari del pagés,1877,NLIT,,no,central,16113
569,000569_Missatge_del_Consell_Permanent_en_defens.out.txt,Mancomunitat de Catalunya,Missatge del Consell Permanent en defensa dels drets de la llengua catalana,1916,NLIT,,no,central,1328
2399,002399_Carta_a_Guillem_de_Plandolit_i_d_Areny_2.out.txt,"Alier i Romeu, Llorenç",[Carta a Guillem de Plandolit i d'Areny (27/IX/1843)],1843,NLIT,,no,central,398
3029,003029_Sota_Montjuic.out.txt,"Vallmitjana, Juli",Sota Montjuic,1908,LIT,N,no,central,44869
2346,002346_Carta_a_Maria_Aguilo_26VIII1886.out.txt,"Alcover, Antoni Maria",[Carta a Marià Aguiló (26/VIII/1886)],1886,NLIT,,no,baleàric,492
3113,003113_Cansons_ilustradas.out.txt,"Mestres, Apel·les",Cansons ilustradas,1879,LIT,P,no,central,7073
1749,001749_Caracteristica_de_la_propietat_catalana.out.txt,"Abadal i Calderó, Ramon d'",Característica de la propietat catalana,1900,NLIT,,no,central,7103
2407,002407_Carta_a_Mossen_Ramon_Bonet_3VI1868.out.txt,Francesc,[Carta a Mossèn Ramon Bonet (3/VI/1868)],1868,NLIT,,no,nord-occidental,297
2182,002182_Vides_modeliques.out.txt,"Rahola, Carles",Vides modèliques,1932,NLIT,,no,central,10880
3055,003055_Celistias.out.txt,"Ubach i Vinyeta, Francesc",Celistias,1866,LIT,P,no,central,6409
1724,001724_L_accio_economica.out.txt,"Graell i Moles, Guillem",L'acció económica,1907,NLIT,,no,nord-occidental,5609
2268,002268_Gramatica_catalana-castellana.out.txt,"Pers i Ramona, Magí",Gramática catalana-castellana,1847,NLIT,,no,central,24758
2313,002313_Metodo_breu_y_sensill_del_modo_com_se_ha.out.txt,"Sorà, Salvador",Metodo breu y sensill del modo com se ha de fer el vi bo y de duracio y que se puga transportar a diferents climas en seguretat,1839,NLIT,,no,baleàric,3740
3338,003338_Avans_de_la_proseso.out.txt,"Àngeles i Luís, Pere Josep; Burgos, Enric",Avans de la prosesó,1901,LIT,T,no,valencià,11112
1123,001123_Teoria_de_la_musica_Segona_part.out.txt,"Lambert i Caminal, Joan Baptista",Teoria de la música (Segona part),1922,NLIT,,no,central,3236
3042,003042_La_bogeria.out.txt,"Oller, Narcís",La bogería,1898,LIT,N,no,central,30036
2802,002802_Documents_notarials_II_Cassa_de_la_Selva.out.txt,"Bota, Josep","[Documents notarials, II. Cassà de la Selva]",1845,NLIT,,no,central,2994
1644,001644_L_atletisme_cristia.out.txt,"Torras i Bages, Josep",L'atletisme cristiá,1910,NLIT,,no,central,13314
1756,001756_Frares_y_monjes.out.txt,"Sardà i Salvany, Fèlix",Frares y monjes,1912,NLIT,,no,central,15126
332,000332_L_educacio_de_la_inventiva.out.txt,"Ruyra, Joaquim",L'educació de la inventiva,1923,NLIT,,no,central,23690
2794,002794_Documents_notarials_II_Sabadell.out.txt,"Viladot, Francesc","[Documents notarials, II. Sabadell]",1843,NLIT,,no,central,8903
1777,001777_Pera_la_perfecta_elaboracio_del_vi_y_la_.out.txt,"Benessat, Frederic",Pera la perfecta elaboració del vi y la creació de tipos comunals ó regionals,1906,NLIT,,no,central,7166
184,000184_Les_dites_i_facecies_de_l_estrenu_filant.out.txt,"Corominas, Pere","Les dites i facècies de l'estrenu filàntrop en Tomàs de Bajalta. II, Pigmalió",1928,LIT,N,no,central,70373
2314,002314_Astronomia_Lo_anti-copernich.out.txt,"Roquer i Pagani, Pere",Astronomia. Lo anti-copérnich,1843,NLIT,,no,central,3127
1734,001734_La_festa_del_Bisbeto_a_Montserrat_y_orig.out.txt,"Serra i Pagès, Rossend",La festa del Bisbetó a Montserrat y origens de la meteixa,1910,NLIT,,no,central,4512
1939,001939_Discurs.out.txt,"Querol i Campos, Vicent Wenceslau",Discurs,1885,NLIT,,no,valencià,2400
122,000122_Els_moviments_d_emancipacio_nacional.out.txt,"Nin, Andreu",Els moviments d'emancipació nacional,1935,NLIT,,no,central,39720
3050,003050_Josef_intendant_de_tota_l_Egipta.out.txt,"Febrer i Cardona, Antoni",Joséf intendánt de tota l'Egípta,1833,LIT,T,sí,baleàric,11026
2349,002349_Cartes_a_Josep_Yxart_1890.out.txt,"Bosch de la Trinxeria, Carles",[Cartes a Josep Yxart (1890)],1890,NLIT,,no,septentrional,1323
2006,002006_Discurs_inaugural.out.txt,"Navarro i Llombart, Carmel",Discurs inaugural,1878,NLIT,,no,valencià,3737
1897,001897_Memoria.out.txt,"Serra i Pagès, Rossend",Memoria,1905,NLIT,,no,central,3084
1934,001934_Les_monedes_catalanes_I.out.txt,"Botet i Sisó, Joaquim","Les monedes catalanes, I",1908,NLIT,,no,central,24803
3065,003065_Lo_llibre_dels_noys.out.txt,"Briz, Francesc Pelagi",Lo llibre dels noys,1871,LIT,P,no,central,4946
2316,002316_Agricultura.out.txt,"Roquer i Pagani, Pere",Agricultura,1843,NLIT,,no,central,2503
134,000134_La_parada.out.txt,"Ruyra, Joaquim",La parada,1919,LIT,N,no,central,48077
1681,001681_Lo_llamp_y_ls_temporals.out.txt,"Gomis i Mestre, Cels",Lo llamp y'ls temporals,1884,NLIT,,no,central,8542
1405,001405_L_esperit_de_finesa.out.txt,"Corominas, Pere",L'esperit de finesa,1930,LIT,A,no,central,9144
2299,002299_Novena_de_las_benditas_animas_del_purgat.out.txt,Anònim,Novena de las benditas animas del purgatori,1843,NLIT,,no,baleàric,3115
2053,002053_En_Juanot_Colom.out.txt,"Quadrado, Josep Maria",En Juanot Colom,1870,NLIT,,no,baleàric,7400
1873,001873_Necesitat_d_ensenyar_la_teoria_del_seu_a.out.txt,"Sans i Guitart, Pau",Necesitat d'ensenyar la teoría del seu art als maquinistas y fogoners dels camins de ferro,1889,NLIT,,no,central,6245
3102,003102_Clases_pasivas.out.txt,"Ruiz i Pablo, Àngel",Clases pasivas,1895,LIT,N,no,baleàric,2885
3284,003284_Costums_que_s_perden_y_recorts_que_fugen.out.txt,"Bofarull, Antoni de",Costums que's perden y recorts que fugen,1880,LIT,A,no,central,55458
3120,003120_Proleg.out.txt,"Tastu, Josep",[Pròleg],1833,NLIT,,no,septentrional,709
3312,003312_Qui_canta_plora.out.txt,"Vives i Azpiroz, Rafael","Qui canta, plora",1877,LIT,T,no,valencià,5539
1433,001433_Historia_de_la_coneixenca_geologica_de_l.out.txt,"Darder Pericàs, Bartomeu",Història de la coneixença geològica de l'illa de Mallorca,1946,NLIT,,no,baleàric,22347
2098,002098_Joan_Sarda_estudi_necrologich.out.txt,"Maragall, Joan",Joan Sardà: estudi necrològich,1900,NLIT,,no,central,2982
3096,003096_Glosats.out.txt,"Ruiz i Pablo, Àngel",Glosats,1895,LIT,A,no,baleàric,2011
409,000409_La_marina_catalana_del_vuitcents.out.txt,"Roig i Raventós, Emerencià",La marina catalana del vuitcents,1929,NLIT,,no,central,28799
1898,001898_Discurs.out.txt,"Costa i Llobera, Miquel",Discurs,1906,NLIT,,no,baleàric,2429
2758,002758_La_cuinera_catalana_Quadern_III.out.txt,Anònim,La cuinera catalana. Quadern III,1835,NLIT,,no,central,12863
2403,002403_Carta_a_Guillem_de_Plandolit_i_d_Areny_3.out.txt,Carrancà i Puig,[Carta a Guillem de Plandolit i d'Areny (3/II/1846)],1846,NLIT,,no,central,215
1771,001771_Cosas_de_Reus.out.txt,"Güell i Mercader, Josep",Cosas de Reus,1900,NLIT,,no,central,27392
3131,003131_L_abella_perduda.out.txt,"Vallmitjana, Juli",L'abella perduda,1910,LIT,T,no,central,2909
3170,003170_La_pobra_Berta.out.txt,"Gual, Adrià",La pobra Berta,1909,LIT,T,no,central,20873
489,000489_Als_vinicultors.out.txt,Institut Agrícola Català de Sant Isidre,Als vinicultors,1914,NLIT,,no,central,2431
57,000057_La_Xinxa.out.txt,Anònim,La Xinxa,1869,LIT,N,no,central,29422
3003,003003_Dietari_d_un_pelegri_a_Terra_Santa.out.txt,"Verdaguer, Jacint",Dietari d'un pelegrí á Terra Santa,1889,LIT,N,no,central,35729
3335,003335_Oros_son_trunfos_o_un_solero_del_hortet.out.txt,"Escalante, Eduard","Oros son trunfos, ó un solero del hortet",1878,LIT,T,no,valencià,4153
1971,001971_Lletra_de_convit.out.txt,"Alcover, Antoni Maria",Lletra de convit,1902,NLIT,,no,baleàric,15274
3016,003016_La_union_o_la_tia_Sacallona_en_las_fiest.out.txt,"Robrenyo, Josep","La union ó la tia Sacallona, en las fiestas de Barcelona",1833,LIT,T,no,central,4051
3381,003381_La_patria.out.txt,"Aribau, Bonaventura Carles",La patria,1833,LIT,P,no,central,404
3101,003101_En_Jordi_Busques.out.txt,"Ruiz i Pablo, Àngel",En Jordi Busques,1895,LIT,A,no,baleàric,1121
1407,001407_Els_continents_colonials.out.txt,"Palau Vera, Joan",Els continents colonials,1918,NLIT,,no,central,11715
3198,003198_Visions__Cants.out.txt,"Maragall, Joan",Visions & Cants,1900,LIT,P,no,central,6518
2296,002296_Memorandum_del_excursionista.out.txt,Associació Catalanista d'Excursions Científiques,Memorandum del excursionista,1884,NLIT,,no,central,1831
2215,002215_Carta_a_Francesc_Matheu_3V1884.out.txt,"Suñol, Esteve",[Carta a Francesc Matheu (3/V/1884)],1884,NLIT,,no,central,584
1794,001794_Excursio_espeleologica_a_la_Banco_les_Ba.out.txt,"Font i Sagué, Norbert","Excursió espeleològica a la Bancó, les Barbotes y singles de Bertí",1898,NLIT,,no,central,6433
2078,002078_La_Renaissance_des_lettres_catalanes.out.txt,"Pepratx, Justí",La Renaissance des lettres catalanes,1883,NLIT,,no,septentrional,2008
2096,002096_Memoria_necrologica_de_D_Joseph_d_Argull.out.txt,"Barallat i Falguera, Celestí",Memoria necrológica de D. Joseph d'Argullol y Serra,1889,NLIT,,no,central,11393
3000,003000_Pilar_Prim.out.txt,"Oller, Narcís",Pilar Prim,1906,LIT,N,no,central,72775
579,000579_La_venda_i_la_distribucio_del_blat.out.txt,Generalitat de Catalunya,La venda i la distribució del blat,1937,NLIT,,no,central,3103
2470,002470_Guano.out.txt,Anònim,Guano,1857,NLIT,,no,central,3185
2126,002126_Proleg.out.txt,"Martí i Cortada, Miquel Anton; Cortada i Sala, Joan; Bordas i Munt, Lluís; Patxot i Ferrer, Ferran",Próleg,1839,NLIT,,no,central,2045
470,000470_Nocions_d_indumentaria.out.txt,"Labarta i Grané, Lluís",Nocions d'indumentària,1916,NLIT,,no,central,11771
1740,001740_Informe_sobre_l_estat_d_alguns_arxius_de.out.txt,Institut d'Estudis Catalans,Informe... sobre l'estat d'alguns arxius de Catalunya y la conveniencia de la seva millor instalació,1910,NLIT,,no,central,6892
1717,001717_La_moral_ciutadana.out.txt,"Sardà i Salvany, Fèlix",La moral ciutadana,1909,NLIT,,no,central,17651
1870,001870_Catalunya_trilingue.out.txt,"Casas-Carbó, Joaquim",Catalunya trilingüe,1896,NLIT,,no,central,7811
2052,002052_Advertensias_per_los_concurrents_a_la_pl.out.txt,Anònim,Advertensias per los concurrents a la plasa de toros y reglas per entendre aqueixa clase de espectacles,1841,NLIT,,no,central,1152
1097,001097_Consideracions_sobre_les_interpretacions.out.txt,"Morera Galícia, Magí",Consideracions sobre les interpretacions dels personatges de Shakespeare,1921,NLIT,,no,nord-occidental,2499
2353,002353_Cartes_a_l_arquebisbe_de_Tarragona_1901.out.txt,"Alcover, Antoni Maria",[Cartes a l'arquebisbe de Tarragona (1901)],1901,NLIT,,no,baleàric,865
3273,003273_Dos_martirs_de_ma_patria_o_siga_Llucia_y.out.txt,"Verdaguer, Jacint","Dos mártirs de ma patria, ó siga Lluciá y Marciá",1865,LIT,P,no,central,6142
2300,002300_Novena_y_septenari_de_la_sacratissima_Ve.out.txt,Anònim,"Novena y septenari de la sacratíssima Verge del Carme María santíssima, Mare de Déu y senyora nostra",1836,NLIT,,no,central,2893
3274,003274_Les_flors_de_montanya.out.txt,"Aguiló, Marià",Les flors de montanya,1868,LIT,P,no,baleàric,1012
3377,003377_Excursions_y_viatjes.out.txt,"Verdaguer, Jacint",Excursions y viatjes,1887,LIT,N,no,central,38819
2275,002275_Descripcio_del_santuari_y_consideracions.out.txt,"Llopis i Bofill, Joan",Descripció del santuari y consideracions criticas sobre la imatge de la Verge del Vinyet,1892,NLIT,,no,central,3752
2007,002007_Discurs_ab_motiu_de_la_reparticio_de_pre.out.txt,"Monserdà, Dolors",Discurs llegit en lo Saló de Cent ab motiu de la repartició de premis en lo IV certámen literari del Col·legi Mercantil,1879,NLIT,,no,central,2743
800,000800_Historia_de_Josep.out.txt,"Ginebra i Espona, Pere",Història de Josep,1919,NLIT,,no,central,13219
1008,001008_Les_monedes_vigatanes_durant_la_revolta_.out.txt,"Gudiol i Cunill, Josep",Les monedes vigatanes durant la revolta de Catalunya contra Felip IV (1641-1646),1925,NLIT,,no,central,14989
2721,002721_Lo_castell_y_la_masia.out.txt,"Roure, Conrad",Lo castell y la masia,1891,LIT,T,no,central,22418
2798,002798_Documents_notarials_I_Torres_de_Segre.out.txt,"Capdevila i Balasch, Agustí","[Documents notarials, I. Torres de Segre]",1844,NLIT,,no,nord-occidental,771
1298,001298_Exercicis_de_mar.out.txt,"Elias i Juncosa, Josep",Exercicis de mar,1918,NLIT,,no,central,7558
2348,002348_Carta_a_Maria_Aguilo_24VIII1890.out.txt,"Alcover, Antoni Maria",[Carta a Marià Aguiló (24/VIII/1890)],1890,NLIT,,no,baleàric,486
30,000030_Les_ales_d_Ernestina.out.txt,"Bertrana, Prudenci",Les ales d'Ernestina,1921,LIT,T,no,central,19992
3111,003111_Versos_catalans.out.txt,"Martí i Folguera, Josep",Versos catalans,1893,LIT,P,no,central,21458
2100,002100_Biografia_de_Camps_y_Fabres.out.txt,"Collell, Jaume",Biografia de Camps y Fabrés,1901,NLIT,,no,central,3974
3039,003039_Cuadros_populars.out.txt,"Vilanova, Emili",Cuadros populars,1881,LIT,N,no,central,38069
3267,003267_Records_y_esperances.out.txt,"Penya i Nicolau, Pere d'Alcàntara",Records y esperançes,1885,LIT,P,no,baleàric,10193
2079,002079_Prolech.out.txt,"Almirall, Valentí",Prólech,1867,NLIT,,no,central,7622
2920,002920_L_home_i_les_armes.out.txt,"Capdevila, Carles",L'home i les armes,1934,LIT,T,sí,central,22833
1629,001629_Articles_critichs_sobre_algunas_de_las_c.out.txt,"Valls i Vicens, Josep Maria",Articles crítichs sobre algunas de las costums catalanas,1883,NLIT,,no,central,12709
1180,001180_Vida_i_naturalesa_artistica_d_un_veritab.out.txt,"Millet i Pagès, Lluís",Vida i naturalesa artística d'un veritable orfeó i medis de desenrotllar-la,1918,NLIT,,no,central,4972
1995,001995_Barcelona_son_passat_present_y_porvenir.out.txt,"Sanpere i Miquel, Salvador","Barcelona: son passat, present y porvenir",1879,NLIT,,no,central,68343
3193,003193_Deunos_aygua_magestat.out.txt,"Casellas, Raimon","¡Déunos aygua, magestat!",1898,LIT,N,no,central,3505
1977,001977_Els_capitols_matrimonials_a_la_comarca_d.out.txt,"Faus i Condomines, Josep",Els capítols matrimonials a la comarca de Guissona,1908,NLIT,,no,central,45218
1874,001874_Resposta_al_questionari_pera_la_terminac.out.txt,Centre Català,Resposta del Centre Català segons el dictámen de sa secció de Foment al qüestionari pera la informació pública referent á las obras que convenen efectuar pera la terminació y engrandiment del port de Barcelona,1890,NLIT,,no,central,2284
3129,003129_Un_sarauista.out.txt,"Vilanova, Emili",Un sarauista,1897,LIT,T,no,central,2487
2206,002206_Clave.out.txt,"Mestres, Apel·les",Clavé,1876,NLIT,,no,central,14504
1741,001741_Agremiacio_agricola.out.txt,"Maspons i Camarasa, Jaume",Agremiació agrícola,1906,NLIT,,no,central,16067
2013,002013_Refleccions_sobre_lo_dret_que_te_a_la_su.out.txt,Anònim,Refleccions sobre lo dret que té á la successió del trono la sereníssima senyora infanta dona Maria Isabel Lluisa,1833,NLIT,,sí,central,6763
1922,001922_Higiene_rural_o_reglas_de_sanitat_al_us_.out.txt,"Fages de Romà, Narcís",Higiene rural ó reglas de sanitat al us dels homes del camp,1888,NLIT,,no,central,16554
161,000161_Dialegs_I.out.txt,"Crexells, Joan","Diàlegs, I",1924,LIT,A,sí,central,31987
3061,003061_Lo_crit_de_l_anima.out.txt,"Argullol, Josep d'",Lo crit de l'anima,1869,LIT,N,no,central,9875
587,000587_Filosofia_critica.out.txt,"Turró, Ramon",Filosofia crítica,1918,NLIT,,no,central,67634
2832,002832_Documents_notarials_II_Andorra.out.txt,"Calvet i Armengol, Pere","[Documents notarials, II. Andorra]",1873,NLIT,,no,nord-occidental,468
2950,002950_Guerau_i_Marta.out.txt,"Maseras i Galtés, Alfons",Guerau i Marta,1932,LIT,T,no,central,17869
3268,003268_Altra_peregrinacio_del_venturos_peregri.out.txt,"Collell, Jaume",Altra peregrinació del venturós peregrí,1871,LIT,P,no,central,3676
1586,001586_Prolec.out.txt,Anònim,Prolec,1846,NLIT,,no,valencià,2207
3115,003115_Canigo.out.txt,"Verdaguer, Jacint",Canigó,1886,LIT,P,no,central,28068
2778,002778_Documents_notarials_II_Barcelona.out.txt,"Andreu, Josep","[Documents notarials, II. Barcelona]",1834,NLIT,,no,central,7230
536,000536_Cartilla_popular_del_cranc.out.txt,Acadèmia i Laboratori de Ciències Mèdiques de Catalunya,Cartilla popular del cranc,1924,NLIT,,no,central,2551
3105,003105_Euras.out.txt,"Careta i Vidal, Antoni",Euras,1882,LIT,P,no,central,20232
2784,002784_Documents_notarials_III_Barcelona.out.txt,"Andreu, Josep","[Documents notarials, III. Barcelona]",1835,NLIT,,no,central,9363
1927,001927_Les_gargoles_de_Barcelona.out.txt,"Font i Sagué, Norbert",Les gárgoles de Barcelona,1898,NLIT,,no,central,25684
1944,001944_Els_torneigs_de_la_confraria_de_Sant_Jor.out.txt,"Miret i Sans, Joaquim",Els torneigs de la confraría de Sant Jordi a Barcelona,1912,NLIT,,no,central,4793
3301,003301_La_noya_del_entressuelo.out.txt,"Campmany i Pahissa, Narcís",La noya del entressuelo,1867,LIT,T,no,central,12232
1818,001818_Sota_terra_excursio_espeleoloch-geologic.out.txt,"Font i Sagué, Norbert","Sota terra: excursió espeleòloch-geològica al Priorat, montanyes de Prades y Alt Panadès",1901,NLIT,,no,central,9256
2315,002315_Llengua_catalana_Sa_apologia.out.txt,M. R. B.,Llengua catalana. Sa apologia,1843,NLIT,,no,central,1734
590,000590_Spinoza.out.txt,"Serra Hunter, Jaume",Spinoza,1933,NLIT,,no,central,15162
2245,002245_Carta_a_Francesc_Matheu_23VI1930.out.txt,"Collell, Jaume",[Carta a Francesc Matheu (23/VI/1930)],1930,NLIT,,no,central,243
3130,003130_Novicis.out.txt,"Casas Pallerol, Jaume",¡Novicis!,1901,LIT,T,no,central,7535
2718,002718_Discurs.out.txt,"Roca i Cornet, Joaquim",Discurs,1860,NLIT,,no,central,1722
1637,001637_L_amor_tipich.out.txt,"Torras i Bages, Josep",L'amor típich,1909,NLIT,,no,central,7092
2222,002222_Carta_a_Francesc_Matheu_29XII1898.out.txt,"Delpont, Juli",[Carta a Francesc Matheu (29/XII/1898)],1898,NLIT,,no,septentrional,276
3014,003014_La_calumnia_descubierta_o_an_Batista_y_l.out.txt,"Robrenyo, Josep",La calumnia descubierta ó an Batista y la Carmeta,1833,LIT,T,no,central,3491
1938,001938_Discurs.out.txt,"Duran i Bas, Manuel",Discurs,1884,NLIT,,no,central,3898
2983,002983_Lo_rondallayre_I.out.txt,"Maspons i Labrós, Francesc","Lo rondallayre, I",1871,LIT,N,no,central,31037
3059,003059_Cuentos_de_la_bora_del_foch.out.txt,"Soler, Frederic",Cuentos de la bora del foch,1867,LIT,P,no,central,10654
1942,001942_Memoria.out.txt,"Bassegoda i Amigó, Bonaventura",Memoria,1889,NLIT,,no,central,3667
2302,002302_Lo_remediador_o_sia_copia_de_alguns_reme.out.txt,Anònim,"Lo remediador, ó sia copia de alguns remeis que usaba lo célebre señor Vehí de la Péra, que la facilita al Sr. Genover de Vilanant",1845,NLIT,,no,central,11010
1854,001854_L_abus_de_les_dents_artificials.out.txt,"Boniquet, Josep",L'abús de les dents artificials,1902,NLIT,,no,central,3359
1793,001793_Un_descobriment_espeleologich.out.txt,"Font i Sagué, Norbert",Un descobriment espeleológich,1898,NLIT,,no,central,10337
2085,002085_Prolech_II.out.txt,"Maspons i Labrós, Francesc","Prólech, II",1872,NLIT,,no,central,4501
1616,001616_La_misteriosa_Llum.out.txt,"Miró i Borràs, Oleguer",La misteriosa Llum,1882,NLIT,,no,central,8308
1838,001838_L_sport_catolich.out.txt,"Sardà i Salvany, Fèlix",L'sport católich,1908,NLIT,,no,central,3628
615,000615_Idealitat_metafisica_espiritualisme.out.txt,"Serra Hunter, Jaume","Idealitat, metafísica, espiritualisme",1923,NLIT,,no,central,6992
1784,001784_Discurs.out.txt,"Balari i Jovany, Josep",Discurs,1894,NLIT,,no,central,5185
720,000720_Les_rates-pinyades.out.txt,"Tarré i Tarré, Emili",Les rates-pinyades,1911,NLIT,,no,central,6984
3372,003372_Rondaya_de_rondayas.out.txt,"Aguiló i Cortès, Tomàs",Rondaya de rondayas,1834,LIT,N,no,baleàric,5705
3159,003159_La_fada.out.txt,"Massó i Torrents, Jaume",La fada,1897,LIT,T,no,central,4357
3104,003104_Espurnas.out.txt,"Agulló i Vidal, Ferran",Espurnas,1886,LIT,P,no,central,6389
3382,003382_Canzo_pera_el_Album_de_la_senyora_Antoni.out.txt,"Villarroya, Tomàs",Canzó: pera el Album de la senyora Antonia de Montenegro,1840,LIT,P,no,valencià,338
133,000133_A_l_ombra_de_Santa_Maria_del_Mar.out.txt,"Plana, Alexandre",A l'ombra de Santa Maria del Mar,1923,LIT,N,no,nord-occidental,45925
1402,001402_Notes_numismatiques_monedes_de_Terrassa.out.txt,"Botet i Sisó, Joaquim",Notes numismàtiques: monedes de Terrassa,1915,NLIT,,no,central,2192
2449,002449_El_poema_espars.out.txt,"Folguera, Joaquim",El poema espars,1917,LIT,P,no,central,2596
3098,003098_Cansons_de_fandango.out.txt,"Ruiz i Pablo, Àngel",Cansons de fandango,1895,LIT,A,no,baleàric,1237
2745,002745_Promptuari_catolich.out.txt,"Arnautó, Josep Antoni",Promptuari catolich,1837,NLIT,,no,central,10603
1455,001455_Estudi_de_la_primera_creuada.out.txt,"Ivars Cardona, Andreu",Estudi de la primera creuada,1921,NLIT,,no,valencià,19791
1976,001976_Los_misteris_de_la_llengua_catalana_esbr.out.txt,"Vidal i Rosich, Cosme",Los misteris de la llengua catalana esbrinats,1906,NLIT,,no,central,19566
411,000411_L_ensenyament_popular_a_Catalunya_de_l_a.out.txt,Generalitat de Catalunya,L'ensenyament popular a Catalunya: de l'adveniment de la República al juliol del 1937,1937,NLIT,,no,central,2108
1968,001968_La_ceramica_en_la_Exposicio_Nacional_d_I.out.txt,"Bassegoda i Amigó, Bonaventura",La cerámica en la Exposició Nacional d'Industrias Artísticas de 1892,1893,NLIT,,no,central,14055
3142,003142_Qui_al_cel_escup.out.txt,"Busquets, Marçal",Qui al cel escup...,1866,LIT,T,no,central,7284
2088,002088_Catalech_de_la_flora_de_la_vall_de_Nuria.out.txt,"Vayreda i Vila, Estanislau",Catálech de la flora de la vall de Nuria,1882,NLIT,,no,central,27373
1605,001605_Les_sirenes_dels_joves_intelligents.out.txt,"Cortiella, Felip",Les sirenes dels joves intel·ligents,1907,NLIT,,no,central,2483
344,000344_Menus_de_guerra.out.txt,Generalitat de Catalunya,Menús de guerra,1937,NLIT,,no,central,3190
643,000643_Moliere_i_la_farsa_dels_metges.out.txt,"Gual, Adrià",Molière i la farsa dels metges,1921,NLIT,,no,central,10869
1833,001833_L_harmonia_en_l_art.out.txt,"Casanovas, Ignasi",L'harmonia en l'art,1907,NLIT,,no,central,6190
340,000340_La_fatiga_obrera.out.txt,"Aiguader i Miró, Jaume",La fatiga obrera,1929,NLIT,,no,central,7254
2001,002001_Lo_Freser.out.txt,"Massó i Torrents, Jaume",Lo Freser,1883,NLIT,,no,central,7613
1937,001937_Discurs.out.txt,"Monserdà, Dolors",Discurs,1909,NLIT,,no,central,3503
1752,001752_Plan_de_reforma_adoptat_en_las_Valls_de_.out.txt,Consell General del Principat d'Andorra,Plan de reforma adoptat en las Valls de Andorra,1866,NLIT,,no,nord-occidental,3638
2886,002886_El_perfecte_dandi.out.txt,"Corominas, Pere",El perfecte dandi,1940,LIT,N,no,central,3314
3088,003088_Cap_al_tard.out.txt,"Alcover, Joan",Cap al tard,1909,LIT,P,no,baleàric,10788
2519,002519_Missatje_a_S_M_Da_Maria_Cristina_de_Habs.out.txt,Anònim,"Missatje á S. M. Da. María Cristina de Habsburg-Lorena, Reyna Regent d'Espanya Contesa de Barcelona",1888,NLIT,,no,central,6350
60,000060_Ahon_esta_el_lladre.out.txt,"Burguet i Codoñer, Joan Baptista",¿Ahon está el lladre?,1880,LIT,T,no,valencià,5572
468,000468_El_problema_de_la_natalitat_a_Catalunya_.out.txt,"Puig i Sais, Ermenegild",El problema de la natalitat a Catalunya: un gravíssim perill per la nostra pàtria,1915,NLIT,,no,central,33308
1932,001932_Manual_de_fonetica_catalana.out.txt,"Schädel, Bernhard",Manual de fonètica catalana,1908,NLIT,,no,central,6383
2408,002408_Cartes_a_Josep_Serra_i_Campdelacreu_1876.out.txt,"Pella i Forgas, Josep",[Cartes a Josep Serra i Campdelacreu (1876)],1876,NLIT,,no,central,496
2317,002317_Agricultura_De_la_herba_anomenada_fare_v.out.txt,"Roquer i Pagani, Pere",Agricultura. De la herba anomenada fare (vulgo frare),1843,NLIT,,no,central,948
2797,002797_Documents_notarials_II_Girona.out.txt,"Lagrifa i de Bono, Ramon","[Documents notarials, II. Girona]",1844,NLIT,,no,central,659
3277,003277_Espigas_y_flors.out.txt,"Pepratx, Justí",Espigas y flors,1882,LIT,P,no,septentrional,4428
369,000369_Projecte_de_Bases_per_a_una_nova_Llei_Mu.out.txt,Federació de Municipis Catalans,Projecte de Bases per a una nova Llei Municipal,1933,NLIT,,no,central,4043
2783,002783_Documents_notarials_II_Barcelona.out.txt,"Alsina, Anton","[Documents notarials, II. Barcelona]",1835,NLIT,,no,central,2784
3019,003019__Cliches_.out.txt,"Querol i de Bofarull, Ferran de",'Clichés',1902,LIT,N,no,central,29333
2885,002885_Del_sagrament_del_matrimoni.out.txt,"Vilardebò, Sebastià",Del sagrament del matrimoni,1837,NLIT,,no,central,1406
2807,002807_Documents_notarials_I_Reus.out.txt,"Bassedas, Josep","[Documents notarials, I. Reus]",1847,NLIT,,no,central,2377
2223,002223_Carta_a_Francesc_Matheu_5VII1899.out.txt,"Vayreda, Marià",[Carta a Francesc Matheu (5/VII/1899)],1899,NLIT,,no,central,920
1899,001899_Discurs.out.txt,"Rubió i Lluch, Antoni",Discurs,1907,NLIT,,no,central,5421
2955,002955_Hamlet.out.txt,"Morera Galícia, Magí",Hàmlet,1920,LIT,T,sí,nord-occidental,31327
2077,002077_Apuntaments_y_datos.out.txt,"Balaguer, Víctor",Apuntaments y datos,1866,NLIT,,no,central,13666
1821,001821_Don_Marian_Aguilo.out.txt,"Oliver, Miquel dels Sants",Don Marian Aguiló,1898,NLIT,,no,baleàric,8344
429,000429_Pancatalanisme.out.txt,"Maseras i Galtés, Alfons",Pancatalanisme,1915,NLIT,,no,central,1529
3329,003329_El_deu_denau_y_noranta.out.txt,"Escalante, Eduard","El dèu, dènau y noranta",1861,LIT,T,no,valencià,4878
2188,002188_Enric_Morera.out.txt,"Iglésias, Ignasi",Enric Morera,1921,NLIT,,no,central,8594
3099,003099_Carta_d_un_mahones.out.txt,"Ruiz i Pablo, Àngel",Carta d'un mahonés,1895,LIT,A,no,baleàric,2025
1614,001614_Lo_sometent.out.txt,"Coroleu i Inglada, Josep; Pella i Forgas, Josep",Lo sometent,1877,NLIT,,no,central,20052
2998,002998_Lo_rey_Micomico.out.txt,"Terradas, Abdó",Lo rey Micomicó,1838,LIT,T,no,central,7219
3294,003294_Liceistas_y_cruzados.out.txt,"Soler, Frederic; Passarell, Frederic",Liceistas y cruzados,1865,LIT,T,no,central,13230
2883,002883_Del_sagrament_del_baptisme.out.txt,"Vilardebò, Sebastià",Del sagrament del baptisme,1837,NLIT,,no,central,1909
2997,002997_El_padre_Carnot_en_Guimera.out.txt,"Robrenyo, Josep",El padre Carnot en Guimerà,1835,LIT,T,no,central,4080
2976,002976_Lo_comte_l_Arnau.out.txt,"Soler, Frederic",Lo comte l'Arnau,1900,LIT,T,no,central,24889
1483,001483_Relacions_familiars_i_politiques_entre_J.out.txt,"Valls i Taberner, Ferran",Relacions familiars i polítiques entre Jaume el Conqueridor i Anfós el Savi,1918,NLIT,,no,central,11886
727,000727_La_guilla.out.txt,"Tarré i Tarré, Emili",La guilla,1916,NLIT,,no,central,2572
2724,002724_13.out.txt,"Roure, Conrad",¡13!,1897,LIT,T,no,central,5377
2791,002791_Documents_notarials_I_Andorra.out.txt,"Calvet i Serdaña, Pere","[Documents notarials, I. Andorra]",1842,NLIT,,no,nord-occidental,483
2104,002104_Prolech.out.txt,"Rubió i Lluch, Antoni",Prólech,1908,NLIT,,no,central,9212
602,000602_La_filosofia_d_Henri_Poincare.out.txt,Anònim,La filosofia d'Henri Poincaré,1917,NLIT,,sí,central,10930
1753,001753_Els_aucells_mes_utils_a_la_agricultura_d.out.txt,"Tarré i Tarré, Emili",Els aucells més útils á la agricultura de Catalunya,1902,NLIT,,no,central,28949
334,000334_En_Ramon_Muntaner.out.txt,"Rahola, Carles",En Ramon Muntaner,1922,NLIT,,no,central,11220
3047,003047_La_febre_d_or_II.out.txt,"Oller, Narcís","La febre d'or, II",1891,LIT,N,no,central,56248
1719,001719_Sermo_predicat_a_la_festa_que_la_capella.out.txt,"Costa i Llobera, Miquel",Sermó predicat á la festa que la capella de Manacor dedicà a la seva patrona santa Cecilia,1899,NLIT,,no,baleàric,2887
2075,002075_Elements_de_poetica_catalana_y_diccionar.out.txt,"Estorch i Siqués, Pau",Elements de poética catalana y diccionari de sa rima,1852,NLIT,,no,central,14271
3291,003291_Lo_catalanisme.out.txt,"Almirall, Valentí",Lo catalanisme,1886,LIT,A,no,central,97136
1615,001615_Reglas_de_urbanitat_o_bona_criansa_y_est.out.txt,"Fages de Romà, Narcís","Reglas de urbanitát ó bona criansa y estil de cartas familiars, al us dels homens del camp",1855,NLIT,,no,central,4696
1933,001933_En_Maragall_y_la_seva_obra_de_publicista.out.txt,"Oliver, Miquel dels Sants",En Maragall y la seva obra de publicista,1912,NLIT,,no,baleàric,7045
2725,002725_Matrimonis_a_Montserrat.out.txt,"Roure, Conrad",Matrimonis á Montserrat,1896,LIT,T,no,central,13072
1725,001725_Estat_actual_de_la_politica_catalana.out.txt,"Martí i Julià, Domènec",Estat actual de la política catalana,1910,NLIT,,no,central,10807
1262,001262_Interpretacions_i_motius.out.txt,"Maseras i Galtés, Alfons",Interpretacions i motius,1919,LIT,A,no,central,28590
3390,003390_Lo_sant_evangeli_de_Jesu-Christ_segons_s.out.txt,"Prat i Solà, Josep Melcior; Busanyà, Ramon",Lo sant evangeli de Jesu-Christ segons sant Joan,1832,LIT,N,sí,central,18802
3035,003035_Escenas_de_la_vida_pagesa.out.txt,"Riera i Bertran, Joaquim",Escenas de la vida pagesa,1878,LIT,N,no,central,34878
1989,001989_Els_arxius_parroquials.out.txt,"Vila i Sala, Anton",Els arxius parroquials,1912,NLIT,,no,central,4046
3106,003106_Musica_vella.out.txt,"Dòria i Bonaplata, Evel·lí",Música vella,1896,LIT,P,no,central,8178
1849,001849_Carta_enciclica_de_nostre_santissim_pare.out.txt,Anònim,Carta encíclica de nostre santíssim pare Lleó XIII per la divina providencia papa: del rosari de Maria,1892,NLIT,,sí,central,4252
3176,003176_a_deshora_de_la_nit.out.txt,"Lladró i Mallí, Ramon",Á deshora de la nit,1888,LIT,T,no,valencià,5583
1770,001770_Del_comers_antich_y_modern_de_Tarragona.out.txt,"Rahola i Trèmols, Frederic",Del comers antich y modern de Tarragona,1911,NLIT,,no,central,12944
3083,003083_Poesias_catalanas.out.txt,"Maspons i Labrós, Maria del Pilar",Poesías catalanas,1874,LIT,P,no,central,15025
2605,002605_Quertille_des_dielecte_menurqui.out.txt,"Ferrer i Parpal, Jaume",Quertille des dielècte menurquí,1858,NLIT,,no,baleàric,5139
2447,002447_Segarrenques.out.txt,"Iglésies i Guizard, Josep",Segarrenques,1917,LIT,P,no,central,27869
3024,003024_Gent_de_casa.out.txt,"Vilanova, Emili",Gent de casa,1889,LIT,N,no,central,41635
2869,002869_La_comedia_extraordinaria_de_l_home_que_.out.txt,"Gual, Adrià",La comedia extraordinaria de l'home que va perdre el temps,1914,LIT,T,no,central,18209
3282,003282_Del_agre_dols.out.txt,"Sanmartín i Aguirre, Josep Francesc",Del agre dols,1900,LIT,P,no,valencià,8707
633,000633_Les_normes_de_l_Institut_cartes_obertes_.out.txt,"Saderra i Mata, Josep",Les normes de l'Institut: cartes obertes al Dr. Antoni M.ª Alcover,1919,NLIT,,no,central,7140
3362,003362_L_amistat.out.txt,"Montoliu, Cebrià de",L'amistat,1904,LIT,A,sí,baleàric,5928
3323,003323_El_cristino_y_el_carlista.out.txt,Anònim,El cristino y el carlista,1839,LIT,T,no,central,1072
1780,001780_Noticia_historica_del_monestir_d_Alguayr.out.txt,"Miret i Sans, Joaquim",Noticia històrica del monestir d'Alguayre,1899,NLIT,,no,central,12651
2828,002828_Documents_notarials_I_Sant_Julia_de_Lori.out.txt,"Adellach, Joan","[Documents notarials, I. Sant Julià de Lòria]",1872,NLIT,,no,nord-occidental,493
41,000041_Poemes_biblics.out.txt,"Alcover, Joan",Poemes bíblics,1918,LIT,P,no,baleàric,6727
2213,002213_Carta_a_Francesc_Matheu_25IX1881.out.txt,"Costa i Llobera, Miquel",[Carta a Francesc Matheu (25/IX/1881)],1881,NLIT,,no,baleàric,327
1103,001103_Els_jocs_olimpics_en_l_antiga_Grecia.out.txt,"Elias i Juncosa, Josep",Els jocs olímpics en l'antiga Grècia,1920,NLIT,,no,central,9923
1625,001625_Tradicions_del_Valles.out.txt,"Maspons i Labrós, Francesc",Tradicions del Vallés,1876,NLIT,,no,central,11833
2468,002468_Geografia.out.txt,"Roca, F.",[Geografia],1834,NLIT,,no,central,10524
2362,002362_Carta_a_Antoni_Maria_Alcover_29III1917.out.txt,"Barnils, Pere",[Carta a Antoni Maria Alcover (29/III/1917)],1917,NLIT,,no,central,493
511,000511_Dels_excitants_cardiacs_directes_en_el_t.out.txt,"Freixas i Freixas, Joan","Dels excitants cardíacs directes en el tractament del defalliment cardíac, fins a l'establiment de l'assistolia, per obstacles perifèrics",1923,NLIT,,no,central,5074
2785,002785_Documents_notarials_I_Cassa_de_la_Selva.out.txt,"Bota, Josep","[Documents notarials, I. Cassà de la Selva]",1835,NLIT,,no,central,1995
2131,002131_Conclusio.out.txt,"Brunet i Bellet, Josep",Conclusió,1889,NLIT,,no,central,6049
2985,002985_Vetlladas_a_la_vora_del_foch_y_a_la_llum.out.txt,Un centinella del any vuit,"Vetlladas a la vora del foch y a la llum de la lluna, I",1871,LIT,N,no,central,68601
3281,003281_Al_cel.out.txt,"Verdaguer, Jacint",Al cel,1903,LIT,P,no,central,6975
2277,002277_Facilitat_de_ser_sant_o_metodo_breu_y_se.out.txt,"Bret, Tomàs",Facilitat de ser sant ó método breu y sensill per santificarse cada persona segons la sua classe y estat,1859,NLIT,,no,central,33737
1643,001643_La_elevacio_del_poble_o_sia_la_democraci.out.txt,"Torras i Bages, Josep",La elevació del poble ó sia la democracia cristiana,1905,NLIT,,no,central,12695
577,000577_Problemes_d_urbanisme.out.txt,"Claramunt i Furest, Lluís",Problemes d'urbanisme,1934,NLIT,,no,central,3845
3043,003043_Manyoc_de_fruita_mallorquina.out.txt,"Rosselló i Crespí, Joan",Manyoc de fruita mallorquina,1903,LIT,N,no,baleàric,44826
128,000128_Les_gracies_de_l_Emporda.out.txt,"Corominas, Pere",Les gràcies de l'Empordà,1919,LIT,N,no,central,9558
2063,002063_Butlleti_de_la_Federacio_Sindical_Agrari.out.txt,Publicacions Periòdiques,"Butlletí de la Federació Sindical Agrària, núm. 103, Girona",1927,NLIT,,no,central,3939
2051,002051_Esposicio_de_lo_estad_actual_de_l_agricu.out.txt,"Soler i Signier, Juli",Esposició de lo estad actual de l'agricultura en la isla de Menorca,1857,NLIT,,no,baleàric,28638
2278,002278_Los_balls_sense_vel.out.txt,Un sacerdot del bisbat d'Urgell,Los balls sense vel,1858,NLIT,,no,central,11905
2722,002722_Passions_funestas.out.txt,"Roure, Conrad; Urgell, Modest",Passions funestas,1898,LIT,T,no,central,18441
1628,001628_Positivisme.out.txt,"Aldrich, Albert",Positivisme,1904,NLIT,,sí,central,25856
1126,001126_L_art_de_construir_les_ciutats_i_la_refo.out.txt,"Forteza i Pinya, Guillem",L'art de construir les ciutats i la reforma de Palma,1921,NLIT,,no,baleàric,13112
3322,003322_La_caida_de_Morella.out.txt,D. R. M.,La caida de Morella,1842,LIT,T,no,central,5085
1966,001966_Relacions_de_la_salut_y_la_ensenyanca_a_.out.txt,"Fuster i Domingo, Narcís",Relacions de la salut y la ensenyança a Catalunya,1908,NLIT,,no,central,7846
2466,002466_Documents_de_agricultura_per_tots_los_me.out.txt,"Roca, F.",Documents de agricultura per tots los mesos del any,1834,NLIT,,no,central,4538
1635,001635_Contra_la_blasfemia.out.txt,"Torras i Bages, Josep",Contra la blasfemia,1909,NLIT,,no,central,4416
151,000151_El_Cantic_dels_Cantics_de_Salomo.out.txt,"Clascar, Frederic",El Càntic dels Càntics de Salomó,1918,LIT,P,sí,central,2647
2757,002757_La_cuinera_catalana_Quadern_II.out.txt,Anònim,La cuinera catalana. Quadern II,1835,NLIT,,no,central,12734
3146,003146_Lo_pages_de_l_Ampurda_o_flors_trasplanta.out.txt,"Ferrer i Codina, Antoni",Lo pagés de l'Ampurdá ó flors trasplantadas,1875,LIT,T,no,central,22945
1512,001512_Tebes.out.txt,"Riera, J. M.",Tebes,1930,NLIT,,no,central,6247
3264,003264_Nausica.out.txt,"Maragall, Joan",Nausica,1913,LIT,T,no,central,13529
1931,001931_Art_i_literatura.out.txt,"Alcover, Joan",Art i literatura,1904,NLIT,,no,baleàric,16282
3315,003315_Lo_prodigi_del_sigle.out.txt,"Barberà i Canturri, Josep Maria",Lo prodigi del sigle,1868,LIT,P,no,central,29328
2127,002127_Prolech.out.txt,"Labèrnia, Pere",Prolech,1839,NLIT,,no,central,1272
2800,002800_Documents_notarials_I_Tarragona.out.txt,"Porxat, Ramon","[Documents notarials, I. Tarragona]",1844,NLIT,,no,central,426
642,000642_El_novellista_catala_Alfons_Maseras.out.txt,"Domènech i Vilanova, Cristòfor de",El novel·lista català Alfons Maseras,1922,NLIT,,no,central,6846
2329,002329_Catalunya_Biografia_de_Geroni_Pujades.out.txt,M. R. B.,Catalunya. Biografia de Geroni Pujades,1843,NLIT,,no,central,2269
2994,002994_Assi_comensa_la_historia_de_un_fet_de_ca.out.txt,"Rubió i Ors, Joaquim",Assi comensa la historia de un fet de cavalleria,1862,LIT,N,no,central,7875
2092,002092_Cartas_familiars_sobre_un_assumpto_trasc.out.txt,"Vidal i de Valenciano, Gaietà",Cartas familiars sobre un assumpto trascendental,1874,NLIT,,no,central,15364
3334,003334_Cuants_mes_serem_mes_riurem_o_la_cartila.out.txt,"Colomer, Conrad",Cuants més serem més riurem ó la cartilaginotalgia,1877,LIT,T,no,central,4615
1181,001181_Vida_economica_general_dels_orfeons_i_es.out.txt,"Pujol i Pons, Francesc",Vida econòmica general dels orfeons i estudi d'una sòlida i productiva organització que puga donar estabilitat i medis suficients a l'expansió artística dels mateixos,1918,NLIT,,no,central,2019
2884,002884_Del_SS_sagrament_de_la_eucharistia.out.txt,"Vilardebò, Sebastià",Del SS. sagrament de la eucharistia,1837,NLIT,,no,central,3531
1733,001733_Negacions_y_afirmacions_del_catalanisme.out.txt,"Alomar, Gabriel",Negacions y afirmacions del catalanisme,1910,NLIT,,no,baleàric,10382
2074,002074_Resenya_historica_y_critica_dels_antichs.out.txt,"Milà i Fontanals, Manuel",Resenya histórica y crítica dels antichs poetas catalans,1864,NLIT,,no,central,19463
730,000730_La_llebre.out.txt,"Tarré i Tarré, Emili",La llebre,1917,NLIT,,no,central,3095
1403,001403_Avant_projecte_de_decoracio_de_la_sala_d.out.txt,"Monserdà i Vidal, Enric",Avant projecte de decoració de la sala del Consell de Cent de la Casa de la Ciutat de Barcelona,1914,NLIT,,no,central,3733
493,000493_Tractat_d_aprestos_i_acabats_de_fils_i_t.out.txt,"Brunet, Gaspar","Tractat d'aprestos i acabats de fils i teixits, principalment de cotó",1918,NLIT,,no,central,23044
601,000601_Balmes_en_son_temps.out.txt,"Oliver, Miquel dels Sants",Balmes en son temps,1915,NLIT,,no,baleàric,6031
3062,003062_A_la_vora_del_foch.out.txt,"Asensio d'Alcàntara, Joaquim",A la vora del foch,1867,LIT,P,no,central,9594
1621,001621_Dels_origens_del_coneixement_de_lo_real_.out.txt,"Turró, Ramon",Dels origens del coneixement de lo real exterior: la fam,1912,NLIT,,no,central,14824
2239,002239_Carta_a_Francesc_Matheu_8IV1920.out.txt,"Alcover, Joan",[Carta a Francesc Matheu (8/IV/1920)],1920,NLIT,,no,baleàric,289
2094,002094_D_Joaquim_Gatell_y_Folch_lo_kaid_Ismail.out.txt,"Fiter i Inglès, Josep",D. Joaquim Gatell y Folch (lo kaid Ismail),1879,NLIT,,no,central,10132
3407,003407_La_campana_de_Sant_Llop.out.txt,"Soler, Frederic",La campana de Sant Llop,1878,LIT,T,no,central,15644
2996,002996_Setse_jutjes.out.txt,"Angelon, Manuel",Setse jutjes...,1868,LIT,T,no,nord-occidental,5414
1890,001890_Problemes_d_escachs_d_autors_catalans_co.out.txt,"Pin i Soler, Josep",Problemes d'escachs d'autors catalans contemporanis,1899,NLIT,,no,central,3538
2227,002227_Carta_a_Francesc_Matheu_7XII1904.out.txt,"Ruyra, Joaquim",[Carta a Francesc Matheu (7/XII/1904)],1904,NLIT,,no,central,261
3045,003045_La_punyalada.out.txt,"Vayreda, Marià",La punyalada,1904,LIT,N,no,central,61293
2777,002777_Documents_notarials_I_Sabadell.out.txt,"Viladot, Francesc","[Documents notarials, I. Sabadell]",1833,NLIT,,no,central,16845
2345,002345_Carta_a_Maria_Aguilo_20V1883.out.txt,"Alcover, Antoni Maria",[Carta a Marià Aguiló (20/V/1883)],1883,NLIT,,no,baleàric,1322
3196,003196_La_copa_d_argent.out.txt,"Navarro i Llombart, Carmel",La copa d'argent,1887,LIT,P,no,valencià,7123
2352,002352_Carta_a_Joan_Sarda_31I1895.out.txt,"Yxart, Josep",[Carta a Joan Sardà (31/I/1895)],1895,NLIT,,no,central,860
3339,003339_La_morta.out.txt,"Crehuet, Pompeu",La morta,1904,LIT,T,no,central,5975
3383,003383_Canzo_a_la_mort_del_pintor_valencia_D_An.out.txt,"Villarroya, Tomàs",Canzó: a la mort del pintor valenciá D. Antoni Ca bana,1840,LIT,P,no,valencià,385
2829,002829_Documents_notarials_I_Andorra.out.txt,"Serret, Pere","[Documents notarials, I. Andorra]",1873,NLIT,,no,nord-occidental,415
3133,003133_El_virgo_de_Visanteta_y_el_alcalde_de_Fa.out.txt,"Bernat i Baldoví, Josep","El virgo de Visanteta y el alcalde de Favara, ó el parlár bé no costa un pacho",1845,LIT,T,no,valencià,6313
2810,002810_Documents_notarials_IV_Andorra.out.txt,"Calvet i Serdaña, Pere","[Documents notarials, IV. Andorra]",1851,NLIT,,no,nord-occidental,1102
523,000523_Escola_d_infermeres_auxiliars_de_medicin.out.txt,Escola d'Infermeres Auxiliars de Medicina,Escola d'infermeres auxiliars de medicina,1922,NLIT,,no,central,5115
2809,002809_Documents_notarials_I_Barcelona.out.txt,"Gurri, Lluís","[Documents notarials, I. Barcelona]",1850,NLIT,,no,central,4079
1855,001855_Los_aucells_de_Teya_y_Masnou.out.txt,"Barrera, Jacint",Los aucells de Teyá y Masnou,1892,NLIT,,no,central,10887
721,000721_L_erisso.out.txt,"Tarré i Tarré, Emili",L'erissó,1912,NLIT,,no,central,2355
2752,002752_Breu_instruccio_religiosa_per_los_pageso.out.txt,"Arnautó, Josep Antoni",Breu instrucció religiosa per los pagesos ó gent del camp,1841,NLIT,,no,central,7820
1834,001834_L_Ausa_romana_y_el_seu_temple.out.txt,"Gudiol i Cunill, Josep",L'Ausa romana y el seu temple,1907,NLIT,,no,central,11259
2746,002746_Catecisme_de_la_doctrina_cristiana_expli.out.txt,"Claret i Clarà, Antoni Maria",Catecisme de la doctrina cristiana explicat y adaptat á la capacitat dels noys y noyas,1848,NLIT,,no,central,18744
2067,002067_Los_camps_y_ls_prats.out.txt,C. M.,Los camps y'ls prats,1872,NLIT,,sí,central,43723
2953,002953_Don_Joan_de_Serrallonga.out.txt,"Balaguer, Víctor",Don Joan de Serrallonga,1868,LIT,T,no,central,24770
3366,003366_Lo_darrer_agermanat.out.txt,"Navarro i Llombart, Carmel",Lo darrer agermanat,1883,LIT,T,no,valencià,8045
3200,003200_La_garba.out.txt,"Mestres, Apel·les",La garba,1891,LIT,P,no,central,9677
2480,002480_Cartas_a_un_pages_sobre_l_drenatge.out.txt,"Ruiz Amado, H.",Cartas á un pagés sobre'l drenatge,1877,NLIT,,no,central,2758
2824,002824_Documents_notarials_III_Cassa_de_la_Selv.out.txt,"Bota, Josep","[Documents notarials, III. Cassà de la Selva]",1855,NLIT,,no,central,668
3266,003266_Roser_de_tot_l_any.out.txt,"Verdaguer, Jacint",Roser de tot l'any,1894,LIT,P,no,central,19661
2821,002821_Documents_notarials_III_Sabadell.out.txt,"Viladot, Francesc","[Documents notarials, III. Sabadell]",1853,NLIT,,no,central,4349
3195,003195_Jacobe.out.txt,"Ruyra, Joaquim",Jacobé,1902,LIT,N,no,central,8113
513,000513_Del_meu_treball_en_l_Hospital_de_la_Sant.out.txt,"Freixas i Freixas, Joan",Del meu treball en l'Hospital de la Santa Creu en el curs de 1919-1920,1920,NLIT,,no,central,26937
3320,003320_Qui_no_adoba_la_gotera_ha_de_adobar_la_c.out.txt,Anònim,Qui no adoba la gotera ha de adobar la casa entera. Ó sia mala muller y mala madrastra,1833,LIT,T,no,central,5877
3167,003167_Plogut_del_cel.out.txt,"Pirozzini i Martí, Felip",Plogut del cel,1877,LIT,T,no,central,6483
1040,001040_Reglament.out.txt,Centre Excursionista de Catalunya,Reglament,1929,NLIT,,no,central,2416
1798,001798_L_associacio_obrera.out.txt,"Valentí Vivó, Ignasi",L'associació obrera,1902,NLIT,,no,central,3450
2084,002084_Prolech_I.out.txt,"Maspons i Labrós, Francesc","Prólech, I",1871,NLIT,,no,central,2130
1150,001150_El_cant_de_la_Sibilla.out.txt,"Pujol i Pons, Francesc",El cant de la Sibil·la,1918,NLIT,,no,central,5441
153,000153_Pina_la_italiana_del_dancing.out.txt,"Corominas, Pere","Pina, la italiana del dancing",1933,LIT,N,no,central,17684
61,000061_Tanner.out.txt,"Verdú, Josep; Palà Marquillas, Miquel M.",¡Tanner!,1880,LIT,T,no,central,2816
2801,002801_Documents_notarials_II_Andorra.out.txt,"Calvet i Serdaña, Pere","[Documents notarials, II. Andorra]",1845,NLIT,,no,nord-occidental,760
2123,002123_Traduccio_al_catala_del_metodo_preservat.out.txt,Anònim,Traduccio al catala del metodo preservatiu y curatiu del cólera-morbo,1834,NLIT,,sí,central,437
1743,001743_Criminalitat_tipica_local.out.txt,"Vallmitjana, Juli",Criminalitat típica local,1910,NLIT,,no,central,8400
2471,002471_Botanica.out.txt,Anònim,Botánica,1857,NLIT,,no,central,3423
1891,001891_Heribert_Mariezcurrena_y_la_introduccio_.out.txt,"Canibell, Eudald",Heribert Mariezcurrena y la introducció de la fototipia y del fotogravat,1900,NLIT,,no,central,5234
2788,002788_Documents_notarials_II_La_Seu_d_Urgell.out.txt,"Gual, Esteve","[Documents notarials, II. La Seu d'Urgell]",1838,NLIT,,no,nord-occidental,2179
2478,002478_Consells_higienichs.out.txt,"Salarich i Verdaguer, Joaquim",Consells higiénichs,1865,NLIT,,no,central,3324
352,000352_Collectivitzacio_i_control_obrer_disposi.out.txt,Generalitat de Catalunya,Col·lectivització i control obrer: disposicions legals que regulen aquestes matèries,1937,NLIT,,no,central,7435
