filename,source,year,text_type,variant,translation,word_count,y_count,y_freq_10k,i_count,i_freq_10k,ab_count,ab_freq_10k,amb_count,amb_freq_10k,lo_count,lo_freq_10k,los_count,los_freq_10k,el_count,el_freq_10k,els_count,els_freq_10k,a_acute_count,a_acute_freq_10k,a_grave_count,a_grave_freq_10k,cedilla_count,cedilla_freq_10k,ny_count,ny_freq_10k,ss_count,ss_freq_10k,qu_diaeresis_count,qu_diaeresis_freq_10k,plural_as_count,plural_as_freq_10k,plural_es_count,plural_es_freq_10k,h_count,h_freq_10k,final_ch_count,final_ch_freq_10k,final_c_count,final_c_freq_10k
003390_Lo_sant_evangeli_de_Jesu-Christ_segons_s.out.txt,CTILC,1832,LIT,central,sí,18802,864,459.5255823848527,1,0.5318583129454313,106,56.37698117221572,0,0.0,439,233.48579938304437,228,121.26369535155834,0,0.0,0,0.0,891,473.8857568343793,0,0.0,0,0.0,101,53.71768960748856,131,69.6734389958515,0,0.0,539,286.6716306775875,645,343.0486118498032,1241,660.0361663652802,157,83.50175513243272,0,0.0
003391_Los_fets_dels_apostols.out.txt,CTILC,1832,LIT,central,sí,23256,1528,657.0347437220503,1,0.4299965600275198,222,95.45923632610939,0,0.0,452,194.35844513243893,324,139.3188854489164,0,0.0,0,0.0,1218,523.735810113519,0,0.0,0,0.0,220,94.59924320605434,271,116.52906776745787,0,0.0,788,338.83728930168564,630,270.8978328173375,1197,514.7058823529411,110,47.29962160302717,4,1.7199862401100792
002013_Refleccions_sobre_lo_dret_que_te_a_la_su.out.txt,CTILC,1833,NLIT,central,sí,6763,306,452.46192518113264,3,4.435901227266006,53,78.3675883483661,0,0.0,218,322.3421558479964,61,90.19665828774212,4,5.914534969688008,0,0.0,354,523.4363448173887,0,0.0,0,0.0,122,180.39331657548425,101,149.34200798462223,0,0.0,257,380.00887180245456,145,214.40189265119028,202,298.68401596924446,20,29.572674848440045,3,4.435901227266006
002125_Obligacions_que_tenen_de_cumplir_los_ser.out.txt,CTILC,1833,NLIT,central,no,1918,61,318.0396246089677,0,0.0,5,26.068821689259643,0,0.0,41,213.7643378519291,23,119.91657977059437,0,0.0,0,0.0,110,573.5140771637122,0,0.0,0,0.0,17,88.63399374348279,33,172.05422314911365,0,0.0,98,510.94890510948903,37,192.9092805005214,78,406.67361835245043,14,72.99270072992701,0,0.0
002628_Documents_notarials_I_Barcelona.out.txt,CTILC,1833,NLIT,central,no,4180,216,516.7464114832536,0,0.0,35,83.73205741626795,0,0.0,148,354.066985645933,61,145.93301435406698,3,7.177033492822966,0,0.0,212,507.17703349282294,0,0.0,0,0.0,29,69.377990430622,4,9.569377990430622,0,0.0,246,588.5167464114833,66,157.89473684210526,117,279.9043062200957,23,55.02392344497608,1,2.3923444976076556
002629_Documents_notarials_I_Barcelona.out.txt,CTILC,1833,NLIT,central,no,5698,358,628.2906282906282,3,5.265005265005265,87,152.6851526851527,0,0.0,99,173.74517374517376,21,36.85503685503686,3,5.265005265005265,0,0.0,159,279.0452790452791,0,0.0,0,0.0,20,35.1000351000351,7,12.285012285012284,0,0.0,338,593.1905931905932,94,164.97016497016497,177,310.63531063531065,48,84.24008424008424,0,0.0
002777_Documents_notarials_I_Sabadell.out.txt,CTILC,1833,NLIT,central,no,16845,989,587.1178391214011,0,0.0,160,94.98367468091422,0,0.0,362,214.90056396556844,100,59.364796675571384,0,0.0,0,0.0,424,251.70673790442268,0,0.0,0,0.0,83,49.27278124072425,287,170.37696645888985,0,0.0,804,477.29296527159397,345,204.80854853072125,653,387.6521222914812,192,113.98040961709707,6,3.5618878005342833
003014_La_calumnia_descubierta_o_an_Batista_y_l.out.txt,CTILC,1833,LIT,central,no,3491,96,274.9928387281581,0,0.0,0,0.0,0,0.0,22,63.01919220853624,5,14.322543683758235,23,65.88370094528788,0,0.0,130,372.3861357777141,41,117.44485820681753,0,0.0,0,0.0,0,0.0,0,0.0,180,515.6115726152965,90,257.80578630764825,199,570.0372386135778,44,126.03838441707248,8,22.916069894013177
003015_El_espatriado_en_su_patria.out.txt,CTILC,1833,LIT,central,no,3449,91,263.8445926355465,0,0.0,1,2.8993911278631486,0,0.0,37,107.2774717309365,6,17.396346767178894,7,20.29573789504204,0,0.0,180,521.8904030153668,34,98.57929834734706,0,0.0,1,2.8993911278631486,2,5.798782255726297,0,0.0,119,345.02754421571467,89,258.04581037982024,194,562.4818788054508,43,124.6738184981154,0,0.0
003016_La_union_o_la_tia_Sacallona_en_las_fiest.out.txt,CTILC,1833,LIT,central,no,4051,100,246.85262898049862,0,0.0,1,2.4685262898049865,0,0.0,41,101.20957788200444,23,56.77610466551469,15,37.0278943470748,0,0.0,160,394.9642063687978,60,148.1115773882992,0,0.0,0,0.0,0,0.0,0,0.0,154,380.15304862996794,117,288.8175759071834,245,604.7889410022217,33,81.46136756356455,49,120.95778820044433
003049_Damocles_o_el_filosof_reinant.out.txt,CTILC,1833,LIT,baleàric,sí,7452,195,261.6747181964573,0,0.0,53,71.12184648416533,0,0.0,86,115.40526033279656,35,46.96725711218465,216,289.8550724637681,89,119.43102522812667,1129,1515.0295222758991,11,14.761137949543746,3,4.025764895330113,0,0.0,77,103.32796564680623,0,0.0,286,383.7895866881374,181,242.88781535158347,260,348.89962426194313,0,0.0,32,42.941492216854535
003050_Josef_intendant_de_tota_l_Egipta.out.txt,CTILC,1833,LIT,baleàric,sí,11026,396,359.151097406131,0,0.0,90,81.62524941048432,0,0.0,177,160.52965717395247,30,27.20841647016144,288,261.2007981135498,65,58.95156901868311,1715,1555.4144748775623,1,0.9069472156720478,4,3.6277888626881913,0,0.0,198,179.5755487030655,0,0.0,154,139.66987121349538,258,233.99238164338837,414,375.4761472882278,0,0.0,49,44.44041356793034
003051_Josef_venud_per_els_seus_germans.out.txt,CTILC,1833,LIT,baleàric,sí,8275,252,304.5317220543807,0,0.0,62,74.92447129909365,0,0.0,89,107.55287009063444,24,29.003021148036254,222,268.27794561933536,44,53.17220543806646,1502,1815.1057401812689,0,0.0,1,1.2084592145015105,0,0.0,145,175.226586102719,0,0.0,108,130.51359516616313,176,212.68882175226585,311,375.8308157099698,0,0.0,29,35.04531722054381
003120_Proleg.out.txt,CTILC,1833,NLIT,septentrional,no,709,23,324.4005641748942,0,0.0,1,14.104372355430183,0,0.0,14,197.46121297602258,4,56.41748942172073,0,0.0,0,0.0,9,126.93935119887165,10,141.04372355430183,3,42.31311706629055,10,141.04372355430183,15,211.56558533145272,0,0.0,18,253.8787023977433,12,169.2524682651622,38,535.9661495063469,8,112.83497884344146,3,42.31311706629055
003121_Los_contrabanders.out.txt,CTILC,1833,LIT,septentrional,no,417,12,287.7697841726619,0,0.0,3,71.94244604316548,0,0.0,11,263.78896882494,14,335.7314148681055,0,0.0,0,0.0,0,0.0,12,287.7697841726619,0,0.0,9,215.8273381294964,1,23.980815347721823,0,0.0,14,335.7314148681055,16,383.69304556354916,14,335.7314148681055,4,95.92326139088729,8,191.84652278177458
003320_Qui_no_adoba_la_gotera_ha_de_adobar_la_c.out.txt,CTILC,1833,LIT,central,no,5877,153,260.33690658499233,0,0.0,36,61.25574272588055,0,0.0,61,103.79445295218649,11,18.717032499574614,34,57.85264590777607,8,13.612387272417902,295,501.95678067041007,0,0.0,1,1.7015484090522377,56,95.28671090692531,55,93.58516249787306,0,0.0,196,333.50348817423856,144,245.0229709035222,300,510.4645227156713,24,40.8371618172537,49,83.37587204355964
003381_La_patria.out.txt,CTILC,1833,LIT,central,no,404,0,0.0,0,0.0,1,24.752475247524753,0,0.0,5,123.76237623762377,3,74.25742574257426,0,0.0,0,0.0,10,247.52475247524754,0,0.0,2,49.504950495049506,7,173.26732673267327,3,74.25742574257426,0,0.0,13,321.7821782178218,8,198.01980198019803,7,173.26732673267327,2,49.504950495049506,0,0.0
002014_Llicencia_per_a_demanar_i_recollir_carit.out.txt,CTILC,1834,NLIT,central,no,296,16,540.5405405405405,1,33.78378378378378,3,101.35135135135135,0,0.0,5,168.91891891891893,4,135.13513513513513,0,0.0,0,0.0,12,405.4054054054054,0,0.0,0,0.0,1,33.78378378378378,5,168.91891891891893,0,0.0,10,337.83783783783787,9,304.05405405405406,12,405.4054054054054,0,0.0,2,67.56756756756756
002123_Traduccio_al_catala_del_metodo_preservat.out.txt,CTILC,1834,NLIT,central,sí,437,17,389.01601830663617,0,0.0,4,91.53318077803203,0,0.0,13,297.48283752860414,6,137.29977116704805,2,45.76659038901602,0,0.0,24,549.1990846681922,0,0.0,0,0.0,0,0.0,6,137.29977116704805,0,0.0,12,274.5995423340961,11,251.7162471395881,16,366.13272311212813,3,68.64988558352402,0,0.0
002124_Instruccions_generals_sobre_l_modo_de_pr.out.txt,CTILC,1834,NLIT,central,sí,11110,394,354.63546354635463,0,0.0,114,102.61026102610262,0,0.0,79,71.10711071107112,78,70.20702070207021,37,33.3033303330333,3,2.7002700270027002,354,318.63186318631864,0,0.0,0,0.0,64,57.605760576057605,167,150.31503150315032,7,6.300630063006301,651,585.9585958595859,262,235.82358235823585,421,378.9378937893789,93,83.7083708370837,20,18.001800180018
002193_Elements_de_la_notaria.out.txt,CTILC,1834,NLIT,central,no,12050,607,503.7344398340249,5,4.149377593360995,160,132.78008298755185,0,0.0,239,198.3402489626556,132,109.54356846473028,1,0.8298755186721991,0,0.0,484,401.6597510373444,5,4.149377593360995,0,0.0,74,61.41078838174274,152,126.14107883817427,5,4.149377593360995,561,465.56016597510376,258,214.1078838174274,516,428.2157676348548,89,73.85892116182573,86,71.36929460580913
002298_Novenari_per_implorar_la_proteccio_del_i.out.txt,CTILC,1834,NLIT,central,no,1138,52,456.9420035149385,0,0.0,10,87.87346221441126,0,0.0,16,140.597539543058,10,87.87346221441126,0,0.0,0,0.0,57,500.8787346221441,1,8.787346221441124,0,0.0,8,70.298769771529,18,158.17223198594024,0,0.0,41,360.2811950790861,17,149.38488576449913,52,456.9420035149385,18,158.17223198594024,8,70.298769771529
002466_Documents_de_agricultura_per_tots_los_me.out.txt,CTILC,1834,NLIT,central,no,4538,230,506.831203173204,0,0.0,23,50.68312031732041,0,0.0,97,213.7505509034817,134,295.2842661965624,0,0.0,0,0.0,137,301.89510797708243,0,0.0,0,0.0,46,101.36624063464082,71,156.45658880564125,4,8.814455707360072,570,1256.05993829881,215,473.77699427060384,138,304.09872190392247,15,33.054208902600266,3,6.610841780520053
002467_Equacio_del_temps.out.txt,CTILC,1834,NLIT,central,no,10786,368,341.1830150194697,0,0.0,54,50.064898943074354,0,0.0,347,321.71333209716295,160,148.3404413128129,2,1.8542555164101615,0,0.0,309,286.48247728536995,0,0.0,0,0.0,103,95.49415909512331,51,47.28351566845912,7,6.489894307435565,661,612.8314481735583,310,287.40960504357497,334,309.6606712404969,27,25.032449471537177,33,30.59521602076766
002468_Geografia.out.txt,CTILC,1834,NLIT,central,no,10524,485,460.8513873052072,0,0.0,66,62.71379703534778,0,0.0,248,235.65184340554922,182,172.93804637020145,1,0.9502090459901178,0,0.0,424,402.88863549980994,0,0.0,0,0.0,140,133.0292664386165,138,131.12884834663626,9,8.55188141391106,716,680.3496769289244,259,246.1041429114405,315,299.3158494868871,46,43.709616115545415,16,15.203344735841885
002713_La_noya_fugitiva.out.txt,CTILC,1834,LIT,central,sí,3268,106,324.3574051407589,0,0.0,32,97.91921664626682,0,0.0,77,235.61811505507956,23,70.37943696450428,0,0.0,0,0.0,67,205.01835985312115,31,94.85924112607098,7,21.419828641370867,23,70.37943696450428,35,107.09914320685434,0,0.0,53,162.17870257037944,62,189.71848225214197,132,403.91676866585067,45,137.69889840881274,0,0.0
002778_Documents_notarials_II_Barcelona.out.txt,CTILC,1834,NLIT,central,no,7230,400,553.2503457814661,0,0.0,77,106.50069156293223,0,0.0,167,230.9820193637621,51,70.53941908713693,2,2.7662517289073305,0,0.0,213,294.6058091286307,0,0.0,0,0.0,20,27.662517289073307,9,12.448132780082986,0,0.0,342,473.0290456431535,130,179.80636237897647,241,333.3333333333333,40,55.325034578146614,0,0.0
002779_Documents_notarials_I_Girona.out.txt,CTILC,1834,NLIT,central,no,11850,311,262.44725738396625,0,0.0,96,81.0126582278481,0,0.0,238,200.84388185654007,114,96.20253164556962,3,2.5316455696202533,0,0.0,278,234.59915611814347,0,0.0,0,0.0,65,54.85232067510549,170,143.45991561181435,0,0.0,535,451.47679324894517,242,204.21940928270044,423,356.9620253164557,130,109.70464135021098,3,2.5316455696202533
002780_Documents_notarials_I_Constanti.out.txt,CTILC,1834,NLIT,central,no,963,82,851.5057113187954,0,0.0,15,155.76323987538942,0,0.0,11,114.2263759086189,5,51.92107995846314,0,0.0,0,0.0,9,93.45794392523364,0,0.0,0,0.0,6,62.30529595015576,5,51.92107995846314,0,0.0,43,446.521287642783,23,238.83696780893044,33,342.6791277258567,11,114.2263759086189,0,0.0
002781_Documents_notarials_I_La_Seu_d_Urgell.out.txt,CTILC,1834,NLIT,nord-occidental,no,627,51,813.3971291866028,0,0.0,11,175.43859649122805,0,0.0,19,303.03030303030306,4,63.79585326953748,0,0.0,0,0.0,23,366.82615629984053,0,0.0,0,0.0,3,47.846889952153106,0,0.0,0,0.0,20,318.97926634768737,12,191.38755980861242,29,462.51993620414675,7,111.6427432216906,2,31.89792663476874
003372_Rondaya_de_rondayas.out.txt,CTILC,1834,LIT,baleàric,no,5705,371,650.3067484662577,0,0.0,3,5.258545135845749,0,0.0,14,24.539877300613497,19,33.30411919368975,34,59.59684487291849,2,3.5056967572304996,220,385.62664329535494,13,22.787028921998246,0,0.0,1,1.7528483786152498,70,122.69938650306749,0,0.0,142,248.90446976336546,318,557.4057843996494,242,424.18930762489043,3,5.258545135845749,57,99.91235758106924
002264_Devot_exercici_en_obsequi_del_Sagrat_Cor.out.txt,CTILC,1835,NLIT,central,no,2321,80,344.67901766479963,0,0.0,48,206.80741059887978,0,0.0,47,202.49892287806978,49,211.1158983196898,0,0.0,0,0.0,89,383.4554071520896,0,0.0,0,0.0,9,38.77638948728996,28,120.63765618267988,0,0.0,122,525.6355019388194,72,310.2111158983197,50,215.42438604049977,6,25.850926324859973,1,4.308487720809995
002756_La_cuinera_catalana_Quadern_I.out.txt,CTILC,1835,NLIT,central,no,11390,824,723.441615452151,0,0.0,317,278.31431079894645,0,0.0,162,142.23002633889377,85,74.6268656716418,3,2.633889376646181,0,0.0,411,360.8428446005268,33,28.97278314310799,0,0.0,89,78.1387181738367,210,184.37225636523266,0,0.0,609,534.6795434591747,194,170.32484635645304,552,484.6356453028973,224,196.66374012291485,4,3.511852502194908
002757_La_cuinera_catalana_Quadern_II.out.txt,CTILC,1835,NLIT,central,no,12734,687,539.5005497094393,0,0.0,363,285.0636092351186,0,0.0,207,162.55693419192713,103,80.88581749646615,2,1.570598397989634,0,0.0,756,593.6861944400816,38,29.84136956180305,0,0.0,75,58.89743992461128,320,251.29574367834144,0,0.0,576,452.33233862101457,259,203.3924925396576,686,538.7152505104445,314,246.58394848437254,5,3.926495994974085
002758_La_cuinera_catalana_Quadern_III.out.txt,CTILC,1835,NLIT,central,no,12863,757,588.5096789240457,0,0.0,418,324.9630723781388,0,0.0,226,175.69773769727124,97,75.41009095856332,2,1.5548472362590375,0,0.0,775,602.503304050377,220,171.03319598849413,0,0.0,101,78.51978543108139,234,181.91712664230738,1,0.7774236181295188,557,433.02495529814195,237,184.24939749669596,675,524.7609422374252,317,246.44328694705743,8,6.21938894503615
002782_Documents_notarials_I_Ordino.out.txt,CTILC,1835,NLIT,nord-occidental,no,791,74,935.5246523388116,0,0.0,12,151.70670037926675,0,0.0,20,252.84450063211125,8,101.13780025284451,0,0.0,0,0.0,14,176.99115044247787,0,0.0,0,0.0,10,126.42225031605562,9,113.78002528445006,0,0.0,44,556.2579013906447,19,240.20227560050571,36,455.12010113780025,16,202.27560050568903,0,0.0
002783_Documents_notarials_II_Barcelona.out.txt,CTILC,1835,NLIT,central,no,2784,155,556.7528735632184,0,0.0,16,57.47126436781609,0,0.0,81,290.94827586206895,43,154.45402298850576,6,21.551724137931036,0,0.0,144,517.2413793103448,0,0.0,0,0.0,33,118.53448275862068,4,14.367816091954023,0,0.0,153,549.5689655172414,53,190.3735632183908,95,341.2356321839081,24,86.20689655172414,0,0.0
002784_Documents_notarials_III_Barcelona.out.txt,CTILC,1835,NLIT,central,no,9363,605,646.1604186692299,1,1.0680337498664958,106,113.21157748584855,0,0.0,200,213.60674997329917,46,49.12955249385881,0,0.0,0,0.0,333,355.6552387055431,0,0.0,0,0.0,33,35.24511374559436,30,32.04101249599487,0,0.0,430,459.2545124425932,154,164.47719747944035,383,409.05692619886787,126,134.57225248317846,2,2.1360674997329916
002785_Documents_notarials_I_Cassa_de_la_Selva.out.txt,CTILC,1835,NLIT,central,no,1995,49,245.6140350877193,0,0.0,15,75.18796992481202,0,0.0,30,150.37593984962405,15,75.18796992481202,0,0.0,0,0.0,155,776.9423558897242,0,0.0,0,0.0,4,20.050125313283207,31,155.38847117794487,0,0.0,81,406.01503759398497,32,160.40100250626566,82,411.02756892230576,24,120.30075187969925,0,0.0
002997_El_padre_Carnot_en_Guimera.out.txt,CTILC,1835,LIT,central,no,4080,127,311.27450980392155,0,0.0,4,9.803921568627452,0,0.0,29,71.07843137254902,21,51.470588235294116,15,36.76470588235294,0,0.0,110,269.6078431372549,30,73.52941176470588,0,0.0,0,0.0,21,51.470588235294116,0,0.0,180,441.1764705882353,114,279.4117647058824,221,541.6666666666666,55,134.80392156862746,0,0.0
003118_Lo_hermano_Bunol.out.txt,CTILC,1835,LIT,central,no,4599,122,265.2750597956077,0,0.0,1,2.1743857360295715,0,0.0,46,100.02174385736029,30,65.23157208088715,13,28.26701456838443,0,0.0,181,393.56381822135245,16,34.790171776473144,0,0.0,3,6.523157208088715,34,73.92911502500543,0,0.0,127,276.14698847575556,138,300.06523157208085,287,624.048706240487,65,141.33507284192214,33,71.75472928897587
003136_Milacre_que_sen_Vicent_Ferrer_eixecuta_e.out.txt,CTILC,1835,LIT,valencià,no,1683,44,261.437908496732,0,0.0,1,5.941770647653001,0,0.0,15,89.12655971479501,1,5.941770647653001,65,386.21509209744505,7,41.592394533571,68,404.0404040404041,0,0.0,5,29.708853238265004,0,0.0,0,0.0,0,0.0,6,35.650623885918,71,421.86571598336303,129,766.4884135472371,6,35.650623885918,19,112.89364230540701
003321_El_regreso_despues_del_colera.out.txt,CTILC,1835,LIT,central,no,5841,131,224.27666495463106,0,0.0,22,37.66478342749529,0,0.0,39,66.7693888032871,5,8.560178051703476,41,70.1934600239685,1,1.712035610340695,291,498.20236260914226,2,3.42407122068139,0,0.0,65,111.28231467214518,48,82.17770929635337,0,0.0,233,398.904297209382,153,261.94144838212634,330,564.9717514124294,32,54.78513953090224,56,95.87399417907892
002276_Novena_a_santa_Filomena_verge_y_martir_d.out.txt,CTILC,1836,NLIT,central,sí,2369,109,460.1097509497679,0,0.0,49,206.83832840861123,0,0.0,58,244.8290417897847,21,88.64499788940482,0,0.0,0,0.0,90,379.9071338117349,1,4.221190375685944,0,0.0,14,59.096665259603206,48,202.61713803292528,0,0.0,133,561.4183199662305,53,223.723089911355,47,198.39594765723933,6,25.32714225411566,1,4.221190375685944
002300_Novena_y_septenari_de_la_sacratissima_Ve.out.txt,CTILC,1836,NLIT,central,no,2893,139,480.47010024196334,0,0.0,51,176.28759073625994,0,0.0,74,255.78983753888699,27,93.32872450743173,0,0.0,0,0.0,59,203.94054614586935,1,3.456619426201175,0,0.0,41,141.7213964742482,64,221.2236432768752,0,0.0,112,387.1413757345316,44,152.0912547528517,73,252.33321811268578,9,31.109574835810577,10,34.566194262011756
003052_Daniel_o_el_vertader_culto_de_Deu_restab.out.txt,CTILC,1836,LIT,baleàric,sí,11301,395,349.5265905672065,0,0.0,70,61.94142111317583,0,0.0,140,123.88284222635166,74,65.4809308910716,372,329.1744093443058,110,97.33651889213344,1642,1452.96876382621,0,0.0,1,0.8848774444739403,0,0.0,125,110.60968055924253,0,0.0,309,273.4271303424476,244,215.91009645164146,448,396.42509512432525,0,0.0,81,71.67507300238917
002395_Carta_a_Guillem_Barthomeu_9V1837.out.txt,CTILC,1837,NLIT,nord-occidental,no,233,7,300.42918454935625,0,0.0,4,171.67381974248926,0,0.0,16,686.695278969957,1,42.918454935622314,0,0.0,0,0.0,8,343.3476394849785,0,0.0,0,0.0,0,0.0,3,128.75536480686696,0,0.0,7,300.42918454935625,4,171.67381974248926,6,257.51072961373393,1,42.918454935622314,0,0.0
002745_Promptuari_catolich.out.txt,CTILC,1837,NLIT,central,no,10603,442,416.8631519381307,1,0.9431293030274451,114,107.51674054512874,0,0.0,260,245.21361878713572,185,174.47892106007734,1,0.9431293030274451,0,0.0,401,378.1948505140055,0,0.0,0,0.0,102,96.19918890879939,139,131.09497312081487,0,0.0,503,474.3940394228049,386,364.0479109685938,578,545.1287371498632,62,58.47401678770159,20,18.8625860605489
002759_Quadern_IV_y_suplement_a_la_cuynera_cata.out.txt,CTILC,1837,NLIT,central,no,14990,665,443.62908605737164,0,0.0,268,178.78585723815877,0,0.0,373,248.83255503669113,121,80.72048032021347,0,0.0,0,0.0,681,454.3028685790527,136,90.72715143428952,8,5.33689126084056,89,59.37291527685124,259,172.78185456971312,0,0.0,1019,679.7865243495664,331,220.81387591727818,564,376.2508338892595,231,154.1027351567712,9,6.00400266844563
002786_Documents_notarials_I_Sant_Feliu_de_Guix.out.txt,CTILC,1837,NLIT,central,no,3958,237,598.7872662961091,0,0.0,67,169.27741283476502,0,0.0,66,166.7508842849924,27,68.21627084386054,1,2.5265285497726127,0,0.0,104,262.7589691763517,0,0.0,0,0.0,6,15.159171298635675,49,123.79989893885801,0,0.0,179,452.24861040929767,75,189.48964123294593,140,353.71399696816576,31,78.32238504295098,0,0.0
002787_Documents_notarials_II_Tarragona.out.txt,CTILC,1837,NLIT,central,no,2847,227,797.3305233579206,0,0.0,31,108.88654724271163,0,0.0,42,147.52370916754478,13,45.662100456621005,4,14.049877063575693,0,0.0,16,56.19950825430277,0,0.0,0,0.0,15,52.68703898840885,12,42.14963119072708,0,0.0,78,273.972602739726,52,182.64840182648402,103,361.7843343870741,25,87.81173164734808,1,3.512469265893923
002819_Dels_testaments.out.txt,CTILC,1837,NLIT,central,no,2865,154,537.521815008726,1,3.4904013961605584,22,76.78883071553228,0,0.0,99,345.5497382198953,33,115.18324607329842,0,0.0,0,0.0,125,436.3001745200698,5,17.452006980802793,0,0.0,20,69.80802792321117,44,153.57766143106457,0,0.0,112,390.92495636998257,63,219.89528795811518,114,397.90575916230364,26,90.75043630017453,6,20.942408376963353
002883_Del_sagrament_del_baptisme.out.txt,CTILC,1837,NLIT,central,no,1909,65,340.4924044002095,0,0.0,30,157.1503404924044,0,0.0,86,450.49764274489263,17,89.05185961236249,0,0.0,0,0.0,54,282.87061288632793,0,0.0,0,0.0,6,31.43006809848088,8,41.906757464641174,0,0.0,72,377.1608171817706,44,230.48716605552647,61,319.53902566788895,7,36.66841278156103,7,36.66841278156103
002884_Del_SS_sagrament_de_la_eucharistia.out.txt,CTILC,1837,NLIT,central,no,3531,159,450.2973661852167,0,0.0,43,121.77853299348627,0,0.0,136,385.16001132823567,27,76.46559048428207,1,2.832058906825262,0,0.0,234,662.7017841971112,2,5.664117813650524,0,0.0,1,2.832058906825262,37,104.78617955253469,0,0.0,84,237.892948173322,76,215.23647691871992,127,359.6714811668083,24,67.96941376380629,38,107.61823845935996
002885_Del_sagrament_del_matrimoni.out.txt,CTILC,1837,NLIT,central,no,1406,67,476.52916073968703,0,0.0,19,135.13513513513513,0,0.0,58,412.51778093883354,12,85.34850640113798,0,0.0,0,0.0,57,405.4054054054054,1,7.112375533428166,0,0.0,1,7.112375533428166,21,149.35988620199146,0,0.0,45,320.05689900426745,41,291.60739687055474,57,405.4054054054054,4,28.449502133712663,3,21.337126600284495
001690_Relacio_sobre_la_Vall_de_Andorra.out.txt,CTILC,1838,NLIT,central,no,10271,414,403.07662350306686,0,0.0,72,70.10028234835946,0,0.0,306,297.92619998052766,166,161.6200954142732,0,0.0,0,0.0,0,0.0,149,145.06863985979945,1,0.9736150326161036,170,165.51455554473762,144,140.2005646967189,0,0.0,488,475.1241359166586,226,220.0369973712394,367,357.31671697011006,0,0.0,62,60.364132022198426
002788_Documents_notarials_II_La_Seu_d_Urgell.out.txt,CTILC,1838,NLIT,nord-occidental,no,2179,161,738.8710417622763,0,0.0,36,165.21340064249657,0,0.0,45,206.51675080312071,24,110.1422670949977,0,0.0,0,0.0,85,390.0871959614502,0,0.0,0,0.0,6,27.535566773749427,3,13.767783386874713,0,0.0,112,513.9972464433226,46,211.10601193207893,65,298.30197338228544,6,27.535566773749427,0,0.0
002998_Lo_rey_Micomico.out.txt,CTILC,1838,LIT,central,no,7219,205,283.9728494251281,0,0.0,75,103.89250588724201,0,0.0,132,182.8508103615459,44,60.95027012051531,32,44.32746917855659,1,1.3852334118298935,312,432.1928244909267,0,0.0,0,0.0,56,77.57307106247403,71,98.35157223992242,1,1.3852334118298935,250,346.30835295747335,216,299.21041695525696,295,408.6438564898185,47,65.10597035600499,23,31.860368472087547
002999_Breu_noticia_sobre_lo_rey_Micomico.out.txt,CTILC,1838,LIT,central,no,935,43,459.89304812834223,0,0.0,12,128.3422459893048,0,0.0,25,267.379679144385,8,85.56149732620321,1,10.695187165775401,0,0.0,52,556.1497326203208,0,0.0,0,0.0,15,160.42780748663102,14,149.7326203208556,0,0.0,47,502.67379679144386,17,181.8181818181818,44,470.5882352941176,5,53.475935828877,4,42.780748663101605
002126_Proleg.out.txt,CTILC,1839,NLIT,central,no,2045,39,190.70904645476773,3,14.66992665036675,13,63.56968215158924,0,0.0,55,268.9486552567237,25,122.24938875305624,0,0.0,0,0.0,66,322.7383863080684,0,0.0,0,0.0,18,88.01955990220048,28,136.91931540342298,0,0.0,89,435.20782396088015,34,166.25916870415648,49,239.60880195599023,3,14.66992665036675,18,88.01955990220048
002127_Prolech.out.txt,CTILC,1839,NLIT,central,no,1272,56,440.251572327044,0,0.0,13,102.20125786163521,0,0.0,38,298.74213836477986,20,157.23270440251574,0,0.0,0,0.0,31,243.7106918238994,2,15.723270440251573,0,0.0,8,62.89308176100629,19,149.37106918238993,0,0.0,73,573.8993710691824,33,259.433962264151,50,393.0817610062893,17,133.64779874213838,0,0.0
002301_Tres_dias_empleats_en_obsequi_de_la_glor.out.txt,CTILC,1839,NLIT,central,sí,5809,215,370.11533826820454,0,0.0,91,156.65346875537958,0,0.0,144,247.89120330521604,73,125.66706834222757,0,0.0,0,0.0,246,423.4808056464107,7,12.050266827336891,0,0.0,54,92.95920123945601,64,110.17386813565157,0,0.0,364,626.6138750215183,195,335.6860044758134,189,325.35720433809604,28,48.201067309347565,25,43.036667240488896
002313_Metodo_breu_y_sensill_del_modo_com_se_ha.out.txt,CTILC,1839,NLIT,baleàric,no,3740,166,443.85026737967917,0,0.0,10,26.7379679144385,0,0.0,28,74.8663101604278,26,69.5187165775401,112,299.4652406417112,0,0.0,169,451.8716577540107,54,144.3850267379679,0,0.0,0,0.0,0,0.0,0,0.0,131,350.26737967914437,108,288.7700534759358,81,216.57754010695186,24,64.1711229946524,1,2.6737967914438503
002789_Documents_notarials_III_La_Seu_d_Urgell.out.txt,CTILC,1839,NLIT,nord-occidental,no,856,69,806.0747663551401,0,0.0,12,140.18691588785046,0,0.0,19,221.9626168224299,11,128.50467289719626,0,0.0,0,0.0,31,362.14953271028037,0,0.0,0,0.0,2,23.36448598130841,0,0.0,0,0.0,32,373.83177570093454,21,245.3271028037383,27,315.4205607476635,8,93.45794392523364,1,11.682242990654204
003053_Compendi_de_la_historia_de_Espanya.out.txt,CTILC,1839,LIT,central,no,25102,581,231.4556609035137,0,0.0,327,130.26850450163334,0,0.0,731,291.21185562903355,262,104.37415345390805,0,0.0,0,0.0,0,0.0,585,233.04915942952752,0,0.0,316,125.88638355509521,299,119.11401481953628,0,0.0,711,283.2443629989642,782,311.5289618357103,635,252.96789100470085,4,1.5934985260138634,191,76.08955461716198
003137_La_casa_de_despesas_o_sea_la_calumnia_de.out.txt,CTILC,1839,LIT,central,no,5885,135,229.39677145284622,0,0.0,33,56.074766355140184,0,0.0,29,49.27782497875956,18,30.58623619371283,68,115.5480033984707,5,8.496176720475786,226,384.0271877655056,3,5.097706032285472,0,0.0,44,74.76635514018692,51,86.66100254885302,0,0.0,190,322.8547153780799,127,215.80288870008496,276,468.9889549702634,39,66.27017841971113,39,66.27017841971113
003323_El_cristino_y_el_carlista.out.txt,CTILC,1839,LIT,central,no,1072,31,289.17910447761193,0,0.0,15,139.92537313432837,0,0.0,21,195.8955223880597,4,37.3134328358209,4,37.3134328358209,0,0.0,29,270.5223880597015,0,0.0,0,0.0,7,65.29850746268656,16,149.2537313432836,0,0.0,33,307.8358208955224,38,354.4776119402985,52,485.07462686567163,11,102.61194029850746,0,0.0
003373_Llagrimas_de_la_viudesa.out.txt,CTILC,1839,LIT,central,no,2262,65,287.35632183908046,0,0.0,21,92.83819628647214,0,0.0,49,216.62245800176834,10,44.20866489832007,0,0.0,0,0.0,72,318.3023872679045,1,4.420866489832007,0,0.0,17,75.15473032714412,23,101.67992926613617,0,0.0,61,269.67285587975243,37,163.57206012378427,58,256.4102564102564,18,79.57559681697613,1,4.420866489832007
002396_Carta_a_Andreu_de_Senaller_15XI1840.out.txt,CTILC,1840,NLIT,nord-occidental,no,175,8,457.14285714285717,0,0.0,2,114.28571428571429,0,0.0,7,400.0,0,0.0,0,0.0,0,0.0,2,114.28571428571429,0,0.0,0,0.0,0,0.0,0,0.0,0,0.0,2,114.28571428571429,2,114.28571428571429,8,457.14285714285717,0,0.0,0,0.0
002397_Carta_a_Guillem_d_Areny_11X1840.out.txt,CTILC,1840,NLIT,nord-occidental,no,83,7,843.3734939759036,0,0.0,1,120.48192771084338,0,0.0,1,120.48192771084338,0,0.0,0,0.0,0,0.0,1,120.48192771084338,0,0.0,0,0.0,1,120.48192771084338,0,0.0,0,0.0,1,120.48192771084338,2,240.96385542168676,0,0.0,0,0.0,0,0.0
002790_Documents_notarials_IV_La_Seu_d_Urgell.out.txt,CTILC,1840,NLIT,nord-occidental,no,1351,108,799.4078460399703,0,0.0,18,133.23464100666175,0,0.0,40,296.07698001480384,6,44.41154700222057,0,0.0,0,0.0,35,259.0673575129534,0,0.0,0,0.0,4,29.607698001480383,10,74.01924500370096,0,0.0,57,421.9096965210955,24,177.6461880088823,37,273.87120651369355,7,51.81347150259067,0,0.0
003382_Canzo_pera_el_Album_de_la_senyora_Antoni.out.txt,CTILC,1840,LIT,valencià,no,338,8,236.68639053254438,0,0.0,6,177.5147928994083,0,0.0,15,443.7869822485207,2,59.171597633136095,7,207.10059171597635,1,29.585798816568047,9,266.2721893491124,0,0.0,0,0.0,2,59.171597633136095,0,0.0,0,0.0,1,29.585798816568047,15,443.7869822485207,10,295.85798816568047,2,59.171597633136095,0,0.0
003383_Canzo_a_la_mort_del_pintor_valencia_D_An.out.txt,CTILC,1840,LIT,valencià,no,385,14,363.6363636363636,0,0.0,1,25.974025974025974,0,0.0,13,337.6623376623376,0,0.0,11,285.7142857142857,0,0.0,14,363.6363636363636,0,0.0,0,0.0,3,77.92207792207792,0,0.0,0,0.0,0,0.0,15,389.6103896103896,10,259.7402597402598,1,25.974025974025974,1,25.974025974025974
003392_Els_salms_de_David.out.txt,CTILC,1840,LIT,baleàric,sí,3170,126,397.4763406940063,0,0.0,36,113.56466876971609,0,0.0,27,85.17350157728707,25,78.86435331230284,121,381.70347003154575,34,107.25552050473186,410,1293.3753943217666,5,15.772870662460567,1,3.154574132492114,0,0.0,41,129.33753943217667,0,0.0,54,170.34700315457414,44,138.80126182965301,124,391.16719242902207,0,0.0,14,44.164037854889585
002052_Advertensias_per_los_concurrents_a_la_pl.out.txt,CTILC,1841,NLIT,central,no,1152,34,295.13888888888886,1,8.680555555555555,6,52.08333333333333,0,0.0,12,104.16666666666666,2,17.36111111111111,15,130.20833333333334,7,60.76388888888889,36,312.5,1,8.680555555555555,0,0.0,0,0.0,0,0.0,0,0.0,63,546.875,65,564.2361111111111,42,364.58333333333337,7,60.76388888888889,5,43.40277777777778
002752_Breu_instruccio_religiosa_per_los_pageso.out.txt,CTILC,1841,NLIT,central,no,7820,355,453.9641943734015,0,0.0,85,108.69565217391305,0,0.0,249,318.4143222506394,164,209.71867007672634,0,0.0,0,0.0,282,360.613810741688,0,0.0,0,0.0,33,42.1994884910486,122,156.01023017902813,0,0.0,441,563.9386189258312,249,318.4143222506394,319,407.9283887468031,26,33.248081841432224,1,1.2787723785166238
002818_Nova_coleccio_de_reduccions.out.txt,CTILC,1841,NLIT,central,no,4533,164,361.7913081844253,0,0.0,20,44.12089124200309,0,0.0,62,136.77476285020958,42,92.65387160820649,25,55.15111405250386,0,0.0,135,297.81601588352083,15,33.090668431502316,0,0.0,7,15.442311934701081,4,8.824178248400617,0,0.0,539,1189.0580189719833,136,300.022060445621,80,176.48356496801236,20,44.12089124200309,2,4.412089124200309
003384_Canzo.out.txt,CTILC,1841,LIT,valencià,no,333,14,420.42042042042044,0,0.0,5,150.15015015015015,0,0.0,21,630.6306306306305,0,0.0,4,120.12012012012012,1,30.03003003003003,5,150.15015015015015,0,0.0,0,0.0,3,90.09009009009009,0,0.0,0,0.0,1,30.03003003003003,16,480.4804804804805,6,180.18018018018017,0,0.0,0,0.0
003385_A_Deu_a_la_Sra_Dona_Antonia_de_Montenegr.out.txt,CTILC,1841,LIT,valencià,no,365,19,520.5479452054794,0,0.0,1,27.397260273972602,0,0.0,12,328.7671232876712,2,54.794520547945204,10,273.972602739726,0,0.0,10,273.972602739726,0,0.0,0,0.0,2,54.794520547945204,0,0.0,0,0.0,0,0.0,22,602.7397260273973,7,191.78082191780823,2,54.794520547945204,1,27.397260273972602
002791_Documents_notarials_I_Andorra.out.txt,CTILC,1842,NLIT,nord-occidental,no,483,37,766.0455486542443,0,0.0,11,227.74327122153207,0,0.0,10,207.0393374741201,1,20.70393374741201,0,0.0,0,0.0,11,227.74327122153207,0,0.0,0,0.0,4,82.81573498964804,2,41.40786749482402,0,0.0,18,372.67080745341616,9,186.33540372670808,7,144.92753623188406,2,41.40786749482402,0,0.0
002792_Documents_notarials_I_Vila_de_Torres.out.txt,CTILC,1842,NLIT,nord-occidental,no,677,31,457.9025110782865,0,0.0,3,44.313146233382575,0,0.0,19,280.64992614475625,10,147.71048744460856,0,0.0,0,0.0,6,88.62629246676515,0,0.0,0,0.0,1,14.771048744460858,0,0.0,0,0.0,16,236.33677991137372,41,605.6129985228952,16,236.33677991137372,4,59.08419497784343,0,0.0
003322_La_caida_de_Morella.out.txt,CTILC,1842,LIT,central,no,5085,151,296.9518190757129,0,0.0,34,66.86332350049163,0,0.0,32,62.93018682399214,11,21.632251720747295,18,35.39823008849557,0,0.0,204,401.1799410029499,1,1.9665683382497543,0,0.0,4,7.866273352999017,3,5.899705014749262,0,0.0,127,249.75417895771878,143,281.2192723697149,280,550.6391347099312,72,141.5929203539823,29,57.03048180924287
002299_Novena_de_las_benditas_animas_del_purgat.out.txt,CTILC,1843,NLIT,baleàric,no,3115,136,436.59711075441413,0,0.0,33,105.9390048154093,0,0.0,24,77.04654895666131,55,176.56500802568218,59,189.4060995184591,0,0.0,142,455.85874799357947,0,0.0,0,0.0,0,0.0,97,311.3964686998395,0,0.0,357,1146.067415730337,73,234.34991974317816,58,186.19582664526484,9,28.892455858747997,26,83.46709470304977
002314_Astronomia_Lo_anti-copernich.out.txt,CTILC,1843,NLIT,central,no,3127,91,291.0137511992325,0,0.0,14,44.771346338343456,0,0.0,97,310.20147105852254,41,131.1160857051487,0,0.0,0,0.0,105,335.78509753757595,0,0.0,0,0.0,22,70.35497281739686,39,124.72017908538534,1,3.197953309881676,137,438.1196034537896,108,345.37895746722097,117,374.1605372561561,19,60.761112887751835,2,6.395906619763352
002315_Llengua_catalana_Sa_apologia.out.txt,CTILC,1843,NLIT,central,no,1734,97,559.4002306805075,0,0.0,14,80.73817762399077,0,0.0,46,265.282583621684,14,80.73817762399077,0,0.0,0,0.0,52,299.88465974625143,0,0.0,0,0.0,18,103.80622837370241,30,173.01038062283737,0,0.0,83,478.66205305651675,71,409.45790080738175,83,478.66205305651675,10,57.67012687427913,0,0.0
002316_Agricultura.out.txt,CTILC,1843,NLIT,central,no,2503,117,467.43907311226525,0,0.0,14,55.93288054334798,0,0.0,73,291.6500199760288,30,119.85617259288853,0,0.0,0,0.0,63,251.69796244506594,0,0.0,0,0.0,39,155.8130243707551,41,163.80343587694767,0,0.0,160,639.2329204954054,66,263.68357970435477,95,379.544546544147,11,43.947263284059126,10,39.95205753096284
002317_Agricultura_De_la_herba_anomenada_fare_v.out.txt,CTILC,1843,NLIT,central,no,948,43,453.5864978902954,0,0.0,7,73.83966244725738,0,0.0,29,305.9071729957806,15,158.22784810126583,0,0.0,0,0.0,6,63.291139240506325,0,0.0,0,0.0,6,63.291139240506325,5,52.74261603375527,0,0.0,70,738.3966244725739,34,358.64978902953584,39,411.3924050632911,3,31.645569620253163,1,10.548523206751055
002318_Industria_catalana.out.txt,CTILC,1843,NLIT,central,no,2827,130,459.85143261407853,0,0.0,29,102.58224266006368,1,3.537318712415989,59,208.70180403254335,48,169.79129819596747,0,0.0,0,0.0,114,403.2543332154227,0,0.0,0,0.0,39,137.95542978422355,47,166.2539794835515,0,0.0,137,484.61266360099046,76,268.83622214361515,100,353.73187124159887,10,35.37318712415989,3,10.611956137247967
002321_Agricultura_Del_blat.out.txt,CTILC,1843,NLIT,central,no,3104,130,418.8144329896907,0,0.0,33,106.31443298969073,0,0.0,150,483.2474226804124,32,103.09278350515464,0,0.0,0,0.0,120,386.59793814432993,0,0.0,0,0.0,17,54.7680412371134,38,122.42268041237114,1,3.2216494845360826,138,444.5876288659794,105,338.27319587628864,119,383.37628865979383,14,45.10309278350515,2,6.443298969072165
002322_Arts_industrials_Fabricacio_de_barnissos.out.txt,CTILC,1843,NLIT,central,no,1998,67,335.33533533533534,0,0.0,6,30.03003003003003,0,0.0,61,305.3053053053053,16,80.08008008008008,0,0.0,0,0.0,44,220.22022022022023,0,0.0,0,0.0,10,50.05005005005005,42,210.21021021021022,0,0.0,100,500.50050050050055,61,305.3053053053053,91,455.4554554554555,22,110.11011011011011,6,30.03003003003003
002323_Agricultura_Noticia_de_alguns_ensaigs_pr.out.txt,CTILC,1843,NLIT,central,no,1916,72,375.78288100208766,0,0.0,20,104.38413361169103,0,0.0,94,490.6054279749478,16,83.5073068893528,0,0.0,0,0.0,86,448.8517745302714,0,0.0,0,0.0,15,78.28810020876827,26,135.69937369519835,0,0.0,63,328.81002087682674,62,323.59081419624215,81,422.75574112734864,9,46.97286012526096,2,10.4384133611691
002324_Frenologia.out.txt,CTILC,1843,NLIT,central,no,1771,31,175.04234895539244,2,11.29305477131564,12,67.75832862789385,0,0.0,68,383.96386222473177,14,79.05138339920948,0,0.0,0,0.0,64,361.3777526821005,0,0.0,0,0.0,8,45.17221908526256,45,254.0937323546019,5,28.2326369282891,72,406.54997176736305,51,287.97289666854886,89,502.540937323546,8,45.17221908526256,1,5.64652738565782
002326_Catalunya_Sa_fundacio_y_son_primer_legis.out.txt,CTILC,1843,NLIT,central,no,1654,71,429.26239419588876,0,0.0,7,42.32164449818622,0,0.0,64,386.94074969770253,17,102.78113663845224,0,0.0,0,0.0,75,453.4461910519952,0,0.0,0,0.0,37,223.70012091898428,20,120.91898428053204,0,0.0,53,320.43530834340993,60,362.75695284159616,73,441.35429262394194,9,54.41354292623942,4,24.183796856106408
002327_Catalunya_Varios_noms_que_ha_tingut_sos_.out.txt,CTILC,1843,NLIT,central,no,1638,65,396.8253968253968,1,6.105006105006105,13,79.36507936507937,0,0.0,44,268.62026862026863,35,213.67521367521368,0,0.0,0,0.0,64,390.7203907203907,0,0.0,0,0.0,45,274.72527472527474,20,122.1001221001221,0,0.0,52,317.46031746031747,55,335.77533577533575,63,384.61538461538464,3,18.315018315018314,0,0.0
002328_Catalunya_Origen_de_sas_armas.out.txt,CTILC,1843,NLIT,central,no,1459,53,363.26250856751204,0,0.0,9,61.6860863605209,0,0.0,36,246.7443454420836,18,123.3721727210418,0,0.0,0,0.0,41,281.0143934201508,0,0.0,0,0.0,10,68.54009595613434,21,143.9342015078821,1,6.854009595613435,117,801.9191226867719,50,342.7004797806717,86,589.4448252227553,12,82.2481151473612,0,0.0
002329_Catalunya_Biografia_de_Geroni_Pujades.out.txt,CTILC,1843,NLIT,central,no,2269,83,365.79991185544293,0,0.0,22,96.95901278096078,0,0.0,49,215.95416483032173,25,110.18069634200089,0,0.0,0,0.0,72,317.32040546496256,0,0.0,0,0.0,33,145.43851917144116,23,101.36624063464082,0,0.0,70,308.5059497576025,96,423.0938739532834,106,467.16615249008373,16,70.51564565888057,2,8.814455707360072
002330_Catalunya_Sas_excellencias.out.txt,CTILC,1843,NLIT,central,no,3128,139,444.37340153452686,0,0.0,9,28.77237851662404,0,0.0,68,217.3913043478261,40,127.8772378516624,0,0.0,0,0.0,81,258.9514066496164,0,0.0,0,0.0,62,198.20971867007674,32,102.30179028132993,0,0.0,184,588.2352941176471,117,374.0409207161125,153,489.13043478260875,19,60.74168797953964,7,22.37851662404092
002398_Carta_a_Guillem_de_Plandolit_i_d_Areny_8.out.txt,CTILC,1843,NLIT,central,no,136,2,147.05882352941177,0,0.0,1,73.52941176470588,0,0.0,0,0.0,1,73.52941176470588,0,0.0,0,0.0,0,0.0,0,0.0,0,0.0,3,220.58823529411765,0,0.0,0,0.0,12,882.3529411764706,6,441.1764705882353,5,367.64705882352945,4,294.11764705882354,0,0.0
002399_Carta_a_Guillem_de_Plandolit_i_d_Areny_2.out.txt,CTILC,1843,NLIT,central,no,398,18,452.26130653266335,0,0.0,2,50.25125628140704,0,0.0,14,351.75879396984925,5,125.62814070351759,0,0.0,0,0.0,16,402.0100502512563,0,0.0,0,0.0,0,0.0,0,0.0,0,0.0,20,502.51256281407035,12,301.5075376884422,13,326.63316582914575,1,25.12562814070352,6,150.7537688442211
002521_Introduccio.out.txt,CTILC,1843,NLIT,central,no,3332,155,465.1860744297719,0,0.0,28,84.03361344537815,0,0.0,63,189.07563025210084,55,165.0660264105642,0,0.0,0,0.0,125,375.1500600240096,0,0.0,0,0.0,68,204.0816326530612,57,171.06842737094837,2,6.002400960384153,150,450.18007202881154,117,351.140456182473,141,423.16926770708284,27,81.03241296518607,1,3.0012004801920766
002794_Documents_notarials_II_Sabadell.out.txt,CTILC,1843,NLIT,central,no,8903,669,751.4321015388072,0,0.0,111,124.67707514321016,0,0.0,255,286.4203077614288,76,85.36448388183759,1,1.1232168931820734,0,0.0,302,339.2115017409862,0,0.0,0,0.0,20,22.464337863641468,105,117.93777378411771,0,0.0,444,498.70830057284064,156,175.22183533640347,257,288.66674154779287,43,48.298326406829155,0,0.0
001624_Mon_nou_o_renovat_en_lo_moral_ab_lo_degu.out.txt,CTILC,1844,NLIT,central,no,20819,822,394.8316441711898,0,0.0,247,118.64162543830156,0,0.0,558,268.02440078774197,363,174.35995965224075,1,0.4803304673615448,0,0.0,791,379.94139968298185,0,0.0,0,0.0,160,76.85287477784716,198,95.10543253758586,10,4.803304673615448,802,385.2250348239589,786,377.5397473461742,922,442.8646909073442,106,50.915029540323744,161,77.3332052452087
002795_Documents_notarials_IV_Barcelona.out.txt,CTILC,1844,NLIT,central,no,2735,148,541.1334552102377,0,0.0,27,98.72029250457038,0,0.0,65,237.6599634369287,20,73.12614259597807,3,10.968921389396709,0,0.0,158,577.6965265082267,0,0.0,0,0.0,1,3.656307129798903,10,36.56307129798903,0,0.0,110,402.1937842778794,29,106.0329067641682,93,340.036563071298,27,98.72029250457038,0,0.0
002796_Documents_notarials_I_La_Bisbal.out.txt,CTILC,1844,NLIT,central,no,7078,581,820.8533484035038,0,0.0,79,111.61345012715456,0,0.0,125,176.6035603277762,75,105.96213619666571,7,9.889799378355468,0,0.0,222,313.64792314213054,0,0.0,0,0.0,20,28.256569652444192,64,90.42102288782142,0,0.0,329,464.82057078270697,165,233.1166996326646,209,295.28115286804183,36,50.861825374399544,0,0.0
002797_Documents_notarials_II_Girona.out.txt,CTILC,1844,NLIT,central,no,659,58,880.1213960546282,0,0.0,7,106.22154779969651,0,0.0,7,106.22154779969651,7,106.22154779969651,1,15.174506828528074,0,0.0,17,257.9666160849772,0,0.0,0,0.0,1,15.174506828528074,13,197.26858877086494,0,0.0,21,318.6646433990895,8,121.39605462822459,25,379.3626707132018,9,136.57056145675267,0,0.0
002798_Documents_notarials_I_Torres_de_Segre.out.txt,CTILC,1844,NLIT,nord-occidental,no,771,55,713.3592736705576,0,0.0,3,38.91050583657588,0,0.0,10,129.70168612191958,9,116.73151750972762,0,0.0,0,0.0,27,350.1945525291829,0,0.0,0,0.0,1,12.970168612191959,1,12.970168612191959,0,0.0,19,246.43320363164722,30,389.10505836575874,34,440.9857328145266,15,194.55252918287937,0,0.0
002799_Documents_notarials_I_Torres_de_Segre.out.txt,CTILC,1844,NLIT,nord-occidental,no,447,31,693.5123042505594,0,0.0,4,89.48545861297539,0,0.0,8,178.97091722595079,1,22.371364653243848,1,22.371364653243848,0,0.0,12,268.4563758389262,0,0.0,0,0.0,3,67.11409395973155,1,22.371364653243848,0,0.0,17,380.3131991051454,13,290.82774049217,9,201.34228187919462,4,89.48545861297539,0,0.0
002800_Documents_notarials_I_Tarragona.out.txt,CTILC,1844,NLIT,central,no,426,31,727.6995305164319,0,0.0,4,93.89671361502347,0,0.0,11,258.21596244131456,3,70.4225352112676,0,0.0,0,0.0,12,281.6901408450704,0,0.0,0,0.0,0,0.0,3,70.4225352112676,0,0.0,8,187.79342723004694,10,234.74178403755866,18,422.53521126760563,2,46.948356807511736,0,0.0
003316_Poesias_dedicadas_a_la_felis_memoria_del.out.txt,CTILC,1844,LIT,central,no,3275,73,222.90076335877862,0,0.0,61,186.25954198473283,0,0.0,83,253.43511450381678,31,94.65648854961832,2,6.106870229007634,0,0.0,112,341.9847328244275,2,6.106870229007634,0,0.0,1,3.053435114503817,35,106.87022900763358,1,3.053435114503817,97,296.1832061068702,102,311.4503816793893,132,403.0534351145038,16,48.85496183206107,0,0.0
002271_Avisos_saludables_a_las_donsellas_o_sia_.out.txt,CTILC,1845,NLIT,central,no,8439,387,458.58514041948104,0,0.0,84,99.53785993601137,0,0.0,229,271.35916577793574,113,133.90212110439626,0,0.0,0,0.0,378,447.9203697120512,2,2.369949046095509,0,0.0,83,98.35288541296363,105,124.42232492001422,3,3.5549235691432632,626,741.7940514278944,263,311.64829956155944,338,400.521388790141,60,71.09847138286527,5,5.9248726152387725
002302_Lo_remediador_o_sia_copia_de_alguns_reme.out.txt,CTILC,1845,NLIT,central,no,11010,542,492.27974568574024,0,0.0,206,187.10263396911898,0,0.0,217,197.09355131698456,55,49.95458673932789,0,0.0,0,0.0,503,456.85740236148956,266,241.5985467756585,0,0.0,14,12.715712988192552,74,67.21162579473207,0,0.0,501,455.04087193460487,246,223.43324250681198,494,448.68301544050865,172,156.22161671207994,0,0.0
002463_Dels_primers_homens_que_poblaren_Catalun.out.txt,CTILC,1845,NLIT,central,no,1868,74,396.1456102783726,0,0.0,9,48.17987152034261,0,0.0,59,315.8458244111349,32,171.30620985010708,0,0.0,0,0.0,66,353.31905781584584,0,0.0,0,0.0,16,85.65310492505354,3,16.059957173447536,0,0.0,88,471.09207708779445,42,224.83940042826552,55,294.4325481798715,14,74.94646680942185,0,0.0
002464_Nocions_astronomicas.out.txt,CTILC,1845,NLIT,central,no,1248,35,280.44871794871796,0,0.0,6,48.07692307692308,0,0.0,46,368.5897435897436,18,144.23076923076923,3,24.03846153846154,0,0.0,37,296.47435897435895,0,0.0,0,0.0,23,184.2948717948718,1,8.012820512820513,0,0.0,81,649.0384615384615,43,344.5512820512821,34,272.43589743589746,15,120.1923076923077,1,8.012820512820513
002465_Treballs_de_l_any.out.txt,CTILC,1845,NLIT,central,no,1214,71,584.8434925864909,0,0.0,4,32.948929159802304,0,0.0,45,370.67545304777593,54,444.81054365733115,0,0.0,0,0.0,32,263.59143327841844,0,0.0,0,0.0,3,24.71169686985173,0,0.0,0,0.0,116,955.518945634267,40,329.48929159802304,26,214.16803953871502,1,8.237232289950576,0,0.0
002801_Documents_notarials_II_Andorra.out.txt,CTILC,1845,NLIT,nord-occidental,no,760,66,868.421052631579,0,0.0,15,197.36842105263156,0,0.0,23,302.63157894736844,4,52.63157894736842,0,0.0,0,0.0,7,92.10526315789473,0,0.0,0,0.0,8,105.26315789473684,5,65.78947368421052,0,0.0,20,263.1578947368421,16,210.52631578947367,22,289.4736842105263,5,65.78947368421052,0,0.0
002802_Documents_notarials_II_Cassa_de_la_Selva.out.txt,CTILC,1845,NLIT,central,no,2994,34,113.56045424181697,0,0.0,37,123.58049432197728,0,0.0,52,173.6806947227789,24,80.16032064128255,0,0.0,0,0.0,281,938.5437541750167,0,0.0,0,0.0,12,40.080160320641276,50,167.00066800267203,0,0.0,114,380.76152304609224,53,177.02070808283233,115,384.1015364061456,28,93.52037408149633,21,70.14028056112224
002803_Documents_notarials_I_Granadella.out.txt,CTILC,1845,NLIT,nord-occidental,no,1545,108,699.0291262135922,0,0.0,22,142.3948220064725,0,0.0,27,174.75728155339806,18,116.50485436893204,0,0.0,0,0.0,42,271.84466019417476,0,0.0,0,0.0,3,19.41747572815534,0,0.0,0,0.0,42,271.84466019417476,79,511.326860841424,50,323.6245954692556,6,38.83495145631068,0,0.0
002804_Documents_notarials_II_Torres_de_Segre.out.txt,CTILC,1845,NLIT,nord-occidental,no,998,76,761.5230460921845,0,0.0,7,70.14028056112224,0,0.0,18,180.3607214428858,14,140.28056112224448,0,0.0,0,0.0,29,290.5811623246493,0,0.0,0,0.0,5,50.100200400801604,0,0.0,0,0.0,8,80.16032064128255,58,581.1623246492986,20,200.40080160320642,11,110.22044088176354,2,20.040080160320638
003119_El_estudian_magich_o_sia_l_anima_del_Sr_.out.txt,CTILC,1845,LIT,central,no,3798,103,271.19536598209584,0,0.0,39,102.68562401263823,0,0.0,27,71.09004739336493,3,7.898894154818326,41,107.95155344918378,4,10.5318588730911,91,239.59978936282252,41,107.95155344918378,0,0.0,0,0.0,24,63.191153238546605,0,0.0,100,263.2964718272775,96,252.76461295418642,321,845.1816745655608,172,452.8699315429173,6,15.797788309636651
003133_El_virgo_de_Visanteta_y_el_alcalde_de_Fa.out.txt,CTILC,1845,LIT,valencià,no,6313,255,403.92840171075557,0,0.0,0,0.0,0,0.0,67,106.13020750831618,10,15.84032947885316,186,294.6301283066688,32,50.689054332330116,460,728.6551560272454,0,0.0,0,0.0,0,0.0,0,0.0,0,0.0,12,19.00839537462379,386,611.436717883732,287,454.61745604308567,18,28.51259306193569,67,106.13020750831618
003157_En_Pau_y_la_Pepa.out.txt,CTILC,1845,LIT,central,no,1572,76,483.4605597964377,0,0.0,15,95.41984732824427,0,0.0,11,69.97455470737914,5,31.806615776081422,3,19.083969465648853,0,0.0,49,311.70483460559797,6,38.167938931297705,0,0.0,1,6.361323155216286,12,76.33587786259541,0,0.0,96,610.6870229007633,40,254.45292620865138,79,502.5445292620865,9,57.25190839694657,2,12.722646310432571
001586_Prolec.out.txt,CTILC,1846,NLIT,valencià,no,2207,112,507.4762120525601,0,0.0,0,0.0,0,0.0,11,49.84141368373357,7,31.717263253285005,26,117.80697779791574,37,167.64839148164927,92,416.8554599003172,2,9.062075215224286,0,0.0,0,0.0,0,0.0,0,0.0,2,9.062075215224286,181,820.1178069777978,128,579.9728137743543,2,9.062075215224286,11,49.84141368373357
002403_Carta_a_Guillem_de_Plandolit_i_d_Areny_3.out.txt,CTILC,1846,NLIT,central,no,215,7,325.5813953488372,0,0.0,2,93.02325581395348,0,0.0,1,46.51162790697674,3,139.53488372093022,0,0.0,0,0.0,3,139.53488372093022,0,0.0,0,0.0,1,46.51162790697674,0,0.0,0,0.0,6,279.06976744186045,8,372.09302325581393,8,372.09302325581393,4,186.04651162790697,0,0.0
002712_Entremes_d_en_Roago_Florit_y_na_Faldo.out.txt,CTILC,1846,LIT,baleàric,no,6647,174,261.7722280728148,0,0.0,0,0.0,0,0.0,35,52.65533323303746,5,7.522190461862494,44,66.19527606438996,1,1.5044380923724987,427,642.395065443057,0,0.0,0,0.0,1,1.5044380923724987,68,102.30179028132993,0,0.0,124,186.55032345418988,238,358.0562659846547,257,386.6405897397322,0,0.0,89,133.8949902211524
002805_Documents_notarials_III_Andorra.out.txt,CTILC,1846,NLIT,nord-occidental,no,554,38,685.9205776173286,0,0.0,10,180.50541516245488,0,0.0,13,234.65703971119135,3,54.15162454873646,0,0.0,0,0.0,14,252.7075812274368,0,0.0,0,0.0,4,72.20216606498195,2,36.101083032490976,0,0.0,25,451.26353790613723,16,288.8086642599278,11,198.55595667870037,4,72.20216606498195,0,0.0
002806_Documents_notarials_II_Sant_Feliu_de_Gui.out.txt,CTILC,1846,NLIT,central,no,1887,110,582.9358770535241,0,0.0,23,121.88659247482776,0,0.0,28,148.3836777954425,7,37.09591944886063,0,0.0,0,0.0,52,275.5696873343932,0,0.0,0,0.0,5,26.497085320614733,27,143.08426073131957,0,0.0,100,529.9417064122947,47,249.0726020137785,56,296.767355590885,9,47.69475357710652,0,0.0
003138_Milacre_que_en_el_any_1359_obra_el_glori.out.txt,CTILC,1846,LIT,valencià,no,2015,82,406.9478908188585,0,0.0,0,0.0,0,0.0,13,64.51612903225806,2,9.925558312655086,54,267.99007444168734,5,24.81389578163772,95,471.46401985111663,0,0.0,0,0.0,3,14.88833746898263,0,0.0,0,0.0,6,29.77667493796526,110,545.9057071960298,126,625.3101736972704,31,153.84615384615387,2,9.925558312655086
003156_Un_pillo_y_els_chics_educats_en_la_casa_.out.txt,CTILC,1846,LIT,valencià,no,16911,770,455.3249364319082,0,0.0,0,0.0,0,0.0,126,74.50771687067589,33,19.51392584708178,316,186.86062326296494,183,108.2135887883626,1012,598.427059310508,29,17.14860150198096,0,0.0,0,0.0,0,0.0,5,2.9566554313760274,71,41.98450712553959,1152,681.2134113890367,990,585.4177754124535,40,23.65324345100822,188,111.17024421973863
003374_Fabulas_en_vers_mallorqui.out.txt,CTILC,1846,LIT,baleàric,no,5196,192,369.5150115473441,1,1.9245573518090837,22,42.34026173979984,13,25.01924557351809,16,30.79291762894534,17,32.717474980754425,33,63.510392609699764,9,17.321016166281755,256,492.68668206312543,0,0.0,0,0.0,0,0.0,79,152.04003079291763,0,0.0,160,307.92917628945344,328,631.2548113933796,182,350.2694380292533,36,69.28406466512702,28,53.887605850654346
002268_Gramatica_catalana-castellana.out.txt,CTILC,1847,NLIT,central,no,24758,356,143.79190564665967,15,6.058647709831166,127,51.29655060990387,0,0.0,407,164.39130786008565,230,92.89926488407787,157,63.413846029566194,0,0.0,902,364.3266822845141,21,8.482106793763633,31,12.52120526698441,89,35.94797641166492,247,99.7657322885532,0,0.0,870,351.4015671702076,980,395.8316503756362,1419,573.1480733500283,98,39.58316503756361,141,56.95128847241296
002760_Evangelis_des_diumenges_y_festas_en_que_.out.txt,CTILC,1847,NLIT,baleàric,no,25380,123,48.463356973995275,1045,411.74152876280533,4,1.5760441292356187,67,26.39873916469661,142,55.94956658786446,111,43.73522458628842,292,115.05122143420014,3,1.1820330969267139,3922,1545.311268715524,7,2.7580772261623325,0,0.0,0,0.0,295,116.23325453112686,0,0.0,800,315.2088258471237,1516,597.3207249802995,585,230.4964539007092,0,0.0,113,44.52324665090623
002807_Documents_notarials_I_Reus.out.txt,CTILC,1847,NLIT,central,no,2377,176,740.429112326462,0,0.0,34,143.0374421539756,0,0.0,48,201.93521245267144,45,189.31426167437948,0,0.0,0,0.0,33,138.83045856121163,0,0.0,0,0.0,7,29.44888514934792,2,8.413967185527977,0,0.0,99,416.4913756836348,81,340.76567101388304,77,323.9377366428271,7,29.44888514934792,0,0.0
002746_Catecisme_de_la_doctrina_cristiana_expli.out.txt,CTILC,1848,NLIT,central,no,18744,810,432.1382842509603,1,0.5335040546308152,168,89.62868117797696,0,0.0,630,336.10755441741355,248,132.30900554844217,0,0.0,0,0.0,851,454.0119504908238,1,0.5335040546308152,0,0.0,181,96.56423388817755,243,129.6414852752881,0,0.0,808,431.0712761416987,613,327.0379854886897,850,453.4784464361929,91,48.54886897140418,2,1.0670081092616304
002808_Documents_notarials_II_Reus.out.txt,CTILC,1849,NLIT,central,no,1668,108,647.4820143884892,0,0.0,19,113.90887290167866,0,0.0,48,287.7697841726619,15,89.92805755395683,1,5.995203836930456,0,0.0,13,77.93764988009592,0,0.0,0,0.0,1,5.995203836930456,12,71.94244604316548,0,0.0,93,557.5539568345324,37,221.82254196642685,84,503.59712230215825,13,77.93764988009592,0,0.0
002890_Cartilla_rural_en_aforismes_catalans.out.txt,CTILC,1849,LIT,central,no,11558,260,224.9524139124416,1,0.8652015919709292,85,73.54213531752899,0,0.0,313,270.8080982869009,109,94.30697352483128,17,14.708427063505798,0,0.0,431,372.9018861394705,0,0.0,0,0.0,99,85.654957605122,116,100.3633846686278,1,0.8652015919709292,387,334.83301609274963,481,416.16196573801693,480,415.29676414604603,86,74.40733690949992,4,3.4608063678837166
001597_Breve_compendi_de_la_doctrina_cristiana.out.txt,CTILC,1850,NLIT,alguerès,no,5546,187,337.1799495131626,33,59.50234403173459,23,41.47133068878471,0,0.0,0,0.0,0,0.0,0,0.0,0,0.0,0,0.0,36,64.91164803461955,0,0.0,0,0.0,138,248.82798413270825,0,0.0,284,512.0807789397765,116,209.15975477821854,130,234.40317345834836,8,14.4248106743599,36,64.91164803461955
002809_Documents_notarials_I_Barcelona.out.txt,CTILC,1850,NLIT,central,no,4079,179,438.8330473155185,0,0.0,43,105.4179946065212,0,0.0,135,330.9634714390782,17,41.67688158862467,5,12.257906349595489,0,0.0,171,419.22039715616575,0,0.0,0,0.0,26,63.74111301789654,28,68.64427555773474,0,0.0,155,379.9950968374602,70,171.61068889433685,146,357.9308654081883,32,78.45060063741113,1,2.4515812699190977
002711_Mes_pert_l_avaricios_que_l_abondos.out.txt,CTILC,1851,LIT,baleàric,no,3688,94,254.880694143167,0,0.0,4,10.84598698481562,0,0.0,5,13.557483731019522,9,24.40347071583514,23,62.364425162689805,1,2.711496746203905,135,366.05206073752714,0,0.0,0,0.0,0,0.0,43,116.59436008676789,0,0.0,89,241.32321041214752,223,604.6637744034707,177,479.9349240780911,1,2.711496746203905,20,54.22993492407809
002810_Documents_notarials_IV_Andorra.out.txt,CTILC,1851,NLIT,nord-occidental,no,1102,84,762.2504537205082,0,0.0,36,326.6787658802178,0,0.0,34,308.52994555353905,7,63.52087114337568,0,0.0,0,0.0,37,335.7531760435572,0,0.0,0,0.0,8,72.59528130671507,6,54.44646098003629,0,0.0,51,462.7949183303085,14,127.04174228675136,22,199.63702359346644,9,81.66969147005445,0,0.0
003344_Poesias.out.txt,CTILC,1851,LIT,central,no,11827,411,347.5099348947324,2,1.691045911896508,176,148.8120402468927,1,0.845522955948254,299,252.81136382852793,71,60.03212987232604,1,0.845522955948254,0,0.0,354,299.31512640568195,4,3.382091823793016,0,0.0,71,60.03212987232604,131,110.76350722922128,3,2.5365688678447618,402,339.9002282911981,211,178.4053437050816,546,461.6555339477467,214,180.94191257292636,7,5.918660691637778
002066_Lo_jardiner_hortola_y_florista_o_modo_or.out.txt,CTILC,1852,NLIT,central,no,28603,1208,422.3333216795441,0,0.0,270,94.39569275950075,0,0.0,542,189.49061287277559,322,112.57560395762683,20,6.992273537740797,0,0.0,902,315.3515365521099,7,2.447295738209279,0,0.0,171,59.78393874768381,264,92.2980106981785,0,0.0,2447,855.5046673425865,921,321.9941964129637,858,299.9685347690802,190,66.42659860853757,69,24.123343705205748
002075_Elements_de_poetica_catalana_y_diccionar.out.txt,CTILC,1852,NLIT,central,no,14271,497,348.2587064676617,5,3.503608716978488,138,96.69960058860626,0,0.0,402,281.6901408450704,170,119.12269637726858,0,0.0,0,0.0,372,260.6684885431995,0,0.0,0,0.0,77,53.95557424146871,205,143.64795739611802,5,3.503608716978488,903,632.7517342863149,391,273.98220166771773,523,366.47747179594984,129,90.393104898045,94,65.86784387919556
003265_Poesias_fantasticas_en_mallorqui.out.txt,CTILC,1852,LIT,baleàric,no,5870,229,390.11925042589434,1,1.7035775127768313,1,1.7035775127768313,34,57.921635434412266,4,6.814310051107325,1,1.7035775127768313,30,51.10732538330494,7,11.92504258943782,156,265.7580919931857,37,63.03236797274276,0,0.0,0,0.0,80,136.2862010221465,0,0.0,249,424.190800681431,380,647.3594548551958,111,189.09710391822827,3,5.1107325383304945,40,68.14310051107326
003345_Poesias_Segon_repich.out.txt,CTILC,1852,LIT,central,no,12022,401,333.5551488936949,3,2.4954250540675424,165,137.24837797371484,0,0.0,225,187.1568790550657,72,59.890201297621026,0,0.0,0,0.0,347,288.6374979204791,2,1.6636167027116953,1,0.8318083513558476,107,89.0034935950757,116,96.48976875727833,6,4.990850108135085,478,397.60439194809516,213,177.17517883879555,544,452.5037431375811,196,163.03443686574613,15,12.477125270337714
002267_Novena_al_glorios_bisbe_y_martir_san_Mar.out.txt,CTILC,1853,NLIT,central,no,6632,299,450.84439083232814,0,0.0,78,117.61158021712906,0,0.0,183,275.93486127864895,90,135.70566948130278,2,3.01568154402895,0,0.0,319,481.0012062726176,1,1.507840772014475,0,0.0,10,15.078407720144753,87,131.18214716525935,0,0.0,249,375.4523522316043,187,281.96622436670685,195,294.02895054282266,29,43.727382388419784,0,0.0
002820_Documents_notarials_I_Reus.out.txt,CTILC,1853,NLIT,central,no,841,84,998.8109393579073,0,0.0,6,71.3436385255648,0,0.0,14,166.46848989298454,14,166.46848989298454,0,0.0,0,0.0,26,309.15576694411413,0,0.0,0,0.0,1,11.890606420927467,1,11.890606420927467,0,0.0,64,760.9988109393579,28,332.9369797859691,51,606.4209274673008,6,71.3436385255648,0,0.0
002821_Documents_notarials_III_Sabadell.out.txt,CTILC,1853,NLIT,central,no,4349,288,662.2212002759255,0,0.0,49,112.66957921361234,0,0.0,95,218.44102092435043,31,71.28075419636698,1,2.2993791676247413,0,0.0,136,312.71556679696477,0,0.0,0,0.0,11,25.293170843872158,15,34.49068751437112,0,0.0,242,556.4497585651874,116,266.72798344447,151,347.2062543113359,21,48.286962520119566,0,0.0
002822_Documents_notarials_V_Barcelona.out.txt,CTILC,1854,NLIT,central,no,3855,185,479.8962386511025,1,2.594033722438392,42,108.94941634241245,0,0.0,106,274.9675745784695,29,75.22697795071336,2,5.188067444876784,0,0.0,110,285.3437094682231,0,0.0,0,0.0,9,23.346303501945524,21,54.474708171206224,0,0.0,153,396.8871595330739,75,194.55252918287937,150,389.10505836575874,33,85.60311284046693,0,0.0
002823_Documents_notarials_III_Girona.out.txt,CTILC,1854,NLIT,central,no,1430,93,650.3496503496503,0,0.0,19,132.86713286713288,0,0.0,37,258.7412587412587,17,118.88111888111888,1,6.993006993006993,0,0.0,36,251.74825174825176,0,0.0,0,0.0,9,62.93706293706294,7,48.95104895104895,0,0.0,64,447.5524475524476,23,160.83916083916083,46,321.67832167832165,13,90.9090909090909,0,0.0
003348_Deu_y_lo_mon.out.txt,CTILC,1854,LIT,valencià,no,6107,264,432.2908138202063,0,0.0,37,60.58621254298346,0,0.0,235,384.8043229081382,37,60.58621254298346,123,201.40822007532338,24,39.29916489274603,229,374.9795316849517,0,0.0,34,55.673816931390206,16,26.199443261830687,0,0.0,0,0.0,48,78.59832978549206,289,473.2274439168168,384,628.7866382839364,182,298.01866710332405,0,0.0
003350_Lo_doctor_Pulsagueras_en_los_encants.out.txt,CTILC,1854,LIT,central,no,3164,81,256.00505689001267,0,0.0,21,66.3716814159292,0,0.0,59,186.47281921618205,11,34.7661188369153,4,12.642225031605564,0,0.0,81,256.00505689001267,2,6.321112515802782,0,0.0,2,6.321112515802782,9,28.445006321112515,0,0.0,115,363.46396965865995,90,284.45006321112515,195,616.3084702907712,65,205.4361567635904,1,3.160556257901391
001615_Reglas_de_urbanitat_o_bona_criansa_y_est.out.txt,CTILC,1855,NLIT,central,no,4696,129,274.7018739352641,0,0.0,76,161.83986371379896,0,0.0,106,225.72402044293017,45,95.82623509369677,0,0.0,0,0.0,252,536.6269165247019,0,0.0,0,0.0,50,106.47359454855196,63,134.15672913117547,0,0.0,199,423.7649063032368,175,372.6575809199319,225,479.13117546848383,52,110.73253833049404,1,2.1294718909710393
002824_Documents_notarials_III_Cassa_de_la_Selv.out.txt,CTILC,1855,NLIT,central,no,668,17,254.49101796407186,0,0.0,5,74.8502994011976,0,0.0,11,164.67065868263475,3,44.91017964071856,1,14.970059880239521,0,0.0,66,988.0239520958085,0,0.0,0,0.0,1,14.970059880239521,12,179.64071856287424,0,0.0,47,703.5928143712575,14,209.58083832335328,28,419.16167664670655,10,149.7005988023952,0,0.0
002825_Documents_notarials_III_Sant_Feliu_de_Gu.out.txt,CTILC,1855,NLIT,central,no,2853,175,613.3894146512444,0,0.0,35,122.67788293024886,0,0.0,49,171.7490361023484,33,115.66771819137749,0,0.0,0,0.0,98,343.4980722046968,0,0.0,0,0.0,18,63.09148264984227,37,129.6880476691202,0,0.0,119,417.1048019628461,55,192.7795303189625,104,364.5285664213109,19,66.59656501927795,0,0.0
003325_Milacre_de_la_muda.out.txt,CTILC,1855,LIT,valencià,no,3502,132,376.9274700171331,0,0.0,0,0.0,0,0.0,24,68.53226727584237,8,22.84408909194746,78,222.72986864648772,25,71.3877784123358,155,442.604226156482,3,8.566533409480297,0,0.0,1,2.8555111364934325,0,0.0,0,0.0,11,31.410622501427753,214,611.0793832095945,228,651.0565391205025,18,51.39920045688178,70,199.88577955454025
003341_Sen_Vicent.out.txt,CTILC,1855,LIT,valencià,no,14582,722,495.13098340419697,0,0.0,101,69.26347551776162,0,0.0,449,307.91386641064327,108,74.06391441503223,156,106.98120971060212,73,50.06171992867919,640,438.8972706075984,2,1.371553970648745,139,95.32300096008778,133,91.20833904814154,1,0.6857769853243725,0,0.0,30,20.573309559731175,745,510.9038540666575,535,366.8906871485393,145,99.43766287203401,0,0.0
003346_Poesias_Tercer_repich.out.txt,CTILC,1855,LIT,central,no,10515,333,316.6904422253923,0,0.0,148,140.7513076557299,0,0.0,185,175.93913456966237,77,73.22872087494056,0,0.0,0,0.0,303,288.1597717546362,7,6.657156443176414,0,0.0,94,89.396100808369,129,122.68188302425106,0,0.0,555,527.8174037089872,213,202.56776034236805,442,420.3518782691393,150,142.65335235378032,1,0.951022349025202
003347_Poesias_Quart_y_ultim_repich.out.txt,CTILC,1856,LIT,central,no,10872,289,265.82045621780725,0,0.0,138,126.93156732891833,0,0.0,227,208.79323031640914,79,72.66372332597498,1,0.919793966151582,0,0.0,326,299.85283296541576,5,4.59896983075791,0,0.0,96,88.30022075055187,112,103.01692420897719,0,0.0,543,499.44812362030905,224,206.03384841795437,458,421.2656364974246,161,148.0868285504047,1,0.919793966151582
002051_Esposicio_de_lo_estad_actual_de_l_agricu.out.txt,CTILC,1857,NLIT,baleàric,no,28638,1002,349.8847684894196,15,5.237795935470355,185,64.59948320413436,0,0.0,183,63.90111041273832,573,200.08380473496752,819,285.98365807668137,35,12.221523849430826,1078,376.42293456246944,3,1.0475591870940708,0,0.0,0,0.0,441,153.9912005028284,0,0.0,1920,670.4378797402054,849,296.459249947622,505,176.33912982750192,0,0.0,159,55.520636915985754
002304_Guia_del_congregant_de_Maria_santissima_.out.txt,CTILC,1857,NLIT,central,no,13270,445,335.34287867370006,2,1.5071590052750565,136,102.48681235870384,0,0.0,346,260.7385079125848,153,115.29766390354182,1,0.7535795026375283,0,0.0,630,474.75508666164285,1,0.7535795026375283,0,0.0,158,119.06556141672947,321,241.89902034664655,2,1.5071590052750565,642,483.7980406932931,322,242.65259984928412,309,232.85606631499624,56,42.20045214770159,15,11.303692539562924
002305_Guano_llegitim_del_Peru_importat_directa.out.txt,CTILC,1857,NLIT,central,no,1677,45,268.33631484794273,0,0.0,24,143.11270125223615,0,0.0,74,441.26416219439477,22,131.1866428145498,0,0.0,0,0.0,18,107.3345259391771,32,190.8169350029815,0,0.0,0,0.0,7,41.741204531902206,0,0.0,109,649.9701848539058,69,411.4490161001789,35,208.70602265951104,14,83.48240906380441,0,0.0
002469_Calendari_del_pages.out.txt,CTILC,1857,NLIT,central,no,7058,297,420.7990932275432,0,0.0,38,53.83961462170587,0,0.0,201,284.7832247095495,159,225.27628223292717,0,0.0,1,1.4168319637291018,242,342.8733352224427,0,0.0,0,0.0,83,117.59705298951545,82,116.18022102578634,0,0.0,637,902.5219608954378,225,318.78719183904786,340,481.7228676678946,36,51.005950694247666,2,2.8336639274582036
002470_Guano.out.txt,CTILC,1857,NLIT,central,no,3185,96,301.41287284144425,0,0.0,54,169.5447409733124,0,0.0,121,379.9058084772371,53,166.4050235478807,0,0.0,0,0.0,86,270.01569858712713,0,0.0,0,0.0,17,53.375196232339086,27,84.7723704866562,0,0.0,178,558.8697017268446,77,241.75824175824178,139,436.42072213500785,27,84.7723704866562,0,0.0
002471_Botanica.out.txt,CTILC,1857,NLIT,central,no,3423,123,359.3339176161262,0,0.0,18,52.5854513584575,0,0.0,66,192.81332164767747,55,160.67776803973123,0,0.0,0,0.0,130,379.78381536663744,0,0.0,1,2.9214139643587496,15,43.821209465381244,37,108.09231668127373,0,0.0,351,1025.4163014899211,90,262.92725679228744,116,338.88401986561496,16,46.74262342973999,4,11.685655857434998
002472_Lleys_que_poden_interesar_als_propietari.out.txt,CTILC,1857,NLIT,central,no,4086,129,315.71218795888404,1,2.447381302006853,38,93.0004894762604,0,0.0,95,232.501223690651,116,283.8962310327949,2,4.894762604013706,0,0.0,202,494.37102300538425,0,0.0,0,0.0,75,183.55359765051395,99,242.29074889867843,0,0.0,388,949.5839451786587,70,171.3166911404797,76,186.0009789525208,6,14.684287812041115,2,4.894762604013706
002474_Del_ayre.out.txt,CTILC,1857,NLIT,central,no,2666,92,345.08627156789197,0,0.0,22,82.52063015753939,0,0.0,39,146.28657164291073,21,78.76969242310577,0,0.0,0,0.0,97,363.84096024006004,1,3.7509377344336086,0,0.0,11,41.26031507876969,43,161.29032258064515,2,7.501875468867217,90,337.5843960990248,59,221.3053263315829,81,303.8259564891223,27,101.27531882970742,1,3.7509377344336086
003168_Isabet_Besora_la_pastoreta_o_ja_sia_la_p.out.txt,CTILC,1857,LIT,central,no,16688,489,293.02492809204216,0,0.0,199,119.24736337488015,0,0.0,292,174.97603068072868,135,80.89645254074784,0,0.0,0,0.0,376,225.31160115052734,3,1.7976989453499521,0,0.0,129,77.30105465004793,193,115.65196548418024,0,0.0,580,347.55512943432404,458,274.4487056567594,830,497.3633748801534,209,125.23969319271333,5,2.996164908916587
002278_Los_balls_sense_vel.out.txt,CTILC,1858,NLIT,central,no,11905,462,388.0722385552289,1,0.8399832003359933,126,105.83788324233515,0,0.0,246,206.63586728265435,193,162.1167576648467,0,0.0,0,0.0,470,394.79210415791687,1,0.8399832003359933,0,0.0,122,102.47795044099118,186,156.23687526249475,6,5.03989920201596,826,693.8261234775305,340,285.5942881142377,606,509.0298194036119,91,76.43847123057539,22,18.479630407391852
002306_Coleccio_de_remeis_per_diferentes_malalt.out.txt,CTILC,1858,NLIT,central,no,1858,107,575.8880516684607,1,5.382131324004305,59,317.54574811625406,0,0.0,28,150.69967707212055,12,64.58557588805166,0,0.0,0,0.0,120,645.8557588805166,10,53.82131324004306,0,0.0,10,53.82131324004306,0,0.0,0,0.0,115,618.9451022604951,42,226.04951560818085,51,274.48869752421956,25,134.55328310010765,2,10.76426264800861
002605_Quertille_des_dielecte_menurqui.out.txt,CTILC,1858,NLIT,baleàric,no,5139,120,233.5084646818447,13,25.296750340533176,1,1.945903872348706,1,1.945903872348706,1,1.945903872348706,0,0.0,3,5.837711617046118,5,9.72951936174353,79,153.7264059155478,0,0.0,21,40.863981319322825,1,1.945903872348706,62,120.64604008561977,4,7.783615489394824,7,13.621327106440942,504,980.7355516637479,64,124.53784783031719,14,27.242654212881884,80,155.67230978789647
003057_Poesias.out.txt,CTILC,1858,LIT,central,no,16339,608,372.11579656037696,3,1.836097680396597,179,109.55382826366362,0,0.0,311,190.3421262011139,139,85.07252585837566,4,2.4481302405287964,0,0.0,475,290.7154660627945,0,0.0,25,15.300814003304977,168,102.82147010220945,173,105.88163290287044,0,0.0,1162,711.1818348736152,374,228.90017748944246,575,351.91872207601443,100,61.20325601321991,10,6.120325601321991
003326_La_demana_de_una_novia.out.txt,CTILC,1858,LIT,valencià,no,4599,166,360.94803218090885,0,0.0,0,0.0,0,0.0,41,89.14981517721243,2,4.348771472059143,88,191.3459447706023,23,50.010871928680146,232,504.4574907588606,15,32.615786040443574,0,0.0,0,0.0,0,0.0,0,0.0,17,36.964557512502715,217,471.841704718417,352,765.3837790824092,12,26.09262883235486,150,326.1578604044357
001994_Memoria.out.txt,CTILC,1859,NLIT,central,no,8038,299,371.98308036825085,3,3.7322717093804427,64,79.62179646678278,0,0.0,297,369.4948992286638,108,134.36178153769595,0,0.0,0,0.0,295,367.00671808907686,2,2.488181139586962,1,1.244090569793481,59,73.40134361781537,118,146.80268723563074,0,0.0,315,391.88852948494645,147,182.8813137596417,300,373.22717093804425,46,57.22816621050012,4,4.976362279173924
002265_Societat_Espiritual_de_Pias_y_Devotas_Do.out.txt,CTILC,1859,NLIT,central,no,3809,154,404.3055920189026,1,2.6253609871357315,63,165.39774218955108,0,0.0,102,267.78682068784457,30,78.76082961407192,1,2.6253609871357315,0,0.0,162,425.30847991598847,0,0.0,0,0.0,31,81.38619060120767,47,123.39196639537937,0,0.0,249,653.7148857967971,51,133.89341034392228,143,375.4266211604096,17,44.631136781307426,2,5.250721974271463
002277_Facilitat_de_ser_sant_o_metodo_breu_y_se.out.txt,CTILC,1859,NLIT,central,no,33737,1193,353.61768977680293,1,0.29641046921777275,367,108.7826422029226,0,0.0,834,247.20633132762248,576,170.73243026943712,0,0.0,0,0.0,1453,430.68441177342385,0,0.0,0,0.0,340,100.77955953404273,591,175.1785873077037,37,10.967187361057592,1968,583.3358034205768,959,284.2576399798441,1400,414.97465690488184,168,49.79695882858582,5,1.4820523460888637
003261_La_millor_rao_el_trabuc.out.txt,CTILC,1859,LIT,valencià,no,6067,218,359.320916433163,0,0.0,0,0.0,0,0.0,65,107.1369704961266,8,13.18608867644635,123,202.73611340036263,33,54.39261579034119,250,412.0652711389484,1,1.6482610845557937,0,0.0,0,0.0,0,0.0,0,0.0,39,64.28218229767594,363,598.3187736937531,392,646.1183451458711,20,32.96522169111587,111,182.9569803856931
003263_L_aguelo_Pollastre.out.txt,CTILC,1859,LIT,valencià,no,5779,177,306.28136355770897,1,1.7304031839418583,0,0.0,0,0.0,50,86.52015919709292,5,8.652015919709292,146,252.63886485551134,38,65.75532098979062,190,328.7766049489531,0,0.0,0,0.0,0,0.0,0,0.0,0,0.0,22,38.06887004672089,407,704.2740958643363,335,579.6850666205225,19,32.87766049489531,138,238.79563938397646
002718_Discurs.out.txt,CTILC,1860,NLIT,central,no,1722,83,481.99767711962835,0,0.0,18,104.52961672473869,0,0.0,46,267.13124274099886,28,162.60162601626018,0,0.0,0,0.0,52,301.97444831591173,0,0.0,0,0.0,25,145.18002322880372,19,110.33681765389082,0,0.0,88,511.03368176538913,54,313.588850174216,61,354.2392566782811,5,29.036004645760745,0,0.0
003327_Ja_hi_van_al_africa.out.txt,CTILC,1860,LIT,central,no,2449,78,318.4973458554512,0,0.0,29,118.41567986933443,0,0.0,46,187.83176806859942,39,159.2486729277256,0,0.0,0,0.0,137,559.4120048999591,0,0.0,0,0.0,41,167.41527153940385,36,146.99877501020825,0,0.0,96,391.99673336055537,48,195.99836668027768,92,375.66353613719883,22,89.8325847284606,5,20.41649652919559
003328_La_quinta_o_sia_D_Jusep_Buscalas-totas.out.txt,CTILC,1860,LIT,central,no,2150,62,288.3720930232558,0,0.0,14,65.11627906976744,0,0.0,12,55.81395348837209,1,4.651162790697675,4,18.6046511627907,0,0.0,99,460.4651162790698,0,0.0,0,0.0,0,0.0,2,9.30232558139535,0,0.0,61,283.72093023255815,43,200.0,119,553.4883720930233,24,111.62790697674419,0,0.0
002080_Ressenya_en_defensa_de_las_vinyas_a_raba.out.txt,CTILC,1861,NLIT,central,no,7033,195,277.2643253234751,1,1.4218683349921797,38,54.03099672970283,0,0.0,252,358.31082041802927,128,181.999146878999,1,1.4218683349921797,0,0.0,224,318.49850703824825,1,1.4218683349921797,0,0.0,151,214.70211858381913,126,179.15541020901463,5,7.109341674960899,352,500.49765391724725,146,207.59277690885824,204,290.06114033840464,28,39.81231337978103,0,0.0
002826_Documents_notarials_I_Andorra.out.txt,CTILC,1861,NLIT,nord-occidental,no,367,21,572.2070844686648,0,0.0,4,108.99182561307902,0,0.0,7,190.7356948228883,2,54.49591280653951,0,0.0,0,0.0,16,435.96730245231606,0,0.0,0,0.0,1,27.247956403269754,3,81.74386920980926,0,0.0,14,381.4713896457766,5,136.23978201634878,16,435.96730245231606,4,108.99182561307902,0,0.0
003271_Coblas_fetas_sobre_la_vinguda_de_SS_MM_y.out.txt,CTILC,1861,LIT,baleàric,no,2102,79,375.8325404376784,0,0.0,23,109.41960038058993,0,0.0,6,28.544243577545195,18,85.63273073263558,36,171.26546146527116,3,14.272121788772598,125,594.6717411988582,0,0.0,0,0.0,0,0.0,30,142.72121788772597,0,0.0,70,333.01617507136064,64,304.4719314938154,64,304.4719314938154,4,19.029495718363464,4,19.029495718363464
003329_El_deu_denau_y_noranta.out.txt,CTILC,1861,LIT,valencià,no,4878,124,254.20254202542026,1,2.050020500205002,0,0.0,0,0.0,22,45.10045100451004,5,10.25010250102501,107,219.35219352193522,31,63.550635506355064,160,328.0032800328003,122,250.10250102501027,0,0.0,0,0.0,1,2.050020500205002,0,0.0,27,55.35055350553505,273,559.6555965559655,273,559.6555965559655,17,34.85034850348504,111,227.55227552275522
003330_En_les_festes_d_un_carrer.out.txt,CTILC,1861,LIT,valencià,no,7478,170,227.33351163412678,1,1.337255950788981,0,0.0,0,0.0,62,82.90986894891682,19,25.407863064990636,141,188.5530890612463,17,22.733351163412678,313,418.5611125969511,1,1.337255950788981,0,0.0,0,0.0,2,2.674511901577962,0,0.0,74,98.95694035838459,351,469.3768387269323,344,460.01604707140945,5,6.6862797539449055,80,106.98047606311849
002994_Assi_comensa_la_historia_de_un_fet_de_ca.out.txt,CTILC,1862,LIT,central,no,7875,424,538.4126984126984,1,1.2698412698412698,97,123.17460317460318,0,0.0,302,383.4920634920635,83,105.39682539682539,1,1.2698412698412698,0,0.0,304,386.031746031746,1,1.2698412698412698,0,0.0,131,166.34920634920636,106,134.6031746031746,1,1.2698412698412698,272,345.39682539682536,108,137.14285714285714,296,375.87301587301585,48,60.952380952380956,0,0.0
002995_La_veu_de_la_castellana.out.txt,CTILC,1862,LIT,central,no,3312,119,359.2995169082126,0,0.0,27,81.52173913043478,0,0.0,59,178.1400966183575,30,90.57971014492755,0,0.0,0,0.0,108,326.0869565217391,0,0.0,0,0.0,24,72.46376811594203,56,169.0821256038647,0,0.0,125,377.4154589371981,86,259.66183574879227,143,431.7632850241546,24,72.46376811594203,0,0.0
003134_Lo_toch_de_somaten.out.txt,CTILC,1862,LIT,valencià,no,5040,156,309.5238095238095,0,0.0,3,5.9523809523809526,0,0.0,44,87.3015873015873,8,15.873015873015873,85,168.65079365079364,54,107.14285714285714,228,452.38095238095235,3,5.9523809523809526,5,9.920634920634921,54,107.14285714285714,0,0.0,0,0.0,17,33.730158730158735,224,444.44444444444446,362,718.2539682539682,81,160.7142857142857,15,29.76190476190476
003141_Una_nit_de_carnaval.out.txt,CTILC,1862,LIT,central,no,5294,132,249.33887419720438,0,0.0,51,96.33547412164715,0,0.0,83,156.7812618058179,16,30.22289384208538,1,1.8889308651303363,0,0.0,235,443.898753305629,0,0.0,0,0.0,63,119.00264450321117,68,128.44729882886287,0,0.0,101,190.78201737816394,118,222.89384208537967,323,610.1246694370986,63,119.00264450321117,48,90.66868152625614
003272_La_desposada_de_Deu.out.txt,CTILC,1862,LIT,central,no,1246,59,473.5152487961477,1,8.025682182985554,17,136.43659711075443,0,0.0,28,224.7191011235955,7,56.17977528089887,0,0.0,0,0.0,44,353.13001605136435,0,0.0,0,0.0,12,96.30818619582664,15,120.38523274478331,0,0.0,82,658.1059390048154,14,112.35955056179775,37,296.9502407704655,9,72.23113964686999,0,0.0
002074_Resenya_historica_y_critica_dels_antichs.out.txt,CTILC,1864,NLIT,central,no,19463,593,304.6806761547552,26,13.358680573395674,191,98.1349226737913,0,0.0,383,196.78364075425165,135,69.36237990032369,7,3.5965678466834508,1,0.5137954066690644,405,208.08713970097105,0,0.0,35,17.982839233417252,212,108.92462621384165,226,116.11776190720855,0,0.0,766,393.5672815085033,680,349.38087653496376,746,383.2913733751221,176,90.42799157375534,44,22.606997893438834
003293_La_romeria_de_Recasens.out.txt,CTILC,1864,LIT,central,no,14750,485,328.81355932203394,0,0.0,120,81.35593220338983,0,0.0,211,143.0508474576271,111,75.2542372881356,1,0.6779661016949152,0,0.0,705,477.96610169491527,1,0.6779661016949152,0,0.0,174,117.96610169491525,221,149.83050847457628,0,0.0,483,327.45762711864404,397,269.1525423728814,772,523.3898305084746,149,101.01694915254237,5,3.3898305084745766
002303_Terciari_devot_o_sia_petit_manual_practi.out.txt,CTILC,1865,NLIT,central,no,9499,343,361.09064112011794,0,0.0,87,91.58858827244973,0,0.0,172,181.07169175702705,117,123.17086009053584,41,43.16243815138436,0,0.0,307,323.1919149384146,0,0.0,0,0.0,138,145.27845036319613,168,176.86072218128226,0,0.0,506,532.6876513317192,223,234.76155384777343,215,226.33961469628383,66,69.48099799978945,24,25.26581745446889
002477_Lley_hipotecaria.out.txt,CTILC,1865,NLIT,central,no,1387,32,230.71377072819033,0,0.0,13,93.72746935832733,0,0.0,34,245.13338139870223,37,266.76279740447006,1,7.209805335255948,0,0.0,77,555.155010814708,0,0.0,0,0.0,11,79.30785868781543,26,187.45493871665465,0,0.0,72,519.1059841384282,24,173.03532804614275,60,432.58832011535685,7,50.46863734679163,0,0.0
002478_Consells_higienichs.out.txt,CTILC,1865,NLIT,central,no,3324,137,412.1540312876053,0,0.0,21,63.1768953068592,0,0.0,84,252.7075812274368,51,153.42960288808663,0,0.0,0,0.0,114,342.9602888086643,0,0.0,0,0.0,23,69.19374247894103,59,177.49699157641396,3,9.025270758122744,174,523.4657039711192,115,345.96871239470516,110,330.9265944645006,19,57.16004813477738,0,0.0
003273_Dos_martirs_de_ma_patria_o_siga_Llucia_y.out.txt,CTILC,1865,LIT,central,no,6142,242,394.00846629762293,4,6.512536633018561,72,117.22565939433409,0,0.0,90,146.53207424291762,51,83.03484207098664,0,0.0,0,0.0,281,457.5056984695539,3,4.88440247476392,0,0.0,45,73.26603712145881,107,174.2103549332465,0,0.0,231,376.0989905568219,129,210.02930641484858,254,413.5460761966786,62,100.94431781178768,0,0.0
003294_Liceistas_y_cruzados.out.txt,CTILC,1865,LIT,central,no,13230,410,309.90173847316703,0,0.0,124,93.72637944066516,245,185.18518518518516,101,76.3416477702192,59,44.59561602418745,13,9.82615268329554,1,0.7558578987150416,442,334.0891912320484,1,0.7558578987150416,13,9.82615268329554,142,107.33182161753591,132,99.77324263038548,0,0.0,286,216.1753590325019,345,260.77097505668934,832,628.8737717309145,119,89.94708994708995,273,206.34920634920636
003300_La_pubilla_del_Valles.out.txt,CTILC,1865,LIT,central,no,12058,352,291.9223751865981,0,0.0,104,86.24979266876761,0,0.0,84,69.66329407862,25,20.733123237684524,84,69.66329407862,11,9.122574224581191,449,372.366893348814,0,0.0,3,2.487974788522143,115,95.37236689334883,123,102.00696632940787,0,0.0,396,328.41267208492286,401,332.55929673245976,677,561.452977276497,150,124.39873942610714,3,2.487974788522143
003331_Tal_faras_tal_trobaras.out.txt,CTILC,1865,LIT,central,no,14393,470,326.54762731883557,3,2.0843465573542694,191,132.70339748488848,0,0.0,185,128.53470437017995,47,32.65476273188355,10,6.947821857847565,0,0.0,440,305.7041617452929,7,4.863475300493295,0,0.0,99,68.78343639269089,93,64.61474327798236,0,0.0,320,222.33029945112207,362,251.51115125408185,707,491.2110053498228,147,102.13298131035921,0,0.0
001752_Plan_de_reforma_adoptat_en_las_Valls_de_.out.txt,CTILC,1866,NLIT,nord-occidental,no,3638,176,483.7822979659153,0,0.0,33,90.70918086860914,0,0.0,105,288.62012094557446,108,296.86641011544805,0,0.0,0,0.0,221,607.4766355140187,0,0.0,0,0.0,29,79.71412864211105,76,208.90599230346345,0,0.0,146,401.3194062671797,86,236.39362286970865,114,313.3589884551952,18,49.477735019241344,0,0.0
002012_Proleg.out.txt,CTILC,1866,NLIT,central,no,7996,216,270.13506753376686,0,0.0,82,102.5512756378189,0,0.0,139,173.8369184592296,78,97.5487743871936,0,0.0,0,0.0,238,297.6488244122061,1,1.250625312656328,12,15.007503751875937,62,77.53876938469234,92,115.0575287643822,0,0.0,450,562.7813906953477,288,360.1800900450225,377,471.4857428714357,60,75.0375187593797,2,2.501250625312656
002077_Apuntaments_y_datos.out.txt,CTILC,1866,NLIT,central,no,13666,502,367.33499195082686,2,1.4634860237084735,137,100.24879262403044,0,0.0,319,233.42602078150153,142,103.90750768330162,20,14.634860237084736,0,0.0,471,344.6509585833455,0,0.0,0,0.0,171,125.12805502707448,153,111.95668081369823,0,0.0,664,485.87735987121323,370,270.7449143860676,718,525.391482511342,152,111.22493780184399,1,0.7317430118542367
002273_Piados_novenari_a_Maria_santissima_del_C.out.txt,CTILC,1866,NLIT,central,no,6374,253,396.9250078443677,0,0.0,61,95.70128647631002,0,0.0,169,265.1396297458425,92,144.336366488861,0,0.0,0,0.0,262,411.0448697834954,0,0.0,0,0.0,43,67.4615625980546,133,208.66018198933165,0,0.0,250,392.2183871979919,154,241.60652651396296,175,274.5528710385943,18,28.239723878255415,9,14.119861939127707
003009_Lo_llibre_de_l_infantesa.out.txt,CTILC,1866,LIT,central,no,17200,745,433.13953488372096,0,0.0,150,87.20930232558139,0,0.0,334,194.1860465116279,114,66.27906976744185,0,0.0,2,1.1627906976744187,675,392.4418604651163,0,0.0,33,19.186046511627907,166,96.51162790697674,216,125.58139534883722,0,0.0,52,30.232558139534884,1219,708.7209302325581,686,398.83720930232556,137,79.65116279069767,5,2.9069767441860463
003055_Celistias.out.txt,CTILC,1866,LIT,central,no,6409,123,191.91761585270712,2,3.1206116398814165,49,76.45498517709471,0,0.0,84,131.0656888750195,22,34.326728038695585,2,3.1206116398814165,0,0.0,196,305.81994070837885,0,0.0,0,0.0,60,93.61834919644251,68,106.10079575596816,0,0.0,322,502.4184740209081,188,293.3374941488532,181,282.4153534092682,49,76.45498517709471,0,0.0
003082_Fullas.out.txt,CTILC,1866,LIT,central,no,13862,497,358.53412206030873,6,4.3283797431828015,166,119.75183956139085,0,0.0,297,214.25479728754868,69,49.776367046602225,0,0.0,0,0.0,466,336.17082672053095,0,0.0,21,15.149329101139806,131,94.50295772615785,147,106.04530370797863,0,0.0,647,466.74361563987884,354,255.3744048477853,626,451.594286538739,129,93.06016447843024,8,5.771172990910403
003142_Qui_al_cel_escup.out.txt,CTILC,1866,LIT,central,no,7284,237,325.37067545304774,1,1.372872048325096,68,93.35529928610654,0,0.0,48,65.89785831960461,17,23.338824821526636,0,0.0,0,0.0,225,308.89621087314663,0,0.0,0,0.0,75,102.9654036243822,65,89.23668314113125,0,0.0,133,182.59198242723778,165,226.52388797364088,389,534.0472267984624,100,137.28720483250962,2,2.745744096650192
003143_El_cordo_de_la_vila.out.txt,CTILC,1866,LIT,baleàric,no,10053,387,384.9597135183527,0,0.0,57,56.69949268874963,0,0.0,40,39.78911767631553,25,24.868198547697208,181,180.04575748532775,78,77.58877946881528,461,458.5695812195365,0,0.0,0,0.0,77,76.59405152690739,99,98.47806624888094,0,0.0,254,252.6608972446036,340,338.20750024868204,409,406.8437282403263,83,82.56241917835472,16,15.91564707052621
003191_La_pubilla_del_Mas_de_Dalt.out.txt,CTILC,1866,LIT,central,no,22137,829,374.4861544021322,1,0.4517323937299544,239,107.9640421014591,0,0.0,552,249.35628133893482,216,97.57419704567013,1,0.4517323937299544,0,0.0,774,349.6408727469847,2,0.9034647874599088,0,0.0,204,92.15340832091069,311,140.4887744500158,4,1.8069295749198175,856,386.68292903284095,466,210.50729547815874,1163,525.364773907937,220,99.38112662058997,0,0.0
003260_La_por_guarda_la_vinya.out.txt,CTILC,1866,LIT,central,no,7110,207,291.1392405063291,0,0.0,57,80.16877637130801,0,0.0,94,132.20815752461323,22,30.942334739803094,16,22.50351617440225,0,0.0,309,434.5991561181434,0,0.0,1,1.4064697609001406,65,91.42053445850914,50,70.32348804500702,1,1.4064697609001406,175,246.13220815752462,205,288.3263009845288,472,663.8537271448663,99,139.2405063291139,0,0.0
003317_Mistos.out.txt,CTILC,1866,LIT,central,no,6033,152,251.94762141554781,0,0.0,40,66.30200563567048,0,0.0,102,169.07011437095974,17,28.178352395159955,2,3.3151002817835242,1,1.6575501408917621,180,298.35902536051714,0,0.0,0,0.0,53,87.85015746726339,45,74.58975634012928,1,1.6575501408917621,119,197.2484667661197,156,258.57782197911484,349,578.4849991712249,100,165.75501408917623,47,77.90485662191281
002011_Prolech.out.txt,CTILC,1867,NLIT,central,no,1900,53,278.94736842105266,1,5.263157894736842,9,47.36842105263158,0,0.0,42,221.05263157894734,16,84.21052631578947,0,0.0,0,0.0,71,373.6842105263158,0,0.0,17,89.47368421052632,16,84.21052631578947,22,115.78947368421053,0,0.0,113,594.7368421052631,76,400.0,71,373.6842105263158,14,73.6842105263158,0,0.0
002049_Discurs.out.txt,CTILC,1867,NLIT,baleàric,no,3081,116,376.5011359948069,0,0.0,44,142.81077572216813,0,0.0,26,84.38818565400844,22,71.40538786108407,1,3.2456994482310937,2,6.491398896462187,81,262.9016553067186,0,0.0,33,107.10808179162609,46,149.30217461863032,34,110.3537812398572,0,0.0,4,12.982797792924375,259,840.6361570918533,122,395.97533268419346,23,74.65108730931516,0,0.0
002079_Prolech.out.txt,CTILC,1867,NLIT,central,no,7622,276,362.10968249803204,1,1.311991603253739,55,72.15953817895566,0,0.0,199,261.08632904749413,83,108.89530307006035,0,0.0,0,0.0,274,359.48569929152455,0,0.0,5,6.559958016268697,35,45.91970611388087,113,148.25505116767252,3,3.9359748097612175,527,691.4195749147207,266,348.98976646549465,321,421.14930464445024,67,87.90343741800052,8,10.495932826029913
002747_Coleccio_de_sermons_morals.out.txt,CTILC,1867,NLIT,central,no,15953,632,396.1637309596941,1,0.6268413464552122,157,98.41409139346831,0,0.0,235,147.30771641697487,48,30.088384629850186,5,3.134206732276061,0,0.0,656,411.20792327461925,1,0.6268413464552122,0,0.0,107,67.0720240707077,347,217.51394721995862,12,7.5220961574625465,581,364.19482229047827,456,285.83965398357674,741,464.4894377233123,64,40.11784617313358,10,6.268413464552122
003056_La_canso_del_pros_Bernat_fill_de_Ramon.out.txt,CTILC,1867,LIT,central,no,3090,93,300.97087378640776,1,3.236245954692557,31,100.32362459546925,0,0.0,54,174.75728155339806,31,100.32362459546925,0,0.0,0,0.0,63,203.8834951456311,0,0.0,0,0.0,30,97.08737864077669,39,126.2135922330097,0,0.0,12,38.83495145631068,208,673.1391585760518,134,433.65695792880257,33,106.79611650485437,2,6.472491909385114
003059_Cuentos_de_la_bora_del_foch.out.txt,CTILC,1867,LIT,central,no,10654,329,308.80420499342966,11,10.324760653275765,89,83.53669983104938,0,0.0,202,189.6001501783368,84,78.8436268068331,1,0.9386146048432514,0,0.0,249,233.71503660596957,0,0.0,6,5.631687629059508,71,66.64163694387085,135,126.71297165383893,0,0.0,653,612.9153369626431,214,200.86352543645577,431,404.54289468744133,72,67.5802515487141,0,0.0
003062_A_la_vora_del_foch.out.txt,CTILC,1867,LIT,central,no,9594,300,312.6954346466541,1,1.0423181154888472,72,75.046904315197,0,0.0,210,218.88680425265792,51,53.158223889931215,2,2.0846362309776945,0,0.0,268,279.3412549510111,0,0.0,0,0.0,85,88.59703981655201,84,87.55472170106316,0,0.0,402,419.01188242651654,245,255.36793829476755,368,383.5730664998958,113,117.78194705023974,2,2.0846362309776945
003127_Angels_de_Deu.out.txt,CTILC,1867,LIT,central,no,9072,215,236.99294532627866,0,0.0,140,154.320987654321,0,0.0,131,144.40035273368605,25,27.55731922398589,0,0.0,0,0.0,439,483.90652557319225,1,1.1022927689594355,0,0.0,79,87.0811287477954,78,85.97883597883597,0,0.0,228,251.32275132275132,155,170.8553791887125,516,568.7830687830688,98,108.02469135802468,0,0.0
003301_La_noya_del_entressuelo.out.txt,CTILC,1867,LIT,central,no,12232,305,249.34597776324395,0,0.0,112,91.56311314584696,0,0.0,198,161.8705035971223,49,40.05886200130804,23,18.80313930673643,9,7.3577501635055595,596,487.246566383257,2,1.6350555918901244,0,0.0,132,107.9136690647482,84,68.67233485938522,0,0.0,279,228.09025506867232,283,231.36036625245256,694,567.3642903858731,153,125.08175277959451,1,0.8175277959450622
003319_La_sastreseta.out.txt,CTILC,1867,LIT,valencià,no,5048,116,229.79397781299522,0,0.0,0,0.0,0,0.0,22,43.581616481774965,11,21.790808240887483,109,215.9270998415214,17,33.676703645007926,188,372.4247226624406,0,0.0,0,0.0,0,0.0,0,0.0,0,0.0,20,39.61965134706815,278,550.7131537242473,258,511.09350237717905,18,35.657686212361334,59,116.87797147385102
002050_Discurs.out.txt,CTILC,1868,NLIT,central,no,3244,118,363.74845869297167,1,3.082614056720099,29,89.39580764488286,0,0.0,53,163.37854500616524,46,141.80024660912454,0,0.0,0,0.0,91,280.517879161529,0,0.0,0,0.0,35,107.89149198520346,36,110.97410604192355,0,0.0,151,465.47472256473486,136,419.2355117139334,183,564.1183723797781,28,86.31319358816276,0,0.0
002073_Lo_cami_de_la_fortuna_consells_breus_y_s.out.txt,CTILC,1868,NLIT,central,sí,4993,201,402.5635890246345,1,2.002803925495694,26,52.07290206288805,0,0.0,104,208.2916082515522,28,56.07850991387943,0,0.0,0,0.0,128,256.3589024634488,0,0.0,0,0.0,51,102.1430002002804,65,130.1822551572201,1,2.002803925495694,150,300.42058882435407,134,268.375726016423,259,518.7262167033847,44,88.12337272181054,0,0.0
002087_Prolech.out.txt,CTILC,1868,NLIT,central,no,5624,193,343.17211948790896,21,37.339971550497864,53,94.23897581792318,0,0.0,140,248.93314366998578,54,96.01706970128023,11,19.559032716927454,0,0.0,182,323.6130867709815,0,0.0,1,1.7780938833570414,97,172.475106685633,64,113.79800853485065,6,10.668563300142248,173,307.6102418207681,103,183.14366998577526,189,336.0597439544808,52,92.46088193456615,5,8.890469416785207
002130_Lo_siti_de_Girona_en_l_any_1809.out.txt,CTILC,1868,NLIT,central,no,26760,1321,493.64723467862484,1,0.3736920777279522,253,94.5440956651719,0,0.0,444,165.91928251121078,359,134.15545590433481,1,0.3736920777279522,0,0.0,993,371.0762331838565,0,0.0,170,63.52765321375187,264,98.65470852017937,346,129.29745889387144,0,0.0,1553,580.3437967115098,499,186.47234678624815,1179,440.5829596412556,305,113.97608370702541,1,0.3736920777279522
002407_Carta_a_Mossen_Ramon_Bonet_3VI1868.out.txt,CTILC,1868,NLIT,nord-occidental,no,297,7,235.69023569023568,0,0.0,2,67.34006734006734,0,0.0,9,303.03030303030306,7,235.69023569023568,0,0.0,0,0.0,8,269.36026936026934,1,33.67003367003367,0,0.0,1,33.67003367003367,0,0.0,0,0.0,8,269.36026936026934,10,336.7003367003367,19,639.7306397306397,6,202.02020202020205,0,0.0
002953_Don_Joan_de_Serrallonga.out.txt,CTILC,1868,LIT,central,no,24770,714,288.25191764230925,0,0.0,255,102.94711344368187,0,0.0,382,154.21881308033912,154,62.171982236576504,35,14.129995962858295,0,0.0,1020,411.7884537747275,0,0.0,0,0.0,362,146.14452967299152,243,98.10254339927332,0,0.0,710,286.63706096083973,583,235.36536132418246,1221,492.93500201857086,278,112.23253936213162,29,11.707710940654017
002996_Setse_jutjes.out.txt,CTILC,1868,LIT,nord-occidental,no,5414,170,314.00073882526783,0,0.0,36,66.49427410417437,0,0.0,104,192.0945696342815,31,57.25895825637237,56,103.43553749538233,1,1.847063169560399,201,371.25969708164024,0,0.0,0,0.0,52,96.04728481714075,49,90.50609530845955,0,0.0,143,264.130033247137,176,325.0831178426302,274,506.0953084595493,54,99.74141115626155,3,5.541189508681198
003274_Les_flors_de_montanya.out.txt,CTILC,1868,LIT,baleàric,no,1012,47,464.42687747035575,0,0.0,4,39.52569169960474,0,0.0,12,118.57707509881422,6,59.28853754940711,0,0.0,1,9.881422924901186,21,207.5098814229249,1,9.881422924901186,6,59.28853754940711,13,128.4584980237154,7,69.1699604743083,0,0.0,0,0.0,159,1571.1462450592887,31,306.32411067193675,6,59.28853754940711,0,0.0
003315_Lo_prodigi_del_sigle.out.txt,CTILC,1868,LIT,central,no,29328,981,334.49263502454994,6,2.0458265139116203,234,79.78723404255318,0,0.0,493,168.0987452264048,300,102.29132569558102,0,0.0,0,0.0,1354,461.6748499727223,0,0.0,1,0.3409710856519367,219,74.67266775777414,478,162.98417894162577,24,8.183306055646481,1322,450.7637752318604,607,206.96944899072557,1170,398.936170212766,375,127.86415711947626,4,1.3638843426077467
000057_La_Xinxa.out.txt,CTILC,1869,LIT,central,no,29422,852,289.5792264292026,2,0.679763442322072,227,77.15315070355516,0,0.0,512,174.01944123445043,157,53.36143022228264,2,0.679763442322072,0,0.0,1096,372.5103663924954,6,2.0392903269662157,1,0.339881721161036,279,94.82700020392903,361,122.69730133913399,7,2.3791720481272516,932,316.7697641220855,648,220.24335531235133,1474,500.98565699136697,220,74.77397865542791,0,0.0
003061_Lo_crit_de_l_anima.out.txt,CTILC,1869,LIT,central,no,9875,523,529.620253164557,1,1.0126582278481013,78,78.9873417721519,0,0.0,223,225.82278481012656,94,95.18987341772151,1,1.0126582278481013,0,0.0,359,363.5443037974684,0,0.0,30,30.379746835443036,58,58.734177215189874,99,100.25316455696202,0,0.0,386,390.88607594936707,268,271.3924050632911,572,579.2405063291139,115,116.45569620253164,2,2.0253164556962027
003275_Romans_llegit_a_l_ombra_de_la_Font_del_D.out.txt,CTILC,1869,LIT,central,no,1687,77,456.4315352697095,0,0.0,26,154.11973918197987,0,0.0,17,100.77059869590991,13,77.05986959098993,0,0.0,0,0.0,64,379.3716656787196,0,0.0,0,0.0,13,77.05986959098993,31,183.75815056312982,0,0.0,90,533.4914048606994,36,213.3965619442798,48,284.5287492590397,10,59.276822762299936,0,0.0
002053_En_Juanot_Colom.out.txt,CTILC,1870,NLIT,baleàric,no,7400,343,463.5135135135135,1,1.3513513513513513,19,25.675675675675674,40,54.054054054054056,32,43.24324324324324,14,18.91891891891892,22,29.72972972972973,113,152.7027027027027,279,377.027027027027,0,0.0,0,0.0,53,71.62162162162161,128,172.97297297297297,0,0.0,315,425.6756756756757,301,406.7567567567568,370,500.0,112,151.35135135135135,3,4.0540540540540535
002068_Parlament.out.txt,CTILC,1870,NLIT,baleàric,no,3878,195,502.8365136668385,0,0.0,30,77.35946364105209,0,0.0,47,121.19649303764827,27,69.62351727694688,1,2.57864878803507,0,0.0,140,361.01083032490976,0,0.0,48,123.77514182568335,40,103.1459515214028,43,110.881897885508,0,0.0,2,5.15729757607014,259,667.8700361010831,174,448.6848891181021,31,79.93811242908716,0,0.0
001985_Sant_Llorens_del_Munt_son_passat_son_pre.out.txt,CTILC,1871,NLIT,central,no,35665,1188,333.09967755502595,21,5.888125613346419,334,93.64923594560493,0,0.0,1153,323.2861348661152,321,90.00420580400953,6,1.6823216038132622,0,0.0,1291,361.97953175382025,2,0.5607738679377541,14,3.9254170755642788,499,139.91308005046966,652,182.81228094770785,11,3.084256273657648,1549,434.3193607177905,614,172.1575774568905,1235,346.2778634515631,347,97.29426608720034,43,12.056638160661713
002084_Prolech_I.out.txt,CTILC,1871,NLIT,central,no,2130,114,535.2112676056338,0,0.0,26,122.06572769953051,0,0.0,50,234.74178403755866,33,154.92957746478874,0,0.0,0,0.0,67,314.55399061032864,1,4.694835680751174,0,0.0,14,65.72769953051643,22,103.28638497652582,0,0.0,100,469.4835680751173,88,413.1455399061033,91,427.23004694835686,14,65.72769953051643,0,0.0
002827_Documents_notarials_I_Andorra.out.txt,CTILC,1871,NLIT,nord-occidental,no,954,22,230.60796645702305,0,0.0,10,104.82180293501048,0,0.0,27,283.0188679245283,19,199.16142557651992,0,0.0,0,0.0,38,398.32285115303984,0,0.0,0,0.0,3,31.446540880503147,2,20.964360587002098,0,0.0,13,136.26834381551362,28,293.5010482180294,49,513.6268343815514,1,10.482180293501049,0,0.0
002983_Lo_rondallayre_I.out.txt,CTILC,1871,LIT,central,no,31037,1830,589.6188420272578,0,0.0,265,85.38196346296355,0,0.0,820,264.2007926023778,196,63.15043335373908,7,2.255372619776396,1,0.3221960885394851,1602,516.1581338402551,0,0.0,9,2.8997647968553664,175,56.3843154944099,387,124.68988626478074,2,0.6443921770789702,932,300.28675451880014,741,238.7473016077585,1262,406.6114637368302,150,48.329413280922765,3,0.9665882656184553
002985_Vetlladas_a_la_vora_del_foch_y_a_la_llum.out.txt,CTILC,1871,LIT,central,no,68601,2266,330.31588460809604,6,0.8746228189093452,576,83.96379061529716,0,0.0,1684,245.47747117388957,1165,169.82259733823125,4,0.5830818792728969,0,0.0,2730,397.9533826037521,3,0.4373114094546726,1,0.14577046981822422,645,94.02195303275462,1019,148.5401087447705,11,1.6034751680004664,3550,517.485167854696,2279,332.210900715733,3500,510.1966443637848,498,72.59369396947567,31,4.518884564364951
003065_Lo_llibre_dels_noys.out.txt,CTILC,1871,LIT,central,no,4946,190,384.1488071168621,0,0.0,37,74.80792559644156,0,0.0,110,222.40194096239387,17,34.3712090578245,1,2.021835826930853,0,0.0,191,386.170642943793,1,2.021835826930853,1,2.021835826930853,53,107.15729882733523,31,62.676910634856455,0,0.0,167,337.64658309745244,148,299.23170238576625,248,501.41528507885164,41,82.89526890416498,0,0.0
003135_Els_calsons_de_mestre_Lluch_o_sia_qui_no.out.txt,CTILC,1871,LIT,baleàric,no,9739,306,314.20063661566894,1,1.0267994660642776,23,23.616387719478386,23,23.616387719478386,37,37.99158024437827,17,17.45559092309272,45,46.20597597289249,11,11.294794126707053,548,562.6861074032241,8,8.214395728514221,0,0.0,51,52.366772769278164,100,102.67994660642776,0,0.0,85,87.2779546154636,436,447.6845672040251,864,887.1547386795359,327,335.7634254030188,0,0.0
003144_La_infancia_de_Jesucrist_o_ls_pastorets_.out.txt,CTILC,1871,LIT,central,no,18783,566,301.3363147527019,0,0.0,215,114.46520790076133,0,0.0,269,143.21460895490603,88,46.850875791939515,4,2.1295852632699783,0,0.0,716,381.1957621253261,1,0.5323963158174946,0,0.0,173,92.10456263642655,102,54.30442421338445,0,0.0,595,316.7758079114093,463,246.49949422349997,1278,680.402491614758,227,120.85396369057126,9,4.791566842357451
003268_Altra_peregrinacio_del_venturos_peregri.out.txt,CTILC,1871,LIT,central,no,3676,151,410.772578890098,0,0.0,41,111.53427638737757,0,0.0,56,152.33949945593037,25,68.00870511425462,4,10.881392818280741,10,27.20348204570185,93,252.99238302502718,0,0.0,33,89.77149075081611,32,87.05114254624593,41,111.53427638737757,1,2.7203482045701852,6,16.32208922742111,150,408.0522306855278,185,503.26441784548416,29,78.89009793253537,0,0.0
002067_Los_camps_y_ls_prats.out.txt,CTILC,1872,NLIT,central,sí,43723,1673,382.63614116140246,1,0.228712576904604,447,102.23452187635799,0,0.0,260,59.46526999519704,89,20.355419344509755,392,89.65533014660475,429,98.11769549207511,1218,278.57191866980764,0,0.0,146,33.392036228072186,303,69.299910802095,545,124.64835441300916,13,2.973263499759852,221,50.545479495917476,4959,1134.185668869931,2435,556.9151247627107,421,96.28799487683828,5,1.14356288452302
002085_Prolech_II.out.txt,CTILC,1872,NLIT,central,no,4501,188,417.68495889802267,0,0.0,44,97.75605421017552,0,0.0,111,246.61186403021551,34,75.53876916240836,1,2.221728504776716,0,0.0,160,355.4765607642746,1,2.221728504776716,1,2.221728504776716,39,86.64741168629195,39,86.64741168629195,0,0.0,347,770.9397911575205,152,337.70273272606084,197,437.6805154410131,35,77.76049766718508,3,6.665185514330148
002828_Documents_notarials_I_Sant_Julia_de_Lori.out.txt,CTILC,1872,NLIT,nord-occidental,no,493,25,507.0993914807302,0,0.0,5,101.41987829614604,0,0.0,14,283.97565922920893,3,60.851926977687626,0,0.0,0,0.0,16,324.54361054766736,0,0.0,0,0.0,4,81.13590263691684,6,121.70385395537525,0,0.0,19,385.39553752535494,11,223.1237322515213,14,283.97565922920893,5,101.41987829614604,0,0.0
002932_La_dida.out.txt,CTILC,1872,LIT,central,no,26384,919,348.31716191631295,0,0.0,243,92.10127349909035,0,0.0,262,99.30260764099454,78,29.563371740448755,20,7.580351728320195,12,4.548211036992116,1508,571.5585203153427,9,3.411158277744087,22,8.338386901152212,139,52.68344451182535,254,96.27046694966647,0,0.0,468,177.38023044269252,537,203.53244390539723,2183,827.3953911461491,551,208.83869011522134,5,1.8950879320800487
003005_Lo_coronel_d_Anjou.out.txt,CTILC,1872,LIT,central,no,67618,2119,313.37809459019786,2,0.2957792303824426,709,104.85373717057588,0,0.0,1288,190.48182436629298,299,44.21899494217516,3,0.4436688455736638,0,0.0,2585,382.294655269307,6,0.8873376911473276,202,29.873702268626698,703,103.96639947942856,892,131.91753675056938,6,0.8873376911473276,2186,323.2866988080097,1817,268.7154308024491,3885,574.5511550178946,990,146.41071903930907,1,0.1478896151912213
003128_No_es_or_tot_lo_que_llu.out.txt,CTILC,1872,LIT,central,no,6148,182,296.0312296681848,0,0.0,54,87.83344176968119,0,0.0,65,105.72543916720885,13,21.14508783344177,0,0.0,0,0.0,220,357.83994795055304,0,0.0,2,3.253090435914119,57,92.71307742355238,70,113.85816525699414,0,0.0,179,291.15159401431356,168,273.2595966167859,451,733.5718932986338,121,196.81197137280418,4,6.506180871828238
003287_Las_orfanas_de_mare.out.txt,CTILC,1872,LIT,central,no,45776,1783,389.50541768612374,0,0.0,412,90.00349528137015,0,0.0,1043,227.84865431667248,314,68.59489688919959,21,4.587556798322265,0,0.0,1485,324.40580216707446,0,0.0,23,5.024466969591051,555,121.24257252708843,616,134.56833275078642,0,0.0,1909,417.0307584760574,1230,268.6997553303041,2340,511.18490038448095,366,79.95456134218804,7,1.529185599440755
002308_Discurs_pronunciat_en_la_sessio_inaugura.out.txt,CTILC,1873,NLIT,baleàric,no,6778,335,494.24609029212155,0,0.0,63,92.94777220419003,0,0.0,79,116.55355562112719,65,95.89849513130717,12,17.70433756270286,7,10.327530244910003,308,454.41133077604013,0,0.0,72,106.22602537621718,84,123.93036293892004,105,154.91295367365007,4,5.901445854234288,13,19.179699026261435,541,798.1705517851874,306,451.46060784892296,60,88.5216878135143,1,1.475361463558572
002829_Documents_notarials_I_Andorra.out.txt,CTILC,1873,NLIT,nord-occidental,no,415,24,578.3132530120482,0,0.0,2,48.19277108433735,0,0.0,8,192.7710843373494,3,72.28915662650603,0,0.0,0,0.0,18,433.73493975903614,0,0.0,0,0.0,1,24.096385542168676,0,0.0,0,0.0,11,265.0602409638554,11,265.0602409638554,17,409.6385542168675,5,120.48192771084338,0,0.0
002832_Documents_notarials_II_Andorra.out.txt,CTILC,1873,NLIT,nord-occidental,no,468,44,940.1709401709402,0,0.0,7,149.57264957264957,0,0.0,8,170.94017094017096,9,192.30769230769232,0,0.0,0,0.0,12,256.4102564102564,0,0.0,0,0.0,3,64.1025641025641,6,128.2051282051282,0,0.0,17,363.2478632478633,12,256.4102564102564,11,235.04273504273505,2,42.73504273504274,0,0.0
003349_Passio_de_nostre_senyor_Jesuchrist.out.txt,CTILC,1873,LIT,central,no,2027,69,340.4045387271831,0,0.0,27,133.2017760236803,0,0.0,23,113.46817957572767,14,69.06758756783424,1,4.933399111988161,1,4.933399111988161,79,389.7385298470647,0,0.0,0,0.0,14,69.06758756783424,42,207.2027627035027,0,0.0,72,355.20473606314755,52,256.53675382338434,122,601.8746916625555,25,123.33497779970399,0,0.0
002092_Cartas_familiars_sobre_un_assumpto_trasc.out.txt,CTILC,1874,NLIT,central,no,15364,575,374.25149700598797,0,0.0,121,78.75553241343401,0,0.0,290,188.75292892475917,201,130.82530590991928,2,1.3017443374121325,0,0.0,433,281.82764904972663,1,0.6508721687060662,5,3.2543608435303306,129,83.96250976308252,298,193.9599062744077,6,3.9052330122363967,637,414.6055714657641,519,337.80265555844835,709,461.46836761260084,105,68.34157771413695,4,2.603488674824265
002344_Cartes_a_Tomas_Forteza_1874.out.txt,CTILC,1874,NLIT,baleàric,no,1400,61,435.7142857142857,0,0.0,6,42.85714285714286,0,0.0,19,135.71428571428572,7,50.0,11,78.57142857142858,2,14.285714285714286,45,321.4285714285714,0,0.0,0,0.0,5,35.714285714285715,17,121.42857142857143,0,0.0,8,57.142857142857146,110,785.7142857142857,92,657.1428571428571,27,192.85714285714283,0,0.0
002793_Ofici_de_la_Semmana_Santa.out.txt,CTILC,1874,NLIT,central,sí,52849,2640,499.53641506934855,5,0.9460916952070995,614,116.1800601714318,0,0.0,1802,340.97144695263864,899,170.1072867982365,3,0.5676550171242597,1,0.18921833904141988,3221,609.4722700524135,9,1.7029650513727792,0,0.0,818,154.78060133588147,650,122.99192037692292,3,0.5676550171242597,2000,378.43667808283976,1175,222.33154837366837,2279,431.228594675396,334,63.19892523983424,402,76.0657722946508
003011_Julita.out.txt,CTILC,1874,LIT,central,no,59940,2254,376.04270937604275,2,0.33366700033366703,784,130.79746413079747,0,0.0,724,120.78745412078746,405,67.56756756756756,10,1.6683350016683351,2,0.33366700033366703,2270,378.71204537871205,2,0.33366700033366703,13,2.1688355021688355,609,101.60160160160162,983,163.99733066399733,0,0.0,3285,548.048048048048,1444,240.90757424090756,2504,417.7510844177511,454,75.74240907574242,8,1.3346680013346681
003063_Los_comediants_del_segon_pis.out.txt,CTILC,1874,LIT,central,no,12031,377,313.35716066827365,0,0.0,135,112.21012384672927,0,0.0,150,124.67791538525476,60,49.87116615410191,8,6.64948882054692,5,4.155930512841826,448,372.37137395062757,1,0.831186102568365,3,2.493558307705095,142,118.02842656470783,177,147.1199401546006,11,9.143047128252016,582,483.7503116947885,183,152.1070567700108,575,477.9320089768099,143,118.8596126672762,0,0.0
003083_Poesias_catalanas.out.txt,CTILC,1874,LIT,central,no,15025,459,305.4908485856905,5,3.327787021630616,151,100.49916805324459,0,0.0,246,163.7271214642263,133,88.51913477537438,0,0.0,0,0.0,429,285.5241264559068,0,0.0,17,11.314475873544094,160,106.4891846921797,195,129.783693843594,0,0.0,892,593.6772046589018,371,246.92179700499167,815,542.4292845257903,149,99.16805324459234,1,0.6655574043261231
003186_Narracions_y_llegendas.out.txt,CTILC,1874,LIT,central,no,27685,1113,402.0227560050569,1,0.36120642947444465,324,117.03088314972007,0,0.0,421,152.06790680874118,189,68.26801517067004,1,0.36120642947444465,0,0.0,1239,447.5347661188369,2,0.7224128589488893,2,0.7224128589488893,258,93.19125880440671,416,150.26187466136898,1,0.36120642947444465,1386,500.6321112515803,555,200.4695683583168,1407,508.21744627054363,219,79.10420805490337,0,0.0
003302_La_Caritat.out.txt,CTILC,1874,LIT,central,no,6441,134,208.042229467474,0,0.0,51,79.1802515137401,1,1.5525539512498059,139,215.80499922372303,84,130.4145319049837,14,21.73575531749728,8,12.420431609998447,214,332.2465455674585,0,0.0,1,1.5525539512498059,150,232.8830926874709,124,192.51668995497593,0,0.0,307,476.63406303369044,163,253.06629405371837,275,426.9523365936966,72,111.78388448998604,2,3.1051079024996118
003310_a_la_voreta_del_mar.out.txt,CTILC,1874,LIT,central,no,2164,58,268.02218114602584,0,0.0,15,69.31608133086877,0,0.0,28,129.39001848428836,20,92.42144177449168,0,0.0,0,0.0,66,304.99075785582255,0,0.0,2,9.242144177449168,33,152.49537892791128,15,69.31608133086877,0,0.0,170,785.5822550831792,39,180.22181146025878,85,392.7911275415896,12,55.45286506469501,0,0.0
001988_Prolech.out.txt,CTILC,1875,NLIT,central,no,3908,168,429.88741044012284,0,0.0,27,69.08904810644832,0,0.0,100,255.885363357216,33,84.44216990788127,1,2.5588536335721597,0,0.0,132,337.76867963152506,0,0.0,27,69.08904810644832,27,69.08904810644832,57,145.85465711361311,1,2.5588536335721597,231,591.0951893551688,67,171.4431934493347,167,427.3285568065507,48,122.82497441146366,0,0.0
001991_La_ciencia_astrologica_en_Catalunya.out.txt,CTILC,1875,NLIT,central,no,3777,112,296.5316388668255,2,5.295207836907599,26,68.83770187979879,0,0.0,112,296.5316388668255,44,116.49457241196717,0,0.0,0,0.0,132,349.4837172359015,0,0.0,0,0.0,48,127.08498808578236,39,103.25655281969817,1,2.6476039184537994,176,465.9782896478687,101,267.40799576383375,203,537.4635954461213,55,145.61821551495896,0,0.0
002086_Prolech_III.out.txt,CTILC,1875,NLIT,central,no,4910,192,391.0386965376782,0,0.0,42,85.5397148676171,0,0.0,118,240.32586558044807,60,122.19959266802444,1,2.0366598778004072,0,0.0,206,419.5519348268839,1,2.0366598778004072,2,4.0733197556008145,40,81.46639511201629,32,65.17311608961303,0,0.0,203,413.44195519348267,153,311.6089613034623,203,413.44195519348267,42,85.5397148676171,11,22.403258655804482
003146_Lo_pages_de_l_Ampurda_o_flors_trasplanta.out.txt,CTILC,1875,LIT,central,no,22945,603,262.8023534539115,2,0.8716495968620614,222,96.75310525168882,0,0.0,101,44.0183046415341,24,10.459795162344738,368,160.3835258226193,33,14.382218348224015,1213,528.6554804968403,14,6.10154717803443,0,0.0,180,78.44846371758554,215,93.7023316626716,0,0.0,508,221.39899760296362,598,260.62322946175635,1629,709.9585966441491,365,159.07605142732623,2,0.8716495968620614
003164_Bernat_pescayre.out.txt,CTILC,1875,LIT,central,no,9502,293,308.35613555041044,0,0.0,83,87.35003157230057,0,0.0,76,79.9831614396969,15,15.786150284150704,36,37.88676068196169,14,14.733740265207324,337,354.6621763839192,0,0.0,4,4.209640075773521,57,59.987371079772686,89,93.66449168596085,0,0.0,214,225.2157440538834,222,233.63502420543043,600,631.4460113660282,148,155.7566828036203,3,3.157230056830141
003276_A_ma_patria.out.txt,CTILC,1875,LIT,baleàric,no,988,29,293.52226720647775,0,0.0,12,121.45748987854252,0,0.0,9,91.09311740890688,13,131.57894736842104,1,10.121457489878543,0,0.0,37,374.49392712550605,1,10.121457489878543,12,121.45748987854252,16,161.94331983805668,11,111.33603238866397,0,0.0,4,40.48582995951417,126,1275.3036437246965,34,344.12955465587044,4,40.48582995951417,0,0.0
003290_Lo_rondallayre_III.out.txt,CTILC,1875,LIT,central,no,41053,1918,467.20093537622097,0,0.0,345,84.03770735390836,0,0.0,992,241.63885708717996,209,50.909799527440136,6,1.461525345285363,0,0.0,2370,577.3025113877183,0,0.0,3,0.7307626726426815,264,64.30711519255597,496,120.81942854358998,0,0.0,1337,325.6765644410883,945,230.19024188244464,2136,520.3030229215891,297,72.34550459162546,0,0.0
001625_Tradicions_del_Valles.out.txt,CTILC,1876,NLIT,central,no,11833,556,469.872390771571,2,1.6901884560128455,144,121.69356883292487,0,0.0,240,202.82261472154144,117,98.87602467675146,0,0.0,1,0.8450942280064228,454,383.67277951491593,0,0.0,7,5.915659596044959,116,98.03093044874504,166,140.28564184906617,0,0.0,638,539.1701174680977,261,220.56959350967634,683,577.1993577283866,122,103.10149581678358,0,0.0
002129_Teatre_catala.out.txt,CTILC,1876,NLIT,central,no,11057,424,383.4674866600344,4,3.6176177986795692,101,91.34484941665913,0,0.0,208,188.11612553133762,95,85.91842271863977,3,2.7132133490096773,0,0.0,462,417.8348557474903,0,0.0,2,1.8088088993397846,95,85.91842271863977,172,155.55756534322148,1,0.9044044496698923,696,629.4654969702451,334,302.07108618974405,518,468.48150492900425,99,89.53604051731935,4,3.6176177986795692
002206_Clave.out.txt,CTILC,1876,NLIT,central,no,14504,497,342.66409266409266,1,0.689464975179261,129,88.94098179812465,1,0.689464975179261,198,136.51406508549366,119,82.04633204633204,6,4.136789851075565,0,0.0,601,414.3684500827358,0,0.0,0,0.0,162,111.69332597904027,197,135.82460011031438,0,0.0,747,515.0303364589079,194,133.7562051847766,558,384.72145615002756,123,84.80419194704909,8,5.515719801434088
002406_Carta_a_Josep_Serra_i_Campdelacreu_27X18.out.txt,CTILC,1876,NLIT,central,no,241,16,663.9004149377594,1,41.49377593360996,1,41.49377593360996,0,0.0,6,248.96265560165975,3,124.48132780082987,0,0.0,0,0.0,14,580.9128630705394,0,0.0,0,0.0,2,82.98755186721992,5,207.4688796680498,0,0.0,3,124.48132780082987,2,82.98755186721992,15,622.4066390041494,6,248.96265560165975,0,0.0
002408_Cartes_a_Josep_Serra_i_Campdelacreu_1876.out.txt,CTILC,1876,NLIT,central,no,496,23,463.7096774193548,0,0.0,4,80.64516129032258,0,0.0,7,141.1290322580645,1,20.161290322580644,0,0.0,0,0.0,16,322.5806451612903,0,0.0,0,0.0,4,80.64516129032258,6,120.96774193548387,0,0.0,13,262.0967741935484,12,241.93548387096774,44,887.0967741935484,17,342.7419354838709,1,20.161290322580644
003012_La_roja.out.txt,CTILC,1876,LIT,central,no,41646,1615,387.79234500312157,5,1.2005954953657014,411,98.68894971906066,0,0.0,829,199.0587331316333,210,50.425010805359456,1,0.24011909907314027,0,0.0,1854,445.18080968160206,1,0.24011909907314027,46,11.045478557364452,376,90.28478125150073,470,112.85597656437594,2,0.48023819814628055,1408,338.0876914949815,1015,243.7208855592374,2176,522.4991595831532,408,97.96859242184124,3,0.7203572972194209
003189_Quadros_de_Barcelona.out.txt,CTILC,1876,LIT,central,no,11349,404,355.9785003083972,3,2.6434047052603753,126,111.02299762093577,0,0.0,212,186.80059917173318,65,57.273768613974795,1,0.8811349017534584,0,0.0,439,386.81822186976825,1,0.8811349017534584,21,18.503832936822626,153,134.81363996827915,156,137.4570446735395,0,0.0,334,294.2990571856551,271,238.78755837518722,624,549.828178694158,134,118.07207683496343,0,0.0
001614_Lo_sometent.out.txt,CTILC,1877,NLIT,central,no,20052,820,408.9367644125274,15,7.480550568521843,183,91.2627169359665,0,0.0,400,199.48134849391582,233,116.19788549770595,1,0.4987033712347896,0,0.0,563,280.76999800518655,0,0.0,29,14.462397765808896,281,140.13564731697588,286,142.6291641731498,5,2.493516856173948,944,470.7759824456413,525,261.8192698982645,930,463.7941352483543,150,74.80550568521844,4,1.9948134849391583
001978_La_festa_de_Sant_Pere_en_lo_castell_de_B.out.txt,CTILC,1877,NLIT,central,no,2352,86,365.6462585034013,1,4.2517006802721085,26,110.54421768707483,0,0.0,50,212.58503401360542,26,110.54421768707483,0,0.0,0,0.0,74,314.6258503401361,0,0.0,0,0.0,29,123.29931972789116,31,131.8027210884354,2,8.503401360544217,137,582.4829931972789,34,144.55782312925172,114,484.69387755102036,33,140.30612244897958,0,0.0
002479_Calendari_del_pages.out.txt,CTILC,1877,NLIT,central,no,16113,548,340.09805746912434,1,0.6206168931918327,160,99.29870291069324,0,0.0,352,218.4571464035251,250,155.15422329795817,1,0.6206168931918327,0,0.0,474,294.1724073729287,0,0.0,0,0.0,95,58.95860485322411,259,160.73977533668466,0,0.0,1145,710.6063427046485,459,284.8631539750512,693,430.08750698194007,164,101.78117048346057,23,14.274188543412151
002480_Cartas_a_un_pages_sobre_l_drenatge.out.txt,CTILC,1877,NLIT,central,no,2758,102,369.8332124728064,0,0.0,42,152.28426395939087,0,0.0,44,159.5358955765047,25,90.64539521392312,5,18.12907904278463,8,29.0065264684554,103,373.4590282813633,0,0.0,0,0.0,8,29.0065264684554,37,134.15518491660623,0,0.0,226,819.4343727338652,67,242.92965917331398,109,395.2139231327049,26,94.27121102248006,2,7.25163161711385
003013_La_guerra.out.txt,CTILC,1877,LIT,central,no,107828,4707,436.5285454612902,1,0.0927402900916274,917,85.04284601402233,0,0.0,2566,237.97158437511592,1336,123.90102756241421,153,14.189264384018992,0,0.0,4445,412.2305894572838,1,0.0927402900916274,33,3.060429573023704,953,88.3814964573209,1734,160.81166301888192,9,0.8346626108246467,3714,344.4374374003042,1903,176.48477204436696,5566,516.1924546499981,991,91.90562748080276,16,1.4838446414660384
003167_Plogut_del_cel.out.txt,CTILC,1877,LIT,central,no,6483,200,308.499151627333,0,0.0,66,101.80472003701989,1,1.5424957581366652,70,107.97470306956656,15,23.137436372049976,2,3.0849915162733303,0,0.0,226,348.60404133888636,0,0.0,45,69.41230911614993,50,77.12478790683325,70,107.97470306956656,1,1.5424957581366652,42,64.78482184173994,242,373.2839734690729,514,792.8428196822458,236,364.02899892025295,2,3.0849915162733303
003185_Cartas_a_la_dona.out.txt,CTILC,1877,LIT,central,no,27267,763,279.82543000696813,1,0.3667436828400631,243,89.11871493013533,0,0.0,482,176.7704551289104,246,90.21894597865551,10,3.6674368284006307,0,0.0,965,353.9076539406609,0,0.0,1,0.3667436828400631,279,102.3214875123776,469,172.0027872519896,0,0.0,1036,379.9464554223053,779,285.69332893240914,1326,486.30212344592366,329,120.65867165438075,0,0.0
003286_Devers_dels_homens.out.txt,CTILC,1877,LIT,baleàric,sí,21711,815,375.3857491594123,2,0.9211920224770853,181,83.36787803417623,0,0.0,88,40.53244898899176,160,73.69536179816683,166,76.45893786559809,9,4.1453641011468845,713,328.4049560130809,0,0.0,3,1.381788033715628,122,56.1927133711022,384,176.8688683156004,4,1.8423840449541706,85,39.15066095527613,1519,699.6453410713463,1130,520.4734926995532,131,60.33807747224909,5,2.3029800561927134
003311_De_rebot.out.txt,CTILC,1877,LIT,central,no,5194,142,273.3923758182518,0,0.0,48,92.41432422025413,0,0.0,19,36.5806700038506,1,1.9252984212552946,2,3.850596842510589,1,1.9252984212552946,244,469.77281478629186,0,0.0,0,0.0,60,115.51790527531767,52,100.11551790527531,0,0.0,136,261.84058529072007,127,244.51289949942242,311,598.7678090103966,72,138.6214863303812,1,1.9252984212552946
003312_Qui_canta_plora.out.txt,CTILC,1877,LIT,valencià,no,5539,226,408.01588734428594,0,0.0,0,0.0,0,0.0,25,45.13450081242101,2,3.610760064993681,141,254.5585845820545,30,54.16140097490521,243,438.70734789673224,0,0.0,0,0.0,0,0.0,0,0.0,0,0.0,35,63.188301137389416,297,536.1978696515616,297,536.1978696515616,9,16.248420292471565,103,185.9541433471746
003333_L_aguelo_Cuc.out.txt,CTILC,1877,LIT,valencià,no,5364,141,262.8635346756152,0,0.0,0,0.0,0,0.0,33,61.52125279642058,11,20.507084265473527,91,169.64951528709918,22,41.01416853094705,221,412.00596569724087,0,0.0,0,0.0,0,0.0,0,0.0,0,0.0,50,93.21401938851604,293,546.234153616704,326,607.7554064131245,1,1.8642803877703205,197,367.2632363907532
003334_Cuants_mes_serem_mes_riurem_o_la_cartila.out.txt,CTILC,1877,LIT,central,no,4615,89,192.84940411700975,0,0.0,25,54.17118093174431,0,0.0,70,151.67930660888408,7,15.167930660888407,3,6.500541711809318,0,0.0,185,400.8667388949079,1,2.1668472372697725,4,8.66738894907909,49,106.17551462621884,72,156.0130010834236,0,0.0,122,264.35536294691224,99,214.51787648970748,268,580.715059588299,64,138.67822318526544,4,8.66738894907909
001979_Discurs_llegit_en_la_festa_de_reparticio.out.txt,CTILC,1878,NLIT,central,no,3463,108,311.868322263933,0,0.0,29,83.7424198671672,0,0.0,78,225.23823274617382,39,112.61911637308691,0,0.0,0,0.0,137,395.61074213110015,0,0.0,11,31.76436615651169,40,115.5067860236789,35,101.06843777071903,0,0.0,230,664.1640196361536,121,349.4080277216286,164,473.5778226970835,24,69.30407161420733,0,0.0
002006_Discurs_inaugural.out.txt,CTILC,1878,NLIT,valencià,no,3737,138,369.2801712603693,1,2.675943270002676,44,117.74150388011775,0,0.0,78,208.72357506020873,34,90.98207118009098,0,0.0,14,37.46320578003746,114,305.05753278030505,0,0.0,41,109.7136740701097,65,173.9363125501739,8,21.407546160021408,0,0.0,3,8.027829810008027,324,867.005619480867,169,452.2344126304522,51,136.47310677013647,3,8.027829810008027
002010_Teatre_catala.out.txt,CTILC,1878,NLIT,central,no,10159,269,264.7898415198346,4,3.937395412934344,79,77.7635594054533,0,0.0,209,205.72891032581947,90,88.59139679102275,2,1.968697706467172,0,0.0,403,396.69258785313514,0,0.0,6,5.9060931194015165,112,110.24707156216164,141,138.79318830593562,2,1.968697706467172,536,527.610985333202,161,158.48016537060735,506,498.0805197361945,148,145.68363027857075,5,4.92174426616793
002833_Documents_notarials_III_Andorra.out.txt,CTILC,1878,NLIT,nord-occidental,no,589,48,814.9405772495757,0,0.0,9,152.8013582342954,0,0.0,12,203.7351443123939,10,169.7792869269949,0,0.0,0,0.0,24,407.4702886247878,0,0.0,0,0.0,1,16.97792869269949,0,0.0,0,0.0,21,356.53650254668935,11,186.7572156196944,19,322.5806451612903,2,33.95585738539898,0,0.0
003030_Quadros_en_prosa.out.txt,CTILC,1878,LIT,central,no,40089,787,196.3132031230512,3,0.7483349547257353,500,124.72249245428921,0,0.0,551,137.44418668462671,132,32.92673800793235,24,5.986679637805882,2,0.49888996981715683,1419,353.9624335852728,1,0.24944498490857842,7,1.7461148943600489,413,103.02077876724289,621,154.9053356282272,1,0.24944498490857842,1606,400.608645763177,851,212.27768215720022,1678,418.56868467659456,375,93.5418693407169,9,2.2450048641772056
003035_Escenas_de_la_vida_pagesa.out.txt,CTILC,1878,LIT,central,no,34878,1353,387.9236194735937,13,3.7272779402488676,383,109.81134239348586,0,0.0,418,119.84632146338666,169,48.45461322323528,41,11.755261196169505,28,8.027983255920638,1596,457.59504558747636,3,0.860141063134354,12,3.440564252537416,392,112.39176558288892,726,208.15413727851367,11,3.153850564825965,1650,473.07758472389474,489,140.2029932908997,1580,453.00762658409315,360,103.21692757612247,2,0.5734273754229027
003064_Perlas_catalanas.out.txt,CTILC,1878,LIT,central,no,6671,176,263.8285114675461,2,2.9980512666766606,45,67.45615350022486,0,0.0,181,271.32363963423774,55,82.44640983360816,0,0.0,0,0.0,247,370.2593314345675,1,1.4990256333383303,0,0.0,80,119.9220506670664,56,83.94543546694649,0,0.0,293,439.21451056813066,117,175.3859991005846,399,598.1112277019937,84,125.91815320041974,1,1.4990256333383303
003283_La_Atlantida.out.txt,CTILC,1878,LIT,central,no,22653,953,420.69483070674966,0,0.0,306,135.08144616607072,0,0.0,288,127.13547874453715,197,86.96419900233964,1,0.4414426345296429,0,0.0,981,433.0552244735797,3,1.3243279035889286,8,3.531541076237143,229,101.09036330728821,407,179.66715225356464,0,0.0,77,33.9910828587825,1997,881.5609411556968,1050,463.51476625612503,223,98.44170750011035,0,0.0
003335_Oros_son_trunfos_o_un_solero_del_hortet.out.txt,CTILC,1878,LIT,valencià,no,4153,96,231.15819889236698,0,0.0,0,0.0,0,0.0,20,48.15795810257645,5,12.039489525644113,105,252.82928003852638,22,52.97375391283409,147,353.9609920539369,0,0.0,0,0.0,0,0.0,0,0.0,0,0.0,23,55.38165181796292,221,532.1454370334698,339,816.277389838671,17,40.934264387189984,150,361.1846857693234
003407_La_campana_de_Sant_Llop.out.txt,CTILC,1878,LIT,central,no,15644,542,346.4587062132447,0,0.0,156,99.71874200971618,0,0.0,151,96.52262848376374,85,54.33392994119151,3,1.917668115571465,2,1.2784454103809768,1137,726.7962158015853,1,0.6392227051904884,13,8.309895167476348,175,111.86397340833547,239,152.7742265405267,0,0.0,318,203.2728202505753,273,174.50779851700332,1115,712.7333162873946,172,109.94630529276401,7,4.474558936333418
001982_Los_clubs_alpins_y_las_associacions_d_ex.out.txt,CTILC,1879,NLIT,central,no,17010,680,399.7648442092887,23,13.52145796590241,118,69.37095825984714,0,0.0,401,235.74368018812464,162,95.23809523809524,0,0.0,0,0.0,611,359.2004703115814,2,1.1757789535567313,6,3.5273368606701943,254,149.32392710170487,350,205.76131687242798,11,6.466784244562022,1123,660.1998824221046,353,207.52498530276307,763,448.559670781893,152,89.35920047031158,70,41.1522633744856
001995_Barcelona_son_passat_present_y_porvenir.out.txt,CTILC,1879,NLIT,central,no,68343,2118,309.9073789561477,35,5.12122675328856,490,71.69717454603983,0,0.0,1369,200.3131264357725,918,134.32246170053992,96,14.04679338044862,5,0.7316038218983657,2031,297.1774724551161,2,0.29264152875934624,12,1.7558491725560774,762,111.49642245731091,1072,156.85585941500958,2,0.29264152875934624,2864,419.06266918338383,1775,259.7193567739198,2655,388.48162942803214,382,55.89453199303513,35,5.12122675328856
002007_Discurs_ab_motiu_de_la_reparticio_de_pre.out.txt,CTILC,1879,NLIT,central,no,2743,91,331.7535545023697,0,0.0,41,149.47138169886986,0,0.0,65,236.96682464454975,27,98.4323733138899,0,0.0,0,0.0,98,357.2730586948596,0,0.0,0,0.0,26,94.7867298578199,56,204.1560335399198,0,0.0,145,528.6183011301495,52,189.5734597156398,140,510.39008384979945,19,69.26722566532993,1,3.645643456069996
002072_Consideracions_sobre_la_literatura_popul.out.txt,CTILC,1879,NLIT,central,no,9975,411,412.0300751879699,2,2.0050125313283207,106,106.265664160401,0,0.0,189,189.47368421052633,106,106.265664160401,1,1.0025062656641603,0,0.0,289,289.7243107769424,0,0.0,3,3.007518796992481,82,82.20551378446116,143,143.35839598997492,9,9.022556390977444,594,595.4887218045113,324,324.812030075188,483,484.2105263157895,87,87.21804511278195,1,1.0025062656641603
002091_Reglament_de_la_Associacio_Catalanista_d.out.txt,CTILC,1879,NLIT,central,no,1886,68,360.55143160127255,0,0.0,17,90.13785790031814,0,0.0,35,185.5779427359491,29,153.76458112407212,0,0.0,0,0.0,111,588.5471898197243,0,0.0,0,0.0,6,31.81336161187699,94,498.40933191940616,1,5.302226935312832,99,524.9204665959703,36,190.88016967126194,36,190.88016967126194,5,26.511134676564158,0,0.0
002094_D_Joaquim_Gatell_y_Folch_lo_kaid_Ismail.out.txt,CTILC,1879,NLIT,central,no,10132,358,353.33596525858667,0,0.0,71,70.07500986971971,0,0.0,223,220.09474930911963,109,107.57994472956969,13,12.83063560994868,0,0.0,424,418.4761152783261,0,0.0,0,0.0,78,76.98381365969206,186,183.5767864192657,7,6.908803789972365,534,527.0430319778918,170,167.78523489932886,443,437.2285827082511,93,91.78839320963284,0,0.0
002103_Excursio_a_la_montanya_de_Monseny.out.txt,CTILC,1879,NLIT,central,no,3107,144,463.46958480849696,0,0.0,8,25.74831026713872,0,0.0,79,254.26456388799485,6,19.31123270035404,0,0.0,0,0.0,138,444.1583521081429,0,0.0,0,0.0,41,131.96009011908595,64,205.98648213710976,0,0.0,153,492.436433859028,52,167.36401673640165,155,498.8735114258127,39,125.52301255230125,0,0.0
002929_Las_esposallas_de_la_morta.out.txt,CTILC,1879,LIT,central,no,6743,231,342.5774877650897,0,0.0,63,93.43022393593355,0,0.0,89,131.98872905235058,24,35.592466261308026,0,0.0,0,0.0,220,326.2642740619902,0,0.0,2,2.9660388551090016,48,71.18493252261605,78,115.67551534925109,0,0.0,267,395.96618715705176,174,258.0453803944832,279,413.76242028770577,75,111.22645706658759,0,0.0
003038_Croquis_del_natural.out.txt,CTILC,1879,LIT,central,no,20961,724,345.40336815991606,4,1.9083059014360002,189,90.16745384285102,0,0.0,411,196.078431372549,167,79.671771384953,5,2.3853823767950004,0,0.0,912,435.09374552740803,2,0.9541529507180001,2,0.9541529507180001,179,85.39668908926102,347,165.54553694957303,1,0.47707647535900005,922,439.86451028099805,407,194.170125471113,1012,482.80139306330807,181,86.35084203997901,0,0.0
003113_Cansons_ilustradas.out.txt,CTILC,1879,LIT,central,no,7073,218,308.21433620811536,27,38.17333521843631,40,56.553089212498236,0,0.0,105,148.45185918280788,20,28.276544606249118,3,4.241481690937367,0,0.0,242,342.14618973561426,0,0.0,0,0.0,57,80.58815212780998,105,148.45185918280788,0,0.0,235,332.2493991234271,172,243.1782836137424,421,595.2212639615439,117,165.41778594655733,0,0.0
003172_Gala_Placidia.out.txt,CTILC,1879,LIT,central,no,17040,428,251.17370892018778,0,0.0,166,97.41784037558685,0,0.0,243,142.6056338028169,72,42.25352112676056,3,1.7605633802816902,0,0.0,563,330.39906103286387,0,0.0,0,0.0,231,135.56338028169014,195,114.43661971830986,0,0.0,617,362.0892018779343,409,240.02347417840377,1050,616.1971830985916,282,165.49295774647885,0,0.0
000060_Ahon_esta_el_lladre.out.txt,CTILC,1880,LIT,valencià,no,5572,162,290.7394113424264,0,0.0,0,0.0,0,0.0,47,84.35032304379038,6,10.768126346015793,98,175.87939698492463,21,37.688442211055275,297,533.0222541277817,0,0.0,0,0.0,0,0.0,19,34.099066762383345,0,0.0,37,66.40344580043073,383,687.3653984206749,357,640.7035175879397,21,37.688442211055275,84,150.7537688442211
000061_Tanner.out.txt,CTILC,1880,LIT,central,no,2816,89,316.0511363636364,0,0.0,23,81.67613636363636,0,0.0,27,95.88068181818181,14,49.71590909090909,3,10.65340909090909,0,0.0,120,426.1363636363636,0,0.0,0,0.0,17,60.36931818181818,31,110.08522727272728,1,3.5511363636363638,60,213.0681818181818,81,287.64204545454544,163,578.8352272727273,43,152.69886363636363,2,7.1022727272727275
003010_Lo_Bruch.out.txt,CTILC,1880,LIT,central,no,43271,1471,339.9505442444131,0,0.0,601,138.89209863418918,0,0.0,885,204.52497053453814,284,65.63287190034896,1,0.23110166162094703,0,0.0,2165,500.3350974093504,1,0.23110166162094703,21,4.853134894039888,362,83.65880150678284,635,146.74955512930137,0,0.0,1665,384.7842665988768,579,133.80786207852833,2070,478.38043955536045,437,100.99142612835387,0,0.0
003084_Cent_faulas.out.txt,CTILC,1880,LIT,central,no,12297,379,308.2052533138164,0,0.0,136,110.59608034479955,0,0.0,218,177.27901114092867,50,40.6603236561763,14,11.384890623729365,4,3.252825892494104,413,335.85427340001627,0,0.0,1,0.813206473123526,138,112.2224932910466,183,148.81678458160528,1,0.813206473123526,453,368.3825323249573,255,207.36765064649916,562,457.02203789542165,139,113.03569976417013,2,1.626412946247052
003188_La_familia_del_Mas_dels_Salzers.out.txt,CTILC,1880,LIT,central,no,22767,858,376.8612465410463,1,0.43923222207581153,224,98.38801774498177,1,0.43923222207581153,473,207.75684104185885,238,104.53726885404313,0,0.0,0,0.0,817,358.852725435938,0,0.0,1,0.43923222207581153,228,100.14494663328502,367,161.1982255018228,19,8.345412219440417,1116,490.1831598366056,651,285.9401765713533,1086,477.00619317433126,126,55.34325998155225,3,1.3176966662274345
003190_Isabel_de_Galceran.out.txt,CTILC,1880,LIT,central,no,6819,224,328.4939140636457,1,1.4664906877841324,69,101.18785745710514,0,0.0,128,187.71080803636895,53,77.72400645255902,0,0.0,0,0.0,270,395.9524857017158,1,1.4664906877841324,4,5.8659627511365295,58,85.05645989147969,112,164.24695703182286,0,0.0,261,382.7540695116586,103,151.04854084176566,308,451.67913183751284,60,87.98944126704795,0,0.0
003284_Costums_que_s_perden_y_recorts_que_fugen.out.txt,CTILC,1880,LIT,central,no,55458,1934,348.73237404882974,4,0.7212665440513543,598,107.82934833567745,0,0.0,956,172.38270402827365,505,91.05990118648346,12,2.1637996321540625,1,0.18031663601283857,1903,343.1425583324318,0,0.0,0,0.0,444,80.06058638970032,771,139.02412636589852,16,2.885066176205417,2741,494.24789931119045,996,179.5953694687872,2521,454.578239388366,461,83.12596920191856,24,4.327599264308125
003285_La_dona.out.txt,CTILC,1880,LIT,valencià,no,3447,165,478.6771105308964,0,0.0,22,63.82361473745286,0,0.0,85,246.5912387583406,32,92.83434870902234,1,2.901073397156948,0,0.0,111,322.0191470844212,0,0.0,1,2.901073397156948,41,118.94400928343487,48,139.2515230635335,4,11.604293588627792,145,420.6556425877574,83,240.78909196402668,139,403.2492022048158,12,34.81288076588338,0,0.0
001617_Los_segurs_sobre_la_vida_entre_ls_pageso.out.txt,CTILC,1881,NLIT,central,no,4068,105,258.1120943952802,0,0.0,37,90.95378564405112,0,0.0,72,176.99115044247787,44,108.16125860373648,0,0.0,0,0.0,134,329.4001966568338,0,0.0,5,12.291052114060962,65,159.7836774827925,116,285.15240904621436,0,0.0,258,634.2182890855457,106,260.57030481809244,171,420.353982300885,28,68.8298918387414,3,7.374631268436578
001990_album_pintoresch-monumental_de_Catalunya.out.txt,CTILC,1881,NLIT,central,no,7072,176,248.86877828054298,0,0.0,26,36.76470588235294,0,0.0,187,264.4230769230769,43,60.80316742081448,3,4.242081447963801,0,0.0,356,503.39366515837105,0,0.0,0,0.0,75,106.05203619909503,93,131.50452488687782,3,4.242081447963801,336,475.1131221719457,101,142.81674208144796,241,340.7805429864253,50,70.70135746606334,23,32.522624434389144
002003_Aplicacio_del_art_a_l_industria.out.txt,CTILC,1881,NLIT,central,no,12436,390,313.6056609842393,5,4.0205853972338375,88,70.76230299131554,0,0.0,317,254.9051141846253,121,97.29816661305885,6,4.824702476680605,0,0.0,418,336.1209392087488,0,0.0,0,0.0,146,117.40109359922805,177,142.32872306207784,0,0.0,605,486.4908330652943,414,332.90447089096176,578,464.7796719202316,109,87.64876165969766,11,8.845287873914442
002070_Discurs.out.txt,CTILC,1881,NLIT,central,no,3730,147,394.1018766756032,0,0.0,55,147.45308310991956,0,0.0,57,152.81501340482575,43,115.28150134048258,0,0.0,0,0.0,145,388.739946380697,0,0.0,0,0.0,47,126.00536193029491,44,117.96246648793566,0,0.0,9,24.128686327077748,267,715.8176943699732,144,386.05898123324397,25,67.02412868632707,1,2.6809651474530836
002213_Carta_a_Francesc_Matheu_25IX1881.out.txt,CTILC,1881,NLIT,baleàric,no,327,6,183.4862385321101,0,0.0,1,30.581039755351682,0,0.0,3,91.74311926605505,1,30.581039755351682,0,0.0,0,0.0,6,183.4862385321101,1,30.581039755351682,0,0.0,3,91.74311926605505,4,122.32415902140673,0,0.0,1,30.581039755351682,23,703.3639143730887,26,795.1070336391438,10,305.8103975535168,1,30.581039755351682
003039_Cuadros_populars.out.txt,CTILC,1881,LIT,central,no,38069,1456,382.4634216816833,7,1.838766450392708,488,128.1882896845202,0,0.0,591,155.24442459744148,305,80.11768105282512,13,3.4148519793007432,0,0.0,1341,352.2551157109459,1,0.26268092148467254,2,0.5253618429693451,345,90.62491791221204,590,154.9817436759568,3,0.7880427644540177,1582,415.561217788752,677,177.83498384512333,1824,479.1300007880428,356,93.51440804854343,3,0.7880427644540177
003187_Questio_de_nom.out.txt,CTILC,1881,LIT,central,no,17755,638,359.33539847930155,1,0.5632216277105041,209,117.71332019149536,0,0.0,237,133.48352576738947,102,57.44860602647142,0,0.0,0,0.0,946,532.8076598141369,0,0.0,83,46.74739509997184,164,92.36834694452267,213,119.96620670233737,12,6.758659532526049,103,58.011827654181914,1068,601.5206983948183,886,499.0143621515066,175,98.56378484933822,0,0.0
000054_La_papallona.out.txt,CTILC,1882,LIT,central,no,48049,1491,310.3082270182522,1,0.20812087660513226,550,114.46648213282273,0,0.0,679,141.3140752148848,269,55.98451580678058,12,2.497450519261587,0,0.0,2389,497.20077420966095,2,0.4162417532102645,3,0.6243626298153967,502,104.4766800557764,769,160.04495410934672,5,1.0406043830256613,1941,403.96262149056173,613,127.57809735894608,2054,427.4802805469417,356,74.09103207142708,1,0.20812087660513226
001616_La_misteriosa_Llum.out.txt,CTILC,1882,NLIT,central,no,8308,269,323.7843042850265,2,2.4073182474723156,75,90.27443428021184,0,0.0,220,264.8050072219547,83,99.90370727010111,6,7.221954742416948,1,1.2036591237361578,319,383.9672604718344,0,0.0,0,0.0,86,103.51468464130959,148,178.14155031295138,0,0.0,279,335.82089552238807,142,170.91959557053443,288,346.6538276360135,79,95.08907077515647,7,8.425613866153105
001983_La_atzabara_pita.out.txt,CTILC,1882,NLIT,central,no,12721,375,294.78814558603887,0,0.0,120,94.33220658753243,0,0.0,181,142.2844116028614,85,66.81864633283547,5,3.9305086078138514,0,0.0,388,305.00746796635485,1,0.7861017215627703,0,0.0,156,122.63186856379215,139,109.26813929722506,0,0.0,863,678.4057857086707,258,202.8142441631947,533,418.99221759295654,126,99.04881691690905,9,7.074915494064932
002088_Catalech_de_la_flora_de_la_vall_de_Nuria.out.txt,CTILC,1882,NLIT,central,no,27373,1190,434.7349578051365,8,2.9225879516311695,81,29.59120301026559,0,0.0,170,62.104993972162355,163,59.54772951448507,0,0.0,0,0.0,498,181.9310999890403,1,0.3653234939538962,94,34.34040843166624,287,104.84784276476822,226,82.56310963358054,31,11.325028312570781,2425,885.9094728381982,479,174.98995360391626,1861,679.8670222482008,235,85.8510210791656,476,173.89398312205455
002093_Lo_canonge_Ripoll_ses_obres_y_sa_influen.out.txt,CTILC,1882,NLIT,central,no,3802,118,310.3629668595476,0,0.0,34,89.42661756970016,0,0.0,50,131.5097317201473,31,81.53603366649132,0,0.0,0,0.0,162,426.09153077327727,0,0.0,0,0.0,39,102.57759074171489,61,160.44187269857972,0,0.0,33,86.79642293529722,278,731.1941083640189,178,468.1746449237244,34,89.42661756970016,1,2.6301946344029457
002095_Ressenya_biografica_de_fra_Agusti_Canell.out.txt,CTILC,1882,NLIT,central,no,4067,104,255.71674452913695,0,0.0,34,83.59970494221784,0,0.0,85,208.99926235554463,47,115.56429800835997,0,0.0,0,0.0,207,508.97467420703225,0,0.0,0,0.0,65,159.8229653307106,40,98.35259404966806,0,0.0,216,531.1040078682075,60,147.52889107450207,124,304.893041553971,28,68.84681583476764,2,4.917629702483403
002102_Estudi_sobre_lo_cant_pla_o_gregoria.out.txt,CTILC,1882,NLIT,central,no,2221,96,432.23773075191355,1,4.5024763619991,18,81.0445745159838,0,0.0,46,207.11391265195857,26,117.06438541197659,0,0.0,0,0.0,82,369.2030616839262,1,4.5024763619991,3,13.507429085997298,17,76.5420981539847,38,171.09410175596577,2,9.0049527239982,119,535.7946870778928,71,319.67582170193606,94,423.23277802791534,18,81.0445745159838,4,18.0099054479964
002205_La_escudella_catalana.out.txt,CTILC,1882,NLIT,central,no,3866,173,447.49094671495084,0,0.0,41,106.05276771857217,0,0.0,85,219.8654940506984,44,113.81272633212623,0,0.0,0,0.0,147,380.23797206414895,0,0.0,1,2.586652871184687,15,38.7997930677703,68,175.8923952405587,3,7.759958613554061,255,659.5964821520952,51,131.91929643041905,201,519.9172271081221,39,100.8794619762028,9,23.279875840662182
002214_Carta_a_Francesc_Matheu_15VI1882.out.txt,CTILC,1882,NLIT,baleàric,no,312,12,384.61538461538464,0,0.0,0,0.0,0,0.0,10,320.5128205128205,1,32.05128205128205,2,64.1025641025641,0,0.0,6,192.30769230769232,0,0.0,1,32.05128205128205,2,64.1025641025641,5,160.25641025641025,0,0.0,0,0.0,26,833.3333333333333,24,769.2307692307693,16,512.8205128205128,0,0.0
002974_La_banda_de_bastardia.out.txt,CTILC,1882,LIT,central,no,23168,634,273.6533149171271,0,0.0,244,105.31767955801106,0,0.0,399,172.2203038674033,95,41.004834254143645,3,1.294889502762431,0,0.0,837,361.2741712707182,0,0.0,23,9.927486187845304,209,90.21063535911603,202,87.18922651933703,0,0.0,433,186.8957182320442,404,174.37845303867405,1742,751.8991712707182,600,258.9779005524862,2,0.8632596685082873
003037_Plansons.out.txt,CTILC,1882,LIT,valencià,no,23497,715,304.29416521258037,16,6.809379920840958,210,89.37311146103758,0,0.0,518,220.45367493722605,201,85.54283525556454,2,0.8511724901051198,0,0.0,959,408.13720900540494,4,1.7023449802102395,5,2.1279312252627993,209,88.94752521598502,236,100.43835383240415,2,0.8511724901051198,972,413.66983019108824,450,191.51381027365196,1125,478.7845256841299,218,92.77780142145807,0,0.0
003105_Euras.out.txt,CTILC,1882,LIT,central,no,20232,582,287.6631079478055,12,5.931198102016608,190,93.91063661526296,0,0.0,385,190.29260577303282,108,53.38078291814947,0,0.0,0,0.0,533,263.4440490312376,0,0.0,84,41.51838671411625,223,110.22143139580862,228,112.69276393831554,0,0.0,740,365.7572162910241,558,275.80071174377224,955,472.0245156188216,253,125.04942665085015,1,0.494266508501384
003277_Espigas_y_flors.out.txt,CTILC,1882,LIT,septentrional,no,4428,151,341.0117434507678,6,13.550135501355014,42,94.8509485094851,0,0.0,111,250.67750677506777,39,88.07588075880759,0,0.0,0,0.0,86,194.21860885275518,34,76.78410117434508,0,0.0,57,128.72628726287263,66,149.05149051490514,0,0.0,93,210.0271002710027,83,187.4435411020777,222,501.35501355013554,42,94.8509485094851,0,0.0
001629_Articles_critichs_sobre_algunas_de_las_c.out.txt,CTILC,1883,NLIT,central,no,12709,477,375.3245731371469,0,0.0,108,84.9791486348257,0,0.0,272,214.02155952474624,101,79.47124085293886,0,0.0,0,0.0,475,373.75088519946496,0,0.0,3,2.3605319065229367,83,65.30804941380124,211,166.02407742544654,7,5.507907781886852,802,631.0488630104651,407,320.24549531827836,544,428.0431190494925,68,53.50538988118656,0,0.0
001987_La_mestressa_industriosa_I.out.txt,CTILC,1883,NLIT,central,no,27498,1082,393.48316241181175,0,0.0,470,170.92152156520473,0,0.0,470,170.92152156520473,188,68.3686086260819,1,0.3636628118408612,0,0.0,784,285.1116444832352,0,0.0,0,0.0,135,49.09447959851625,660,240.01745581496834,0,0.0,1395,507.30962251800133,395,143.64681067714017,1058,384.75525492763114,353,128.372972579824,27,9.818895919703252
001998_Discurs.out.txt,CTILC,1883,NLIT,central,no,2403,86,357.885975863504,1,4.161464835622139,12,49.93757802746567,0,0.0,21,87.39076154806493,28,116.52101539741989,0,0.0,0,0.0,78,324.59425717852685,0,0.0,0,0.0,21,87.39076154806493,20,83.22929671244279,2,8.322929671244278,2,8.322929671244278,242,1007.0744902205577,137,570.120682480233,21,87.39076154806493,0,0.0
001999_Discurs_y_memoria.out.txt,CTILC,1883,NLIT,central,no,4121,151,366.41591846639164,0,0.0,45,109.19679689395778,0,0.0,105,254.79252608590147,23,55.81169619024508,0,0.0,0,0.0,128,310.6042222761466,0,0.0,0,0.0,31,75.22446008250425,43,104.34360592089298,0,0.0,117,283.9116719242902,124,300.897840330017,211,512.0116476583354,33,80.07765105556904,1,2.426595486532395
002001_Lo_Freser.out.txt,CTILC,1883,NLIT,central,no,7613,220,288.979377380796,2,2.627085248916327,59,77.49901484303166,0,0.0,176,231.18350190463678,40,52.54170497832654,1,1.3135426244581636,0,0.0,280,367.7919348482858,0,0.0,0,0.0,93,122.15946407460923,92,120.84592145015105,0,0.0,433,568.7639563903848,155,203.59910679101537,364,478.12951530277155,76,99.82923945882044,1,1.3135426244581636
002015_Medis_pera_millorar_la_condicio_social_d.out.txt,CTILC,1883,NLIT,central,no,15747,460,292.1191338032641,1,0.6350415952244872,131,83.19044897440783,0,0.0,353,224.16968311424398,165,104.78186321204039,0,0.0,0,0.0,542,344.1925446116721,0,0.0,10,6.350415952244872,121,76.84003302216296,281,178.44668825808088,8,5.080332761795898,645,409.60182891979423,563,357.5284181113863,1112,706.1662538896297,129,81.92036578395884,2,1.2700831904489744
002078_La_Renaissance_des_lettres_catalanes.out.txt,CTILC,1883,NLIT,septentrional,no,2008,100,498.00796812749,0,0.0,33,164.34262948207171,0,0.0,41,204.1832669322709,32,159.3625498007968,0,0.0,0,0.0,23,114.54183266932272,14,69.7211155378486,2,9.9601593625498,26,129.4820717131474,58,288.8446215139442,0,0.0,71,353.58565737051794,72,358.56573705179284,106,527.8884462151394,8,39.8406374501992,0,0.0
002345_Carta_a_Maria_Aguilo_20V1883.out.txt,CTILC,1883,NLIT,baleàric,no,1322,88,665.6580937972768,0,0.0,12,90.77155824508321,0,0.0,13,98.33585476550681,3,22.692889561270803,12,90.77155824508321,3,22.692889561270803,41,310.13615733736765,0,0.0,6,45.38577912254161,14,105.9001512859304,17,128.59304084720122,0,0.0,5,37.821482602118,96,726.1724659606657,90,680.7866868381241,20,151.285930408472,1,7.564296520423601
002562_Breus_observacions_juridicas_sobre_la_or.out.txt,CTILC,1883,NLIT,central,no,6970,283,406.025824964132,0,0.0,55,78.90961262553802,0,0.0,143,205.16499282639884,93,133.42898134863702,0,0.0,0,0.0,226,324.2467718794835,0,0.0,0,0.0,43,61.69296987087518,79,113.34289813486369,3,4.30416068866571,341,489.23959827833573,224,321.377331420373,210,301.29124820659973,22,31.563845050215207,1,1.4347202295552366
003072_Notas_de_color.out.txt,CTILC,1883,LIT,central,no,46099,1560,338.4021345365409,11,2.3861688973730453,477,103.47296036790385,0,0.0,768,166.59797392568169,297,64.42656022907221,8,1.735395561725851,0,0.0,1965,426.2565348489121,0,0.0,2,0.43384889043146274,449,97.39907590186338,712,154.45020499360072,4,0.8676977808629255,1720,373.11004577105797,638,138.3977960476366,2246,487.2123039545327,433,93.92828477841168,4,0.8676977808629255
003278_A_Barcelona.out.txt,CTILC,1883,LIT,central,no,1678,55,327.77115613825987,0,0.0,20,119.18951132300357,0,0.0,15,89.39213349225268,21,125.14898688915376,0,0.0,0,0.0,62,369.48748510131105,0,0.0,0,0.0,23,137.0679380214541,25,148.98688915375448,0,0.0,13,77.47318235995232,183,1090.5840286054827,52,309.8927294398093,10,59.594755661501786,0,0.0
003303_Lo_bram_del_ruch.out.txt,CTILC,1883,LIT,central,no,6863,214,311.81698965466995,0,0.0,53,77.22570304531546,0,0.0,76,110.73874398950896,26,37.884307154305695,4,5.828354946816262,1,1.4570887367040655,266,387.58560396328136,0,0.0,0,0.0,26,37.884307154305695,65,94.71076788576424,0,0.0,119,173.39355966778376,235,342.4158531254554,436,635.2906892029725,130,189.42153577152848,4,5.828354946816262
003366_Lo_darrer_agermanat.out.txt,CTILC,1883,LIT,valencià,no,8045,213,264.7607209446861,0,0.0,58,72.094468614046,0,0.0,166,206.33934120571786,51,63.39341205717837,0,0.0,49,60.90739589807333,436,541.9515226848974,0,0.0,82,101.9266625233064,84,104.41267868241142,0,0.0,4,4.9720323182100685,22,27.346177750155377,370,459.91298943443127,352,437.53884400248603,87,108.141702921069,1,1.2430080795525171
003375_Lo_trovador_mallorqui.out.txt,CTILC,1883,LIT,baleàric,no,14848,448,301.7241379310345,4,2.6939655172413794,128,86.20689655172414,0,0.0,241,162.31142241379308,221,148.8415948275862,28,18.857758620689655,1,0.6734913793103449,365,245.82435344827587,0,0.0,146,98.32974137931035,185,124.5959051724138,184,123.92241379310346,0,0.0,52,35.02155172413793,1377,927.3976293103449,515,346.84806034482756,89,59.94073275862069,2,1.3469827586206897
001620_La_lluna_segons_lo_poble.out.txt,CTILC,1884,NLIT,central,no,3406,73,214.32765707574868,1,2.935995302407516,14,41.103934233705225,0,0.0,59,173.22372284204346,27,79.27187316500293,7,20.551967116852612,0,0.0,105,308.2795067527892,1,2.935995302407516,0,0.0,28,82.20786846741045,34,99.82384028185555,1,2.935995302407516,128,375.80739870816205,124,364.06341749853203,177,519.6711685261304,16,46.97592483852026,2,5.871990604815032
001626_Que_es_la_masoneria.out.txt,CTILC,1884,NLIT,central,no,17607,524,297.6089055489294,1,0.5679559266200943,104,59.06741636848981,0,0.0,506,287.38569886976774,205,116.43096495711931,5,2.8397796331004717,0,0.0,525,298.1768614755495,4,2.2718237064803772,30,17.03867779860283,106,60.20332822173,246,139.7171579485432,18,10.223206679161699,748,424.83103311183055,605,343.61333560515703,939,533.3106150962685,149,84.62543306639404,8,4.5436474129607545
001681_Lo_llamp_y_ls_temporals.out.txt,CTILC,1884,NLIT,central,no,8542,251,293.8421915242332,2,2.3413720440177945,47,55.02224303441817,0,0.0,117,136.97026457504097,79,92.48419573870287,7,8.19480215406228,0,0.0,455,532.6621400140482,1,1.1706860220088973,4,4.682744088035589,99,115.89791617888083,61,71.41184734254273,0,0.0,377,441.34863029735425,182,213.0648560056193,463,542.0276281901195,79,92.48419573870287,11,12.877546242097868
001682_Lo_toch_de_mal_temps_y_los_conjurs_contr.out.txt,CTILC,1884,NLIT,central,sí,2637,74,280.6219188471748,2,7.584376185058779,18,68.25938566552901,0,0.0,83,314.75161167993934,22,83.42813803564657,0,0.0,0,0.0,102,386.80318543799774,0,0.0,0,0.0,32,121.35001896094046,29,109.97345468335229,1,3.7921880925293894,177,671.2172923777019,37,140.3109594235874,134,508.1532043989382,27,102.38907849829351,2,7.584376185058779
001683_Prolech.out.txt,CTILC,1884,NLIT,central,no,4136,153,369.92263056092844,1,2.4177949709864603,35,84.62282398452611,0,0.0,138,333.65570599613153,40,96.71179883945842,0,0.0,1,2.4177949709864603,133,321.5667311411992,0,0.0,1,2.4177949709864603,41,99.12959381044486,47,113.63636363636364,0,0.0,194,469.0522243713733,98,236.94390715667313,214,517.4081237911025,52,125.72533849129593,9,21.760154738878143
001864_Devocio_dels_set_diumenges_consagrats_a_.out.txt,CTILC,1884,NLIT,central,no,13213,488,369.3332324226141,0,0.0,167,126.39067584954212,0,0.0,350,264.8906380080224,139,105.19942480890032,0,0.0,0,0.0,677,512.3741769469462,0,0.0,0,0.0,79,59.7896011503822,211,159.69121319912207,1,0.7568303943086355,529,400.36327858926813,301,227.80594868689926,622,470.74850525997124,69,52.22129720729584,9,6.81147354877772
001938_Discurs.out.txt,CTILC,1884,NLIT,central,no,3898,147,377.1164699846075,0,0.0,63,161.6213442791175,0,0.0,75,192.40636223704462,46,118.00923550538738,1,2.565418163160595,0,0.0,116,297.588506926629,0,0.0,0,0.0,39,100.05130836326322,45,115.44381734222678,0,0.0,287,736.2750128270908,119,305.2847614161108,154,395.0743971267317,23,59.00461775269369,0,0.0
002207_Estatuts_de_la_Associacio_Catalanista_de.out.txt,CTILC,1884,NLIT,central,no,1190,33,277.3109243697479,0,0.0,6,50.420168067226896,0,0.0,18,151.26050420168067,14,117.6470588235294,1,8.403361344537815,0,0.0,64,537.8151260504202,0,0.0,0,0.0,6,50.420168067226896,63,529.4117647058823,0,0.0,60,504.20168067226894,14,117.6470588235294,25,210.0840336134454,4,33.61344537815126,0,0.0
002215_Carta_a_Francesc_Matheu_3V1884.out.txt,CTILC,1884,NLIT,central,no,584,15,256.8493150684931,0,0.0,4,68.4931506849315,0,0.0,9,154.1095890410959,1,17.123287671232877,0,0.0,0,0.0,28,479.4520547945205,0,0.0,0,0.0,10,171.23287671232876,17,291.0958904109589,0,0.0,13,222.60273972602738,9,154.1095890410959,42,719.1780821917807,11,188.35616438356163,1,17.123287671232877
002296_Memorandum_del_excursionista.out.txt,CTILC,1884,NLIT,central,no,1831,96,524.3036592026215,0,0.0,16,87.38394320043692,0,0.0,22,120.15292190060076,43,234.84434735117424,0,0.0,0,0.0,72,393.2277444019661,0,0.0,0,0.0,11,60.07646095030038,39,212.998361551065,3,16.38448935008192,172,939.3773894046969,54,294.9208083014746,59,322.2282905516111,2,10.922992900054615,33,180.22938285090115
003018_Cuentos.out.txt,CTILC,1884,LIT,baleàric,no,54794,2409,439.64667664342807,1,0.18250173376647078,3,0.5475052012994124,472,86.1408183377742,265,48.36295944811476,109,19.892688980545316,471,85.95831660400773,444,81.03076979231302,2155,393.29123626674453,1078,196.7368690002555,0,0.0,8,1.4600138701317662,889,162.24404131839253,0,0.0,177,32.30280687666533,4061,741.1395408256378,2890,527.4300105851006,563,102.74847611052304,0,0.0
003163_L_escanya-pobres.out.txt,CTILC,1884,LIT,central,no,22272,781,350.6645114942529,1,0.4489942528735632,265,118.98347701149424,0,0.0,313,140.5352011494253,163,73.1860632183908,4,1.7959770114942528,1,0.4489942528735632,929,417.1156609195403,1,0.4489942528735632,1,0.4489942528735632,255,114.49353448275862,373,167.4748563218391,1,0.4489942528735632,1016,456.1781609195403,319,143.22916666666666,1058,475.0359195402299,173,77.67600574712644,9,4.0409482758620685
003304_Com_l_anell_al_dit.out.txt,CTILC,1884,LIT,central,no,14492,373,257.3833839359647,0,0.0,118,81.42423406017113,0,0.0,159,109.71570521667127,36,24.841291747170853,36,24.841291747170853,7,4.830251173060999,726,500.9660502346122,1,0.6900358818658571,11,7.590394700524427,180,124.20645873585427,181,124.89649461772011,1,0.6900358818658571,341,235.30223571625726,265,182.85950869445213,863,595.5009660502346,224,154.56803753795197,1,0.6900358818658571
001925_Discurs.out.txt,CTILC,1885,NLIT,valencià,no,3581,127,354.6495392348506,1,2.7925160569673273,15,41.88774085450991,0,0.0,36,100.5305780508238,12,33.51019268360793,78,217.81625244345153,15,41.88774085450991,145,404.9148282602625,0,0.0,19,53.057805082379225,35,97.73806199385646,0,0.0,0,0.0,5,13.962580284836639,239,667.4113376151913,173,483.1052778553477,25,69.81290142418318,0,0.0
001939_Discurs.out.txt,CTILC,1885,NLIT,valencià,no,2400,89,370.83333333333337,0,0.0,21,87.50000000000001,0,0.0,45,187.5,32,133.33333333333334,4,16.666666666666668,8,33.333333333333336,69,287.5,0,0.0,15,62.5,18,75.0,30,125.0,0,0.0,11,45.833333333333336,284,1183.3333333333333,98,408.3333333333333,17,70.83333333333333,0,0.0
002274_Novena_a_la_gloriosa_verge_y_martir_sant.out.txt,CTILC,1885,NLIT,nord-occidental,no,2517,118,468.8120778704807,0,0.0,37,147.00039729837107,0,0.0,60,238.37902264600714,29,115.21652761223677,0,0.0,0,0.0,129,512.5148986889154,0,0.0,0,0.0,25,99.32459276916964,33,131.10846245530394,0,0.0,68,270.16289233214144,39,154.94636471990464,66,262.2169249106079,17,67.54072308303536,9,35.75685339690107
002518_Memoria_en_defensa_dels_interessos_moral.out.txt,CTILC,1885,NLIT,central,no,43165,1438,333.1402756863199,7,1.6216842349125449,333,77.14583574655393,0,0.0,752,174.21522066489052,407,94.28935480134368,0,0.0,0,0.0,1508,349.35711803544535,1,0.23166917641607782,0,0.0,364,84.32758021545233,650,150.5849646704506,0,0.0,2372,549.5192864589367,894,207.11224371597356,1577,365.3422912081548,208,48.18718869454419,19,4.401714351905479
002761_Lo_lliberalisme_es_pecat.out.txt,CTILC,1885,NLIT,central,sí,47854,1711,357.54586868391357,6,1.2538136832866635,522,109.08179044593973,0,0.0,1197,250.1358298156894,465,97.17056045471644,2,0.41793789442888785,0,0.0,1691,353.36648973962474,6,1.2538136832866635,0,0.0,238,49.73460943703766,784,163.83165461612404,91,19.0161741965144,2092,437.1630375726167,1349,281.89910979228483,2368,494.8384670038032,416,86.93108204120867,25,5.224223680361098
003044_Vilaniu.out.txt,CTILC,1885,LIT,central,no,88202,2587,293.30400671186595,3,0.3401283417609578,944,107.02705154078139,0,0.0,1110,125.84748645155439,518,58.72882701072538,29,3.2879073036892583,1,0.11337611392031927,4517,512.1199065780821,1,0.11337611392031927,2,0.22675222784063853,951,107.82068433822363,1495,169.4972903108773,13,1.4738894809641505,3562,403.8457177841772,1129,128.00163261604047,4197,475.83955012357995,652,73.92122627604816,3,0.3401283417609578
003267_Records_y_esperances.out.txt,CTILC,1885,LIT,baleàric,no,10193,350,343.37290297262825,2,1.9621308741293044,57,55.920729912685175,7,6.867458059452565,90,88.29588933581869,35,34.337290297262825,159,155.98940449327972,46,45.12901010497401,308,302.1681546159129,1,0.9810654370646522,30,29.431963111939567,118,115.76572157362895,93,91.23908564701264,1,0.9810654370646522,52,51.01540272736191,701,687.7268713823212,476,466.98714804277444,142,139.31129206318062,0,0.0
001851_Las_quatre_estacions_del_any_segons_llur.out.txt,CTILC,1886,NLIT,central,no,4454,207,464.7507858105074,0,0.0,63,141.4458913336327,0,0.0,57,127.9748540637629,77,172.87831162999552,0,0.0,0,0.0,117,262.68522676246073,0,0.0,0,0.0,49,110.01347103726987,75,168.38796587337222,2,4.49034575662326,499,1120.3412662775033,90,202.0655590480467,219,491.692860350247,22,49.39380332285587,7,15.716210148181409
001866_Tractat_d_horticultura.out.txt,CTILC,1886,NLIT,central,no,51137,2054,401.66611259948763,3,0.5866593660167785,646,126.32731681561296,0,0.0,1084,211.97958425406262,623,121.82959500948432,0,0.0,0,0.0,1516,296.4585329604787,0,0.0,0,0.0,305,59.64370221170581,814,159.18024131255257,2,0.3911062440111856,4355,851.6338463343567,1531,299.3918297905626,1744,341.0446447777539,403,78.8079081682539,90,17.599780980503354
001907_La_raho_del_catalanisme.out.txt,CTILC,1886,NLIT,central,no,5592,220,393.4191702432046,2,3.57653791130186,62,110.87267525035766,0,0.0,94,168.09728183118742,72,128.75536480686696,0,0.0,0,0.0,169,302.21745350500714,0,0.0,4,7.15307582260372,51,91.20171673819743,100,178.826895565093,6,10.729613733905579,357,638.4120171673819,135,241.41630901287553,247,441.7024320457797,39,69.74248927038627,3,5.364806866952789
001909_Discurs.out.txt,CTILC,1886,NLIT,central,no,1631,49,300.42918454935625,0,0.0,20,122.6241569589209,0,0.0,23,141.01778050275902,17,104.23053341508276,0,0.0,0,0.0,46,282.03556100551805,0,0.0,0,0.0,19,116.49294911097486,18,110.36174126302882,0,0.0,115,705.0889025137952,35,214.59227467811158,58,355.6100551808707,7,42.918454935622314,0,0.0
002346_Carta_a_Maria_Aguilo_26VIII1886.out.txt,CTILC,1886,NLIT,baleàric,no,492,26,528.4552845528456,0,0.0,6,121.95121951219512,0,0.0,2,40.650406504065046,2,40.650406504065046,4,81.30081300813009,0,0.0,18,365.8536585365853,0,0.0,0,0.0,2,40.650406504065046,12,243.90243902439025,0,0.0,4,81.30081300813009,33,670.7317073170732,28,569.1056910569106,11,223.57723577235774,0,0.0
003040_Escenas_barceloninas.out.txt,CTILC,1886,LIT,central,no,40898,1496,365.7880580957504,4,0.9780429360848941,536,131.05775343537582,0,0.0,595,145.48388674262802,330,80.68854222700377,13,3.178639542275906,0,0.0,1421,347.4497530441586,1,0.24451073402122353,1,0.24451073402122353,494,120.78830260648442,584,142.79426866839455,3,0.7335322020636705,1875,458.4576262897942,747,182.649518313854,1940,474.35082400117363,333,81.42207442906742,10,2.4451073402122354
003104_Espurnas.out.txt,CTILC,1886,LIT,central,no,6389,263,411.64501486930664,2,3.130380341211457,61,95.47660040694946,0,0.0,97,151.82344654875567,40,62.60760682422915,1,1.5651901706057285,0,0.0,173,270.77789951479105,2,3.130380341211457,1,1.5651901706057285,69,107.99812177179527,75,117.38926279542963,0,0.0,407,637.0323994365315,135,211.30067303177336,318,497.73047425262166,59,92.34622006573798,0,0.0
003115_Canigo.out.txt,CTILC,1886,LIT,central,no,28068,833,296.77925039190535,0,0.0,297,105.81445061992304,0,0.0,494,176.00114008835686,289,102.96422972780391,0,0.0,0,0.0,964,343.4516175003563,0,0.0,327,116.50277896536983,350,124.69716403021235,286,101.89539689325922,0,0.0,69,24.583155194527578,1965,700.0855066267636,1171,417.201083083939,248,88.35684765569331,0,0.0
003291_Lo_catalanisme.out.txt,CTILC,1886,LIT,central,no,97136,3137,322.9492670070828,3,0.3088453302586065,549,56.518695437324986,0,0.0,1927,198.3816504694449,1123,115.61110196013837,2,0.20589688683907098,0,0.0,2975,306.2716191731181,0,0.0,0,0.0,644,66.29879756218087,1560,160.59957173447538,114,11.736122549827048,5597,576.2024378191402,2145,220.82441113490364,3826,393.88074452314277,476,49.0034590676989,66,6.794597265689342
001618_La_ensenyansa_en_las_escolas_catalanas.out.txt,CTILC,1887,NLIT,central,no,3324,102,306.85920577617327,0,0.0,33,99.27797833935018,0,0.0,65,195.54753309265945,23,69.19374247894103,1,3.0084235860409145,0,0.0,102,306.85920577617327,33,99.27797833935018,0,0.0,63,189.5306859205776,82,246.690734055355,5,15.042117930204574,194,583.6341756919375,92,276.77496991576413,124,373.0445246690734,15,45.12635379061372,5,15.042117930204574
001848_Fora_de_la_iglesia_catolica_no_hi_ha_sal.out.txt,CTILC,1887,NLIT,central,no,6382,190,297.7123158884362,0,0.0,63,98.71513632090253,0,0.0,137,214.6662488248198,86,134.75399561266062,1,1.5669069257286117,0,0.0,200,313.38138514572233,0,0.0,0,0.0,33,51.70792854904418,71,111.25039172673142,2,3.1338138514572234,301,471.63898464431213,157,246.00438733939203,368,576.621748668129,38,59.542463177687246,4,6.267627702914447
001857_Ordinacions_dels_reverents_passioners_de.out.txt,CTILC,1887,NLIT,central,no,943,18,190.88016967126194,1,10.604453870625663,6,63.62672322375398,0,0.0,26,275.71580063626726,20,212.08907741251326,0,0.0,0,0.0,58,615.0583244962885,0,0.0,0,0.0,5,53.022269353128316,52,551.4316012725345,0,0.0,40,424.1781548250265,17,180.27571580063628,17,180.27571580063628,2,21.208907741251327,1,10.604453870625663
001926_Discurs_del_Sr_president_del_jurat.out.txt,CTILC,1887,NLIT,central,no,2716,123,452.8718703976436,0,0.0,20,73.63770250368188,0,0.0,51,187.7761413843888,18,66.27393225331369,0,0.0,0,0.0,92,338.73343151693666,0,0.0,0,0.0,34,125.18409425625921,32,117.82032400589101,0,0.0,162,596.4653902798233,50,184.0942562592047,141,519.1458026509573,24,88.36524300441826,0,0.0
002216_Carta_a_Francesc_Matheu_2VII1887.out.txt,CTILC,1887,NLIT,baleàric,no,122,3,245.9016393442623,0,0.0,1,81.9672131147541,0,0.0,0,0.0,1,81.9672131147541,0,0.0,0,0.0,2,163.9344262295082,0,0.0,0,0.0,0,0.0,0,0.0,0,0.0,1,81.9672131147541,5,409.83606557377044,14,1147.5409836065573,4,327.8688524590164,0,0.0
002720_La_marmota.out.txt,CTILC,1887,LIT,central,no,5525,149,269.68325791855204,2,3.6199095022624435,48,86.87782805429865,0,0.0,58,104.97737556561086,27,48.86877828054298,2,3.6199095022624435,0,0.0,238,430.7692307692308,4,7.239819004524887,2,3.6199095022624435,58,104.97737556561086,86,155.65610859728505,0,0.0,140,253.39366515837105,163,295.0226244343892,279,504.9773755656108,82,148.4162895927602,1,1.8099547511312217
002975_Batalla_de_reynas.out.txt,CTILC,1887,LIT,central,no,21203,595,280.6206668867613,2,0.9432627458378532,221,104.23053341508276,0,0.0,292,137.71636089232658,68,32.070933358487004,3,1.4148941187567798,0,0.0,757,357.0249492996274,0,0.0,7,3.301419610432486,172,81.12059614205536,141,66.50002358156864,0,0.0,362,170.73055699665142,340,160.35466679243504,1316,620.6668867613074,349,164.59934914870536,0,0.0
003022_Benet_Roure.out.txt,CTILC,1887,LIT,central,no,15712,602,383.1466395112016,1,0.6364562118126272,204,129.83706720977597,0,0.0,239,152.1130346232179,99,63.009164969450104,0,0.0,0,0.0,642,408.60488798370676,0,0.0,155,98.65071283095723,192,122.19959266802444,214,136.20162932790222,5,3.1822810590631367,55,35.0050916496945,1044,664.4602851323829,851,541.6242362525459,158,100.56008146639512,1,0.6364562118126272
003034_La_colla_del_carrer.out.txt,CTILC,1887,LIT,central,no,50495,1251,247.7473017130409,1,0.19803940984255866,709,140.4099415783741,0,0.0,811,160.60996138231508,310,61.39221705119319,23,4.5549064263788495,1,0.19803940984255866,1778,352.1140707000693,0,0.0,0,0.0,467,92.4844043964749,1060,209.92177443311218,2,0.3960788196851173,2588,512.5259926725419,779,154.2727002673532,2258,447.1729874244975,417,82.58243390434697,12,2.376472918110704
003196_La_copa_d_argent.out.txt,CTILC,1887,LIT,valencià,no,7123,223,313.07033553278114,0,0.0,95,133.3707707426646,0,0.0,176,247.08690158641022,58,81.42636529552155,0,0.0,22,30.885862698301278,256,359.399129580233,1,1.4039028499227852,67,94.06149094482662,82,115.12003369366839,29,40.713182647760775,1,1.4039028499227852,12,16.846834199073424,498,699.1436192615472,293,411.34353502737616,70,98.27319949459498,1,1.4039028499227852
003367_Els_glosadors_d_altra_temps.out.txt,CTILC,1887,LIT,baleàric,no,19380,561,289.4736842105263,3,1.5479876160990713,182,93.91124871001033,0,0.0,55,28.379772961816307,39,20.123839009287924,330,170.27863777089783,80,41.279669762641895,673,347.26522187822496,2,1.0319917440660475,3,1.5479876160990713,163,84.10732714138287,230,118.67905056759547,0,0.0,148,76.36738906088752,846,436.5325077399381,944,487.1001031991744,267,137.77089783281733,1,0.5159958720330238
003377_Excursions_y_viatjes.out.txt,CTILC,1887,LIT,central,no,38819,1524,392.5912568587547,5,1.2880290579355471,361,92.9956979829465,0,0.0,587,151.21461140163322,399,102.78471882325665,2,0.5152116231742189,0,0.0,1424,366.83067570004374,2,0.5152116231742189,9,2.318452304283985,478,123.13557793863829,578,148.89615909734923,6,1.5456348695226565,72,18.54761843427188,3256,838.7645225276283,1923,495.3759756820114,328,84.49470620057188,6,1.5456348695226565
001845_Una_excursio_a_Montserrat.out.txt,CTILC,1888,NLIT,central,no,9741,384,394.2100400369572,2,2.053177291859152,84,86.23344625808438,0,0.0,190,195.05184272661944,109,111.89816240632379,1,1.026588645929576,0,0.0,329,337.74766451083053,6,6.159531875577456,2,2.053177291859152,80,82.12709167436608,158,162.201006056873,4,4.106354583718304,621,637.5115491222667,213,218.6633815829997,600,615.9531875577457,105,107.79180782260549,28,28.74448208602813
001863_La_poesia_catalana_a_Sardenya.out.txt,CTILC,1888,NLIT,central,no,9614,259,269.3987934262534,1,1.0401497815685459,52,54.08778864156439,0,0.0,181,188.2671104639068,113,117.53692531724569,0,0.0,1,1.0401497815685459,387,402.5379654670273,0,0.0,0,0.0,111,115.4566257541086,104,108.17557728312877,3,3.120449344705637,464,482.6294986478053,197,204.90950696900353,331,344.28957769918867,62,64.48928645724985,1,1.0401497815685459
001906_Rondallistica.out.txt,CTILC,1888,NLIT,central,no,13537,455,336.1158306862673,2,1.477432222796779,127,93.81694614759549,0,0.0,74,54.66499224348083,33,24.377631676146855,4,2.954864445593558,0,0.0,631,466.12986629238384,0,0.0,2,1.477432222796779,93,68.70059836005024,265,195.75976952057323,4,2.954864445593558,24,17.72918667356135,1271,938.9081775873531,552,407.7712934919111,115,84.9523528108148,5,3.693580556991948
001908_Concepte_del_regionalisme_dintre_la_unit.out.txt,CTILC,1888,NLIT,central,no,10821,455,420.4786988263562,2,1.8482580168191478,85,78.55096571481378,0,0.0,179,165.41909250531373,121,111.81961001755845,1,0.9241290084095739,0,0.0,321,296.64541169947324,0,0.0,50,46.2064504204787,188,173.73625358099991,184,170.0397375473616,9,8.317161075686165,31,28.647999260696793,1080,998.0593290823399,471,435.2647629609093,46,42.5099343868404,2,1.8482580168191478
001922_Higiene_rural_o_reglas_de_sanitat_al_us_.out.txt,CTILC,1888,NLIT,central,no,16554,487,294.1887157182554,0,0.0,166,100.27787845837864,0,0.0,372,224.7191011235955,181,109.33913253594298,6,3.624501631025734,1,0.6040836051709557,233,140.75148000483267,125,75.51045064636946,3,1.812250815512867,102,61.61652772743748,190,114.77588498248159,7,4.22858523619669,755,456.08312190407156,623,376.3440860215054,720,434.94019572308804,157,94.84112601184003,16,9.665337682735291
002217_Carta_a_angel_Guimera_8III1888.out.txt,CTILC,1888,NLIT,central,no,923,25,270.85590465872156,0,0.0,9,97.50812567713976,0,0.0,15,162.51354279523292,4,43.33694474539545,0,0.0,0,0.0,7,75.83965330444204,47,509.2091007583965,0,0.0,5,54.17118093174431,6,65.00541711809318,0,0.0,26,281.6901408450704,28,303.35861321776815,60,650.0541711809317,13,140.8450704225352,1,10.834236186348862
002519_Missatje_a_S_M_Da_Maria_Cristina_de_Habs.out.txt,CTILC,1888,NLIT,central,no,6350,252,396.8503937007874,1,1.574803149606299,43,67.71653543307087,0,0.0,58,91.33858267716535,49,77.16535433070867,5,7.874015748031496,0,0.0,241,379.5275590551181,0,0.0,0,0.0,132,207.8740157480315,92,144.88188976377953,0,0.0,295,464.56692913385825,118,185.8267716535433,376,592.1259842519685,65,102.36220472440945,1,1.574803149606299
002952_Luter.out.txt,CTILC,1888,LIT,central,no,36734,1244,338.65084118255567,0,0.0,426,115.9688571895247,0,0.0,668,181.84787934883212,388,105.62421734632765,4,1.0889094571786355,0,0.0,1225,333.47852126095717,0,0.0,0,0.0,308,83.84602820275495,411,111.88544672510481,3,0.8166820928839766,1961,533.8378613818261,1093,297.54450917406217,1974,537.3768171176567,367,99.90744269613981,2,0.5444547285893178
003103_Guia_comica_de_la_Exposicio_Universal_de.out.txt,CTILC,1888,LIT,central,no,10246,312,304.50907671286353,0,0.0,76,74.17528791723599,0,0.0,107,104.43099746242437,44,42.94358774155768,2,1.9519812609798948,0,0.0,455,444.07573687292603,0,0.0,0,0.0,80,78.07925043919579,165,161.0384540308413,3,2.927971891469842,534,521.1789966816318,246,240.09369510052704,706,689.0493851259027,101,98.57505367948468,1,0.9759906304899474
003176_a_deshora_de_la_nit.out.txt,CTILC,1888,LIT,valencià,no,5583,170,304.49579079348024,0,0.0,0,0.0,0,0.0,48,85.97528210639442,3,5.373455131649651,110,197.02668816048717,21,37.61418592154756,239,428.0852588214222,0,0.0,0,0.0,0,0.0,1,1.7911517105498835,0,0.0,119,213.14705355543614,289,517.6428443489164,353,632.2765538241089,40,71.64606842199535,68,121.79831631739208
003336_Mar_y_cel.out.txt,CTILC,1888,LIT,central,no,17796,482,270.8473814340301,0,0.0,185,103.95594515621488,0,0.0,167,93.8413126545291,96,53.94470667565745,0,0.0,0,0.0,959,538.885142728703,0,0.0,0,0.0,163,91.59361654304338,312,175.3202966958867,0,0.0,518,291.0766464374017,523,293.8862665767588,1315,738.9300966509328,212,119.12789390874353,2,1.1238480557428636
001667_Lo_regionalisme_en_la_nacio.out.txt,CTILC,1889,NLIT,central,no,9734,404,415.0400657489213,7,7.191288267926854,59,60.6122868296692,0,0.0,214,219.8479556194781,113,116.08793918224778,1,1.027326895418122,0,0.0,314,322.5806451612903,0,0.0,0,0.0,106,108.89665091432094,181,185.94616807068007,7,7.191288267926854,468,480.7889870556811,221,227.03924388740498,357,366.7557016642696,56,57.53030614341483,0,0.0
001844_Vuyt_dias_en_Camprodon_excursio_entomolo.out.txt,CTILC,1889,NLIT,central,no,13764,591,429.3809938971229,0,0.0,124,90.09009009009009,0,0.0,240,174.36791630340016,172,124.96367335077012,0,0.0,0,0.0,575,417.75646614356293,0,0.0,2,1.4530659691950014,110,79.91862830572508,232,168.55565242662018,3,2.1795989537925022,913,663.3246149375182,258,187.44551002615518,877,637.1694274920081,85,61.755303690787564,21,15.257192676547515
001873_Necesitat_d_ensenyar_la_teoria_del_seu_a.out.txt,CTILC,1889,NLIT,central,no,6245,349,558.8470776621298,2,3.202562049639712,57,91.27301841473178,0,0.0,115,184.14731785428344,50,80.06405124099278,0,0.0,0,0.0,245,392.3138510808647,0,0.0,0,0.0,32,51.24099279423539,99,158.52682145716574,2,3.202562049639712,331,530.0240192153723,123,196.95756605284228,273,437.14971977582064,48,76.86148919135309,1,1.601281024819856
001941_Discurs.out.txt,CTILC,1889,NLIT,central,no,6859,337,491.32526607377173,1,1.457938474996355,63,91.85012392477039,0,0.0,103,150.16766292462458,89,129.7565242746756,0,0.0,0,0.0,302,440.2974194488993,0,0.0,0,0.0,129,188.0740632745298,117,170.57880157457353,0,0.0,402,586.0912669485348,186,271.176556349322,291,424.26009622393934,38,55.40166204986149,0,0.0
001942_Memoria.out.txt,CTILC,1889,NLIT,central,no,3667,156,425.41587128442865,0,0.0,60,163.6214889555495,0,0.0,63,171.80256340332699,31,84.53776929370058,0,0.0,0,0.0,135,368.14835014998636,0,0.0,1,2.727024815925825,65,177.25661303517862,80,218.16198527406598,1,2.727024815925825,189,515.407690209981,70,190.89173711480774,186,507.22661576220344,35,95.44586855740387,1,2.727024815925825
002096_Memoria_necrologica_de_D_Joseph_d_Argull.out.txt,CTILC,1889,NLIT,central,no,11393,450,394.97937329939435,0,0.0,123,107.96102870183446,0,0.0,257,225.57710875098746,81,71.09628719389099,8,7.021855525322566,0,0.0,432,379.1801983674186,0,0.0,0,0.0,146,128.14886333713685,149,130.7820591591328,0,0.0,610,535.4164838058457,170,149.21442991310454,493,432.7218467480032,98,86.01773018520144,8,7.021855525322566
002131_Conclusio.out.txt,CTILC,1889,NLIT,central,no,6049,196,324.02049925607537,1,1.6531658125309967,21,34.716482063150934,0,0.0,102,168.62291287816169,73,120.68110431476276,3,4.95949743759299,0,0.0,179,295.91668044304845,0,0.0,0,0.0,58,95.88361712679782,107,176.8887419408167,3,4.95949743759299,344,568.689039510663,162,267.8128616300215,345,570.342205323194,37,61.16713506364688,20,33.063316250619934
002347_Carta_a_Josep_Yxart_9IV1889.out.txt,CTILC,1889,NLIT,septentrional,no,379,13,343.0079155672823,0,0.0,5,131.92612137203167,0,0.0,5,131.92612137203167,1,26.385224274406333,2,52.770448548812666,0,0.0,8,211.08179419525067,0,0.0,0,0.0,7,184.69656992084433,1,26.385224274406333,0,0.0,13,343.0079155672823,13,343.0079155672823,17,448.54881266490764,5,131.92612137203167,2,52.770448548812666
003003_Dietari_d_un_pelegri_a_Terra_Santa.out.txt,CTILC,1889,LIT,central,no,35729,1276,357.1328612611604,0,0.0,223,62.414285314450446,0,0.0,642,179.68596938061518,373,104.3969884407624,11,3.0787315625962104,0,0.0,1501,420.1069159506284,3,0.8396540625262392,21,5.877578437683674,395,110.55445156595482,521,145.81992219205688,1,0.2798846875087464,89,24.909737188278427,2847,796.8317053374011,2103,588.5974978308936,310,86.76425312771138,12,3.358616250104957
003024_Gent_de_casa.out.txt,CTILC,1889,LIT,central,no,41635,1672,401.58520475561426,2,0.4803650774588687,628,150.83463432208478,0,0.0,610,146.51134862495496,336,80.70133301308995,9,2.1616428485649095,0,0.0,1402,336.735919298667,4,0.9607301549177374,2,0.4803650774588687,392,94.15155518193828,661,158.76065810015612,3,0.7205476161883031,2213,531.5239582082382,793,190.46475321244145,2009,482.5267203074336,310,74.45658700612465,19,4.563468235859253
003075_L_hereu_Noradell.out.txt,CTILC,1889,LIT,septentrional,no,52937,1287,243.1191794019306,2,0.37780758259818276,494,93.31847290175114,1,0.18890379129909138,986,186.2591382209041,385,72.72795965015018,1,0.18890379129909138,1,0.18890379129909138,2582,487.74958913425394,1,0.18890379129909138,2,0.37780758259818276,787,148.66728375238492,835,157.7346657347413,27,5.1004023650754675,2229,421.0665508056747,924,174.54710316036042,2614,493.7945104558249,590,111.45323686646391,12,2.2668454955890964
003318_Cascarrabies.out.txt,CTILC,1889,LIT,valencià,no,4568,132,288.96672504378284,0,0.0,0,0.0,0,0.0,34,74.43082311733801,4,8.756567425569177,85,186.077057793345,16,35.02626970227671,246,538.5288966725044,0,0.0,0,0.0,0,0.0,0,0.0,0,0.0,35,76.6199649737303,221,483.800350262697,415,908.4938704028021,16,35.02626970227671,57,124.78108581436076
000059_L_incendi_de_Manresa.out.txt,CTILC,1890,LIT,central,no,18061,606,335.5295941531477,0,0.0,220,121.8094236199546,1,0.5536791982725209,262,145.0639499474005,86,47.6164110514368,0,0.0,0,0.0,705,390.34383478212726,0,0.0,1,0.5536791982725209,102,56.47527822379713,224,124.02414041304469,0,0.0,505,279.60799512762304,443,245.27988483472674,1295,717.0145617629145,533,295.11101267925363,0,0.0
001846_Una_excursio_sense_sortir_de_casa.out.txt,CTILC,1890,NLIT,central,no,8533,352,412.51611391069963,0,0.0,60,70.3152466893238,0,0.0,150,175.7881167233095,119,139.4585726004922,0,0.0,0,0.0,318,372.67080745341616,1,1.1719207781553966,3,3.51576233446619,80,93.75366225243174,143,167.5846712762217,3,3.51576233446619,660,773.4677135825618,205,240.24375952185633,513,601.1953591937186,88,103.12902847767491,14,16.406890894175554
001852_Serra_de_Cardo_Tortosa_moluscos_recullit.out.txt,CTILC,1890,NLIT,central,no,3917,95,242.53255042124073,3,7.658922644881287,28,71.48327801889201,0,0.0,111,283.3801378606076,45,114.8838396732193,0,0.0,0,0.0,135,344.65151901965794,0,0.0,1,2.552974214960429,65,165.94332397242786,51,130.20168496298186,2,5.105948429920858,153,390.6050548889456,74,188.92009190707174,240,612.7138115905029,23,58.718406944089864,23,58.718406944089864
001865_Consueta_dels_rnts_sagristans_majors_de_.out.txt,CTILC,1890,NLIT,central,no,13135,450,342.5961172440046,7,5.329272934906738,154,117.24400456794824,0,0.0,553,421.0125618576323,346,263.4183479253902,0,0.0,0,0.0,459,349.4480395888846,0,0.0,0,0.0,107,81.46174343357443,333,253.5211267605634,0,0.0,561,427.10315949752567,204,155.31023981728208,282,214.69356680624284,63,47.96345641416064,5,3.8066235249333844
001874_Resposta_al_questionari_pera_la_terminac.out.txt,CTILC,1890,NLIT,central,no,2284,62,271.45359019264447,0,0.0,14,61.29597197898424,0,0.0,69,302.10157618213657,37,161.99649737302977,0,0.0,0,0.0,68,297.72329246935203,0,0.0,0,0.0,18,78.80910683012259,46,201.40105078809108,6,26.26970227670753,140,612.9597197898424,60,262.6970227670753,53,232.04903677758318,13,56.91768826619965,0,0.0
001940_Discurs.out.txt,CTILC,1890,NLIT,central,no,4695,166,353.5676251331203,0,0.0,51,108.62619808306708,0,0.0,98,208.73269435569753,66,140.57507987220447,1,2.1299254526091587,0,0.0,124,264.1107561235357,0,0.0,0,0.0,34,72.41746538871139,53,112.88604898828542,2,4.259850905218317,315,670.9265175718849,148,315.2289669861555,233,496.27263045793393,42,89.45686900958466,0,0.0
002348_Carta_a_Maria_Aguilo_24VIII1890.out.txt,CTILC,1890,NLIT,baleàric,no,486,24,493.82716049382714,0,0.0,4,82.3045267489712,0,0.0,2,41.1522633744856,1,20.5761316872428,7,144.0329218106996,0,0.0,24,493.82716049382714,5,102.88065843621399,0,0.0,4,82.3045267489712,6,123.45679012345678,0,0.0,1,20.5761316872428,28,576.1316872427984,30,617.283950617284,13,267.4897119341564,0,0.0
002349_Cartes_a_Josep_Yxart_1890.out.txt,CTILC,1890,NLIT,septentrional,no,1323,43,325.0188964474679,0,0.0,7,52.910052910052904,0,0.0,27,204.0816326530612,15,113.37868480725623,1,7.558578987150416,0,0.0,33,249.43310657596373,0,0.0,1,7.558578987150416,7,52.910052910052904,14,105.82010582010581,1,7.558578987150416,63,476.19047619047615,45,340.13605442176873,108,816.3265306122448,31,234.31594860166288,14,105.82010582010581
003046_La_febre_d_or_I.out.txt,CTILC,1890,LIT,central,no,40007,1361,340.190466668333,2,0.4999125153098208,502,125.47804134276502,0,0.0,610,152.47331716949535,231,57.73989551828431,11,2.7495188342040144,3,0.7498687729647312,2086,521.4087534681431,4,0.9998250306196416,1,0.2499562576549104,419,104.73167195740746,726,181.46824305746492,16,3.9993001224785663,1688,421.92616292148875,591,147.72414827405206,2042,510.410678131327,425,106.23140950333692,2,0.4999125153098208
003076_L_esca_del_pecat.out.txt,CTILC,1890,LIT,central,no,25353,665,262.2963751824242,1,0.3944306393720664,265,104.5241194335976,0,0.0,483,190.50999881670808,110,43.387370330927304,0,0.0,0,0.0,1063,419.2797696525066,0,0.0,0,0.0,185,72.96966828383229,316,124.640082041573,1,0.3944306393720664,913,360.11517374669666,666,262.69080582179623,1608,634.2444681102828,322,127.00666587780539,7,2.761014475604465
003093_Jesus_infant_Nazareth.out.txt,CTILC,1890,LIT,central,no,6885,173,251.27087872185913,6,8.714596949891067,71,103.12273057371095,0,0.0,138,200.43572984749454,51,74.07407407407408,1,1.4524328249818446,0,0.0,268,389.25199709513436,0,0.0,57,82.78867102396514,43,62.45461147421931,67,97.31299927378359,0,0.0,8,11.619462599854756,355,515.6136528685548,337,489.46986201888166,44,63.90704429920117,0,0.0
003174_La_peste_groga.out.txt,CTILC,1890,LIT,baleàric,no,3752,118,314.498933901919,1,2.6652452025586353,15,39.978678038379535,1,2.6652452025586353,13,34.64818763326226,5,13.326226012793176,54,143.92324093816632,16,42.643923240938165,131,349.1471215351812,1,2.6652452025586353,1,2.6652452025586353,8,21.321961620469082,36,95.94882729211088,0,0.0,33,87.95309168443497,169,450.42643923240934,236,628.997867803838,47,125.26652452025586,0,0.0
001601_La_revindicacio_del_llenguatje_en_la_ens.out.txt,CTILC,1891,NLIT,central,no,10810,336,310.8233117483811,1,0.9250693802035153,62,57.35430157261794,0,0.0,219,202.59019426456985,114,105.45790934320074,1,0.9250693802035153,0,0.0,463,428.3071230342276,0,0.0,4,3.700277520814061,230,212.7659574468085,151,139.68547641073081,15,13.876040703052729,393,363.5522664199815,312,288.62164662349676,381,352.45143385753926,55,50.878815911193335,2,1.8501387604070305
001842_De_Gaba_a_Begas_excursio_entomologica.out.txt,CTILC,1891,NLIT,central,no,11973,517,431.804894345611,1,0.8352125615969264,96,80.18040591330494,0,0.0,218,182.07633842813,176,146.99741084105906,0,0.0,0,0.0,514,429.29925666082016,0,0.0,3,2.5056376847907793,103,86.02689384448341,173,144.49177315626827,2,1.6704251231938527,743,620.5629332665163,270,225.50739163117012,705,588.8248559258332,102,85.19168128288649,19,15.8690386703416
001858_Discurs_llegit_en_lo_Certamen_Catalanist.out.txt,CTILC,1891,NLIT,central,no,5584,317,567.6934097421204,0,0.0,46,82.378223495702,0,0.0,104,186.2464183381089,67,119.98567335243553,0,0.0,0,0.0,157,281.1604584527221,2,3.5816618911174785,47,84.16905444126076,73,130.73065902578796,67,119.98567335243553,5,8.954154727793696,13,23.280802292263612,453,811.2464183381089,182,325.9312320916905,34,60.88825214899713,0,0.0
001860_Carta_pastoral_ab_motiu_del_present_temp.out.txt,CTILC,1891,NLIT,central,sí,8676,375,432.2268326417704,7,8.068234209313047,93,107.19225449515906,0,0.0,148,170.5855232826187,95,109.4974642692485,2,2.305209774089442,1,1.152604887044721,301,346.9340710004611,0,0.0,0,0.0,89,102.58183494698018,159,183.26417704011067,0,0.0,492,567.0816044260027,224,258.1834946980175,292,336.56062701705855,44,50.71461502996773,1,1.152604887044721
001905_Argentona_historica.out.txt,CTILC,1891,NLIT,central,no,24389,678,277.99417770306286,10,4.100209110664644,162,66.42338759276723,0,0.0,520,213.21087375456148,187,76.67391036942884,2,0.8200418221329288,0,0.0,921,377.62925909221366,0,0.0,115,47.15240477264341,309,126.6964615195375,439,179.99917995817788,19,7.790397310262823,153,62.73319939316905,1273,521.9566197876092,890,364.9186108491533,236,96.7649350116856,29,11.890606420927467
002721_Lo_castell_y_la_masia.out.txt,CTILC,1891,LIT,central,no,22418,578,257.8285306450174,0,0.0,243,108.39503970024087,0,0.0,377,168.16843607815147,67,29.8866981889553,1,0.44607012222321346,0,0.0,1027,458.1140155232403,9,4.014631100008922,4,1.7842804888928538,189,84.30725310018735,231,103.04219823356232,5,2.2303506111160676,488,217.6822196449282,511,227.9418324560621,1894,844.8568114907663,763,340.3515032563119,1,0.44607012222321346
003047_La_febre_d_or_II.out.txt,CTILC,1891,LIT,central,no,56248,1882,334.58967429953066,0,0.0,699,124.27108519414023,0,0.0,808,143.64955198407054,353,62.75778694353577,52,9.244773147489688,1,0.17778409899018632,2931,521.0851941402361,8,1.4222727919214906,5,0.8889204949509315,666,118.40420992746408,844,150.04977954771724,21,3.7334660787939127,2411,428.6374626653392,833,148.0941544588252,3051,542.4192860190585,569,101.15915232541602,4,0.7111363959607453
003200_La_garba.out.txt,CTILC,1891,LIT,central,no,9677,417,430.9186731425028,14,14.467293582721918,78,80.60349281802212,0,0.0,130,134.33915469670353,56,57.869174330887674,9,9.30040301746409,0,0.0,308,318.2804588198822,0,0.0,0,0.0,170,175.67427921876615,150,155.00671695773482,0,0.0,508,524.9560814301954,152,157.07347318383796,464,479.4874444559264,95,98.17092073989873,0,0.0
003305_La_Sirena.out.txt,CTILC,1891,LIT,central,no,24540,562,229.01385493072533,0,0.0,182,74.16462917685412,0,0.0,328,133.65933170334148,109,44.41727791361043,6,2.4449877750611244,0,0.0,1167,475.5501222493887,0,0.0,2,0.8149959250203749,249,101.46699266503667,289,117.76691116544417,1,0.40749796251018744,837,341.0757946210269,427,174.00162999185002,1426,581.0920945395274,216,88.01955990220048,13,5.297473512632436
001612_Reglas_morals_y_de_bona_criansa.out.txt,CTILC,1892,NLIT,central,no,12622,403,319.2837902075741,1,0.7922674694977024,105,83.18808429725875,0,0.0,244,193.3132625574394,145,114.87878307716686,0,0.0,0,0.0,519,411.1868166693076,0,0.0,11,8.714942164474726,126,99.82570115671051,184,145.77721438757726,5,3.9613373474885125,807,639.3598478846459,318,251.94105530026937,546,432.57803834574554,61,48.32831563935985,7,5.545872286483918
001619_Reglament_del_Centre_Excursionista_de_Ca.out.txt,CTILC,1892,NLIT,central,no,1691,60,354.81963335304556,0,0.0,10,59.13660555884093,0,0.0,19,112.35955056179775,26,153.7551744529864,0,0.0,0,0.0,99,585.4523950325251,6,35.481963335304556,1,5.913660555884093,11,65.05026611472502,66,390.3015966883501,1,5.913660555884093,87,514.488468361916,30,177.40981667652278,41,242.46008279124777,4,23.65464222353637,0,0.0
001849_Carta_enciclica_de_nostre_santissim_pare.out.txt,CTILC,1892,NLIT,central,sí,4252,215,505.6444026340546,0,0.0,74,174.03574788334902,0,0.0,76,178.73941674506116,44,103.48071495766699,2,4.703668861712136,0,0.0,165,388.05268109125115,0,0.0,20,47.03668861712135,24,56.444026340545626,74,174.03574788334902,3,7.055503292568203,188,442.1448730009407,91,214.01693320790216,154,362.18250235183444,17,39.98118532455315,0,0.0
001855_Los_aucells_de_Teya_y_Masnou.out.txt,CTILC,1892,NLIT,central,no,10887,437,401.3961605584642,0,0.0,61,56.030127675208966,0,0.0,281,258.1059979792413,193,177.27564985762837,3,2.7555800496004412,0,0.0,328,301.2767520896482,0,0.0,0,0.0,123,112.97878203361807,217,199.3202902544319,0,0.0,812,745.8436667585192,366,336.1807660512538,444,407.82584734086527,112,102.87498851841647,9,8.266740148801324
002218_Carta_a_Frederic_Soler_4VI1892.out.txt,CTILC,1892,NLIT,central,no,185,7,378.3783783783784,0,0.0,1,54.054054054054056,0,0.0,1,54.054054054054056,1,54.054054054054056,0,0.0,0,0.0,8,432.43243243243245,0,0.0,0,0.0,1,54.054054054054056,0,0.0,0,0.0,11,594.5945945945946,5,270.27027027027026,13,702.7027027027027,6,324.3243243243243,0,0.0
002275_Descripcio_del_santuari_y_consideracions.out.txt,CTILC,1892,NLIT,central,no,3752,125,333.1556503198294,3,7.995735607675906,31,82.62260127931769,0,0.0,77,205.22388059701493,24,63.96588486140725,0,0.0,0,0.0,136,362.4733475479744,0,0.0,12,31.982942430703623,51,135.92750533049042,47,125.26652452025586,0,0.0,129,343.81663113006397,75,199.89339019189765,162,431.76972281449895,32,85.28784648187633,5,13.326226012793176
003048_La_febre_d_or_III.out.txt,CTILC,1892,LIT,central,no,58623,2038,347.6451222216536,3,0.5117445371270661,744,126.91264520751241,0,0.0,721,122.98927042287157,286,48.786312539446975,138,23.540248707845045,19,3.2410487351380857,3295,562.0660832778943,2,0.3411630247513775,5,0.8529075618784436,619,105.58995616055132,931,158.8113880217662,31,5.28802688364635,2367,403.7664397932552,860,146.7001006430923,3283,560.019105129386,577,98.4255326407724,7,1.1940705866298211
003073_Aygo-forts.out.txt,CTILC,1892,LIT,baleàric,no,27445,1093,398.25104754964474,7,2.5505556567680814,3,1.093095281472035,321,116.96119511750776,145,52.83293860448169,32,11.659683002368372,85,30.97103297504099,7,2.5505556567680814,1847,672.9823282929495,1,0.3643650938240116,0,0.0,330,120.24048096192385,534,194.5709601020222,0,0.0,93,33.88595372563309,2711,987.7937693568956,1269,462.37930406267077,288,104.93714702131537,28,10.202222627072326
001648_Consideracions_sociologiques_sobre_l_reg.out.txt,CTILC,1893,NLIT,central,no,18914,675,356.8785026964154,2,1.0574177857671565,124,65.55990271756372,0,0.0,401,212.01226604631492,227,120.01691868457227,0,0.0,0,0.0,509,269.11282647774135,2,1.0574177857671565,125,66.08861161044729,93,49.16992703817278,389,205.66775933171195,21,11.102886750555143,40,21.148355715343133,1437,759.7546790737019,864,456.8044834514116,122,64.50248493179656,4,2.114835571534313
001861_Carta_pastoral_ab_motiu_del_present_temp.out.txt,CTILC,1893,NLIT,central,sí,4597,195,424.18968892756146,1,2.1753317380900588,51,110.941918642593,0,0.0,77,167.50054383293454,61,132.69523602349358,0,0.0,0,0.0,185,402.43637154666084,0,0.0,0,0.0,34,73.961279095062,65,141.3965629758538,0,0.0,320,696.1061561888188,125,271.91646726125737,147,319.77376549923866,17,36.980639547531,16,34.80530780944094
001862_Mes_de_juny_dedicat_al_Sagrat_Cor_de_Jes.out.txt,CTILC,1893,NLIT,central,no,15741,557,353.85299536242934,30,19.058509624547362,154,97.83368273934312,0,0.0,342,217.2670097198399,145,92.11612985197891,1,0.6352836541515787,2,1.2705673083031574,581,369.0998030620672,0,0.0,1,0.6352836541515787,115,73.05762022743156,235,149.29165872562098,4,2.541134616606315,789,501.23880312559555,374,237.59608665269042,712,452.32196175592406,100,63.528365415157865,0,0.0
001904_Lo_segell_de_S_Bernat_Calvo_bisbe_de_Vic.out.txt,CTILC,1893,NLIT,central,no,3451,129,373.8046942915097,1,2.8977108084613157,35,101.41987829614604,0,0.0,80,231.81686467690525,51,147.7832512315271,0,0.0,0,0.0,160,463.6337293538105,0,0.0,29,84.03361344537815,35,101.41987829614604,38,110.11301072153,0,0.0,4,11.590843233845263,203,588.2352941176471,141,408.5772239930455,40,115.90843233845263,1,2.8977108084613157
001968_La_ceramica_en_la_Exposicio_Nacional_d_I.out.txt,CTILC,1893,NLIT,central,no,14055,559,397.72323016720026,2,1.4229811454998222,143,101.74315190323729,0,0.0,217,154.3934542867307,193,137.31768054073285,0,0.0,2,1.4229811454998222,572,406.97260761294916,2,1.4229811454998222,2,1.4229811454998222,85,60.47669868374244,242,172.18071860547846,2,1.4229811454998222,958,681.6079686944149,394,280.327285663465,818,581.9992885094273,173,123.08786908573461,11,7.826396300249022
002132_Jofre_lo_Pelos.out.txt,CTILC,1893,NLIT,central,no,3663,103,281.19028119028115,11,30.03003003003003,24,65.52006552006553,0,0.0,116,316.6803166803167,50,136.5001365001365,2,5.46000546000546,0,0.0,132,360.36036036036035,0,0.0,0,0.0,44,120.12012012012012,47,128.3101283101283,1,2.73000273000273,121,330.3303303303303,79,215.67021567021567,152,414.960414960415,22,60.06006006006006,1,2.73000273000273
002219_Carta_a_Tomas_Forteza_6XI1893.out.txt,CTILC,1893,NLIT,baleàric,no,242,5,206.61157024793388,1,41.32231404958678,3,123.96694214876034,0,0.0,1,41.32231404958678,0,0.0,1,41.32231404958678,0,0.0,11,454.54545454545456,0,0.0,4,165.28925619834712,1,41.32231404958678,0,0.0,0,0.0,3,123.96694214876034,22,909.0909090909091,14,578.5123966942149,7,289.25619834710744,0,0.0
002350_Cartes_a_Joan_Sarda_1893.out.txt,CTILC,1893,NLIT,central,no,2962,106,357.86630654962863,2,6.75219446320054,18,60.769750168804855,0,0.0,23,77.65023632680621,1,3.37609723160027,58,195.81363943281565,24,81.02633355840648,1,3.37609723160027,74,249.83119513842,1,3.37609723160027,13,43.88926401080351,29,97.90681971640782,0,0.0,121,408.50776502363266,47,158.6765698852127,183,617.8257933828495,38,128.29169480081026,4,13.50438892640108
002520_Bases_pera_la_Constitucio_Regional_Catal.out.txt,CTILC,1893,NLIT,central,no,1303,54,414.4282425172678,0,0.0,11,84.4205679201842,0,0.0,25,191.8649270913277,16,122.79355333844973,0,0.0,0,0.0,98,752.1105141980046,0,0.0,0,0.0,28,214.88871834228704,22,168.8411358403684,2,15.349194167306216,88,675.3645433614736,11,84.4205679201842,28,214.88871834228704,9,69.07137375287797,1,7.674597083653108
003006_La_Montserrat.out.txt,CTILC,1893,LIT,central,no,74051,2020,272.78497251893964,3,0.40512619681030637,978,132.0711401601599,0,0.0,1214,163.94106764257066,600,81.02523936206128,16,2.1606730496549673,0,0.0,3104,419.1705716330637,0,0.0,22,2.97092544327558,953,128.695088520074,1339,180.8213258430001,19,2.565799246465274,3877,523.5580883445193,1068,144.2249260644691,3735,504.3821150288315,722,97.50037136568041,7,0.9452944592240482
003094_Set_contallas_del_temps_vell.out.txt,CTILC,1893,LIT,central,no,19098,675,353.44015080113104,6,3.1416902293433866,213,111.53000314169022,0,0.0,428,224.10723635982825,141,73.82972038956959,2,1.0472300764477958,0,0.0,676,353.9637658393549,1,0.5236150382238979,4,2.0944601528955915,201,105.24662268300347,307,160.7498167347366,4,2.0944601528955915,936,490.10367577756836,306,160.22620169651273,885,463.3993088281496,225,117.813383600377,0,0.0
003111_Versos_catalans.out.txt,CTILC,1893,LIT,central,no,21458,873,406.8412713207195,0,0.0,178,82.95274489700812,0,0.0,375,174.75999627178675,143,66.64181191164135,0,0.0,0,0.0,576,268.4313542734644,0,0.0,16,7.456426507596234,238,110.914344300494,296,137.94389039053033,0,0.0,1175,547.5813216515985,586,273.0916208407121,1002,466.9587100382142,147,68.5059185385404,1,0.4660266567247646
001647_De_la_fruicio_artistica.out.txt,CTILC,1894,NLIT,central,no,11839,380,320.9730551566856,6,5.0679956077371395,90,76.0199341160571,0,0.0,266,224.68113860967986,90,76.0199341160571,5,4.223329673114283,5,4.223329673114283,365,308.3030661373427,4,3.3786637384914266,64,54.058619815862826,39,32.94197145029141,192,162.17585944758846,7,5.912661542359996,20,16.893318692457132,1007,850.5785961652167,591,499.1975673621083,108,91.22392093926852,2,1.6893318692457133
001739_Institucions_de_Catalunya.out.txt,CTILC,1894,NLIT,central,no,66226,2630,397.12499622504754,34,5.133935312415063,483,72.9320810557787,0,0.0,1554,234.6510433968532,1019,153.86706127502794,10,1.5099809742397245,3,0.45299429227191734,2074,313.17005405731885,2,0.30199619484794493,452,68.25114003563554,713,107.66164346329236,1205,181.95270739588682,40,6.039923896958898,114,17.21378310633286,4659,703.5001358982877,2428,366.62338054540515,413,62.36221423610062,52,7.851901066046568
001784_Discurs.out.txt,CTILC,1894,NLIT,central,no,5185,162,312.4397299903568,0,0.0,53,102.21793635486982,0,0.0,100,192.86403085824494,55,106.07521697203472,1,1.9286403085824495,0,0.0,177,341.36933461909354,0,0.0,60,115.71841851494698,76,146.57666345226613,78,150.43394406943105,1,1.9286403085824495,10,19.286403085824496,351,676.9527483124398,243,468.6595949855352,44,84.86017357762778,0,0.0
001819_Monografia_de_la_casa_palau_y_museu_del_.out.txt,CTILC,1894,NLIT,central,no,6581,242,367.7252697158487,2,3.03905181583346,71,107.88633946208782,0,0.0,118,179.30405713417414,33,50.14435496125209,3,4.55857772375019,2,3.03905181583346,210,319.1004406625133,0,0.0,12,18.23431089500076,53,80.53487311958669,118,179.30405713417414,2,3.03905181583346,535,812.9463607354505,100,151.952590791673,231,351.01048472876465,61,92.69108038292053,6,9.11715544750038
001946_Datos_pera_la_historia_de_les_creus_de_p.out.txt,CTILC,1894,NLIT,central,no,16144,428,265.1139742319128,4,2.4777006937561943,133,82.38354806739345,0,0.0,288,178.394449950446,102,63.18136769078295,1,0.6194251734390486,0,0.0,522,323.33994053518336,1,0.6194251734390486,152,94.15262636273538,173,107.1605550049554,263,162.90882061446976,6,3.7165510406342914,20,12.388503468780971,1282,794.1030723488602,766,474.47968285431125,110,68.13676907829534,10,6.194251734390486
002351_Cartes_a_Joan_Sarda_1894.out.txt,CTILC,1894,NLIT,central,no,4913,188,382.65825361286386,2,4.0708324852432325,42,85.48748219010787,0,0.0,45,91.59373091797274,0,0.0,81,164.86871565235091,34,69.20415224913495,4,8.141664970486465,98,199.47079177691836,0,0.0,26,52.92082230816202,71,144.51455322613475,1,2.0354162426216162,218,443.7207408915123,83,168.93954813759413,314,639.1207001831875,83,168.93954813759413,19,38.672908609810705
002723_La_casamentera.out.txt,CTILC,1894,LIT,central,no,7692,137,178.1071242849714,0,0.0,59,76.7030681227249,0,0.0,66,85.8034321372855,9,11.700468018720748,0,0.0,0,0.0,402,522.6209048361934,1,1.3000520020800834,0,0.0,117,152.10608424336974,81,105.30421216848674,0,0.0,295,383.5153406136246,164,213.20852834113364,471,612.3244929797191,105,136.50546021840873,17,22.100884035361414
002772_Lo_quarto_dels_mals_endressos.out.txt,CTILC,1894,LIT,central,no,5589,134,239.75666487743783,0,0.0,37,66.20146716765073,0,0.0,67,119.87833243871891,6,10.735373054213634,2,3.5784576847378777,0,0.0,286,511.71944891751656,0,0.0,0,0.0,54,96.6183574879227,86,153.87368044372874,0,0.0,152,271.96278404007876,140,250.49203793165148,416,744.3191984254786,130,232.5997495079621,1,1.7892288423689389
003266_Roser_de_tot_l_any.out.txt,CTILC,1894,LIT,central,no,19661,322,163.77600325517523,29,14.750012715528202,112,56.965566349626165,0,0.0,284,144.44840038655207,109,55.439702965261176,2,1.0172422562433243,0,0.0,709,360.6123798382585,0,0.0,170,86.46559178068256,151,76.80179034637098,150,76.29316921824933,1,0.5086211281216622,72,36.62072122475968,1045,531.509078887137,934,475.0521336656325,143,72.7328213213977,24,12.206907074919892
001680_Lo_regionalisme_esplicat.out.txt,CTILC,1895,NLIT,central,no,8902,362,406.6501909683217,7,7.863401482812851,91,102.22421927656706,0,0.0,151,169.6248034149629,91,102.22421927656706,0,0.0,0,0.0,296,332.5095484160863,1,1.1233430689732644,0,0.0,133,149.40462817344417,144,161.76140193215008,5,5.616715344866321,418,469.55740283082457,246,276.34239496742305,414,465.0640305549315,56,62.907211862502805,1,1.1233430689732644
001761_Costums_tipicas_de_la_ciutat_de_Valls.out.txt,CTILC,1895,NLIT,central,no,7479,265,354.32544457815214,1,1.3370771493515177,50,66.85385746757588,0,0.0,128,171.14587511699426,103,137.71894638320632,1,1.3370771493515177,0,0.0,250,334.2692873378794,0,0.0,0,0.0,70,93.59540045460622,129,172.48295226634576,0,0.0,400,534.830859740607,270,361.01083032490976,286,382.404064714534,67,89.58416900655168,2,2.6741542987030353
001781_De_mas_excursions_en_Jaume_de_Ca_n_Valen.out.txt,CTILC,1895,NLIT,central,no,6460,257,397.8328173374613,0,0.0,87,134.6749226006192,0,0.0,101,156.34674922600618,26,40.24767801857585,2,3.0959752321981426,0,0.0,337,521.671826625387,4,6.191950464396285,3,4.643962848297213,86,133.12693498452012,95,147.05882352941177,1,1.5479876160990713,258,399.38080495356036,82,126.93498452012383,232,359.1331269349845,74,114.55108359133126,2,3.0959752321981426
001875_Miniatura_psicologica_de_sant_Lluis_Gonc.out.txt,CTILC,1895,NLIT,central,no,13194,427,323.6319539184478,2,1.5158405335758678,147,111.41427921782628,0,0.0,257,194.78550856449903,77,58.359860542670916,0,0.0,0,0.0,575,435.80415340306195,1,0.7579202667879339,117,88.67667121418827,90,68.21282401091405,194,147.03653175685918,9,6.8212824010914055,25,18.948006669698348,854,647.2639078368956,500,378.960133393967,95,72.00242534485372,0,0.0
002202_Biografia_del_mestre-compositor_Don_Ramo.out.txt,CTILC,1895,NLIT,central,no,5640,167,296.09929078014187,0,0.0,37,65.60283687943263,0,0.0,84,148.93617021276597,59,104.60992907801418,0,0.0,1,1.773049645390071,241,427.3049645390071,0,0.0,22,39.00709219858156,84,148.93617021276597,124,219.8581560283688,6,10.638297872340425,9,15.957446808510637,377,668.4397163120567,227,402.48226950354615,42,74.46808510638299,0,0.0
002220_Carta_a_Salvador_Bover_14XI1895.out.txt,CTILC,1895,NLIT,central,no,198,5,252.5252525252525,0,0.0,1,50.50505050505051,0,0.0,3,151.51515151515153,0,0.0,0,0.0,0,0.0,5,252.5252525252525,0,0.0,4,202.02020202020205,2,101.01010101010102,1,50.50505050505051,0,0.0,0,0.0,8,404.0404040404041,9,454.54545454545456,1,50.50505050505051,0,0.0
002221_Carta_a_Francesc_Matheu_27II1895.out.txt,CTILC,1895,NLIT,septentrional,no,299,12,401.33779264214047,0,0.0,2,66.88963210702342,2,66.88963210702342,4,133.77926421404683,2,66.88963210702342,0,0.0,0,0.0,8,267.55852842809367,0,0.0,0,0.0,8,267.55852842809367,4,133.77926421404683,0,0.0,13,434.7826086956522,11,367.8929765886288,9,301.0033444816054,3,100.33444816053512,0,0.0
002352_Carta_a_Joan_Sarda_31I1895.out.txt,CTILC,1895,NLIT,central,no,860,29,337.2093023255814,0,0.0,12,139.53488372093022,0,0.0,3,34.883720930232556,2,23.25581395348837,14,162.7906976744186,5,58.13953488372093,0,0.0,18,209.30232558139534,0,0.0,3,34.883720930232556,9,104.65116279069767,0,0.0,38,441.86046511627904,11,127.90697674418604,45,523.2558139534884,10,116.27906976744185,2,23.25581395348837
003031_L_estudiant_de_la_Garrotxa.out.txt,CTILC,1895,LIT,central,no,14065,360,255.95449697831498,1,0.7109847138286527,122,86.74013508709564,0,0.0,214,152.15072875933168,122,86.74013508709564,3,2.132954141485958,1,0.7109847138286527,637,452.89726270885177,0,0.0,0,0.0,145,103.09278350515464,321,228.2260931389975,8,5.6878777106292215,851,605.0479914681835,207,147.1738357625311,580,412.37113402061857,108,76.7863490934945,8,5.6878777106292215
003095_Coros.out.txt,CTILC,1895,LIT,baleàric,no,986,43,436.105476673428,0,0.0,0,0.0,6,60.851926977687626,11,111.56186612576064,3,30.425963488843813,7,70.99391480730223,1,10.141987829614605,51,517.2413793103448,1,10.141987829614605,1,10.141987829614605,5,50.70993914807302,17,172.41379310344828,0,0.0,26,263.6916835699797,45,456.3894523326572,60,608.5192697768763,9,91.27789046653145,0,0.0
003096_Glosats.out.txt,CTILC,1895,LIT,baleàric,no,2011,115,571.8547986076579,0,0.0,3,14.917951268025858,32,159.12481352560914,7,34.808552958727,3,14.917951268025858,10,49.72650422675286,2,9.945300845350571,107,532.0735952262555,0,0.0,0,0.0,10,49.72650422675286,30,149.17951268025857,0,0.0,85,422.67528592739933,145,721.0343112879164,89,442.5658876181005,24,119.34361014420686,3,14.917951268025858
003097_Un_bon_homo.out.txt,CTILC,1895,LIT,baleàric,no,1217,47,386.19556285949056,0,0.0,0,0.0,6,49.30156121610518,8,65.7354149548069,0,0.0,3,24.65078060805259,0,0.0,79,649.1372226787181,0,0.0,0,0.0,22,180.77239112571897,14,115.03697617091208,0,0.0,29,238.290879211175,36,295.8093672966311,94,772.3911257189811,13,106.82004930156123,0,0.0
003098_Cansons_de_fandango.out.txt,CTILC,1895,LIT,baleàric,no,1237,61,493.1285367825384,0,0.0,0,0.0,10,80.84074373484236,8,64.67259498787388,1,8.084074373484235,1,8.084074373484235,0,0.0,76,614.3896523848019,1,8.084074373484235,0,0.0,3,24.25222312045271,15,121.26111560226353,0,0.0,52,420.3718674211803,42,339.53112368633793,68,549.717057396928,16,129.34518997574776,4,32.33629749393694
003099_Carta_d_un_mahones.out.txt,CTILC,1895,LIT,baleàric,no,2025,74,365.43209876543216,0,0.0,0,0.0,9,44.44444444444444,20,98.76543209876543,1,4.938271604938271,6,29.62962962962963,5,24.691358024691358,104,513.5802469135803,1,4.938271604938271,0,0.0,8,39.50617283950617,27,133.33333333333334,0,0.0,77,380.24691358024694,117,577.7777777777777,130,641.9753086419754,34,167.90123456790124,0,0.0
003100_Vots.out.txt,CTILC,1895,LIT,baleàric,no,1990,51,256.2814070351759,1,5.025125628140704,0,0.0,15,75.37688442211055,13,65.32663316582915,6,30.15075376884422,19,95.47738693467338,2,10.050251256281408,108,542.713567839196,2,10.050251256281408,0,0.0,25,125.62814070351759,41,206.03015075376885,0,0.0,56,281.4070351758794,102,512.5628140703518,116,582.9145728643216,28,140.7035175879397,0,0.0
003101_En_Jordi_Busques.out.txt,CTILC,1895,LIT,baleàric,no,1121,38,338.9830508474576,0,0.0,0,0.0,16,142.72970561998216,10,89.20606601248885,0,0.0,1,8.920606601248885,0,0.0,73,651.2042818911685,4,35.68242640499554,0,0.0,4,35.68242640499554,24,214.09455842997323,0,0.0,37,330.06244424620877,74,660.1248884924175,70,624.442462087422,14,124.88849241748439,1,8.920606601248885
003102_Clases_pasivas.out.txt,CTILC,1895,LIT,baleàric,no,2885,129,447.1403812824957,1,3.466204506065858,0,0.0,30,103.98613518197574,15,51.99306759098787,4,13.864818024263432,14,48.526863084922006,2,6.932409012131716,155,537.261698440208,3,10.398613518197573,0,0.0,48,166.37781629116117,50,173.3102253032929,0,0.0,132,457.5389948006933,138,478.3362218370884,140,485.26863084922013,20,69.32409012131716,0,0.0
003116_Poesies.out.txt,CTILC,1895,LIT,central,no,4378,0,0.0,189,431.7039744175422,0,0.0,10,22.841480127912288,8,18.273184102329832,0,0.0,70,159.89036089538604,59,134.7647327546825,0,0.0,37,84.51347647327547,54,123.34399269072635,45,102.7866605756053,33,75.37688442211055,1,2.284148012791229,8,18.273184102329832,349,797.1676564641389,122,278.66605756052996,0,0.0,22,50.25125628140704
001776_Analisis_fonologich-ortografich_de_la_ll.out.txt,CTILC,1896,NLIT,central,no,15641,499,319.03330989067194,34,21.73774055367304,139,88.86899814589859,0,0.0,196,125.31168083882105,78,49.86893421136756,148,94.62310593951794,43,27.491848347292372,370,236.55776484879485,0,0.0,53,33.88530145131386,50,31.96726552010741,184,117.63953711399526,7,4.475417172815037,42,26.852503036890223,1296,828.5915222811841,464,296.65622402659676,192,122.75429959721247,36,23.016431174477333
001800_La_Republica_d_Andorra_guia_itineraria.out.txt,CTILC,1896,NLIT,central,no,38819,1400,360.64813622195317,10,2.5760581158710942,213,54.870037868054304,0,0.0,839,216.13127592158477,289,74.44807954867461,4,1.0304232463484377,0,0.0,1379,355.2384141786238,1,0.25760581158710943,61,15.713954506813675,427,109.99768154769572,701,180.5816739225637,10,2.5760581158710942,1532,394.6521033514516,783,201.70535047270667,1687,434.58100414745354,284,73.16005049073907,21,5.409722043329297
001823_Discurs.out.txt,CTILC,1896,NLIT,central,no,2051,60,292.54022428083863,0,0.0,0,0.0,5,24.378352023403217,10,48.75670404680643,0,0.0,30,146.27011214041931,26,126.76743052169674,62,302.29156509019987,0,0.0,17,82.88639687957094,22,107.26474890297415,21,102.38907849829351,0,0.0,188,916.626036079961,43,209.65382740126768,47,229.15650901999024,1,4.875670404680643,9,43.88103364212579
001870_Catalunya_trilingue.out.txt,CTILC,1896,NLIT,central,no,7811,1,1.2802458071949814,275,352.06759697861986,0,0.0,16,20.483932915119702,16,20.483932915119702,6,7.681474843169889,167,213.8010498015619,76,97.29868134681858,4,5.1209832287799255,130,166.4319549353476,65,83.2159774676738,99,126.74433491230316,109,139.546792984253,3,3.8407374215849446,15,19.203687107924722,499,638.8426577902957,131,167.71220074254256,0,0.0,55,70.41351939572398
002725_Matrimonis_a_Montserrat.out.txt,CTILC,1896,LIT,central,no,13072,270,206.54834761321908,3,2.294981640146879,99,75.734394124847,0,0.0,128,97.91921664626682,50,38.24969400244798,3,2.294981640146879,2,1.529987760097919,770,589.045287637699,0,0.0,0,0.0,191,146.1138310893513,164,125.45899632802937,0,0.0,293,224.14320685434515,257,196.6034271725826,798,610.4651162790698,139,106.33414932680537,50,38.24969400244798
003054_La_pubilleta_del_Molins.out.txt,CTILC,1896,LIT,central,no,17531,581,331.41292567451944,1,0.5704181164793793,149,84.99229935542753,0,0.0,299,170.55501682733444,131,74.7247732587987,1,0.5704181164793793,0,0.0,820,467.74285551309106,0,0.0,0,0.0,189,107.8090240146027,311,177.40003422508698,0,0.0,729,415.83480691346756,250,142.60452911984484,973,555.0168273344361,139,79.28811819063374,0,0.0
003106_Musica_vella.out.txt,CTILC,1896,LIT,central,no,8178,310,379.0657862558083,0,0.0,69,84.37270726338959,0,0.0,159,194.42406456346296,23,28.124235754463196,45,55.02567865003668,5,6.11396429444852,119,145.5123502078748,137,167.52262166788947,69,84.37270726338959,98,119.833700171191,135,165.07703595011003,0,0.0,338,413.30398630471996,57,69.69919295671313,366,447.5421863536317,99,121.0564930300807,0,0.0
003199_Flors_del_Calvari.out.txt,CTILC,1896,LIT,central,no,13389,258,192.69549630293525,21,15.68451714093659,100,74.6881768616028,0,0.0,216,161.32646202106207,102,76.18194039883487,1,0.7468817686160281,0,0.0,475,354.76884009261335,4,2.9875270744641123,147,109.79161998655613,110,82.15699454776309,106,79.16946747329897,0,0.0,76,56.76301441481814,937,699.8282171932183,611,456.3447606243932,82,61.244305026514304,19,14.190753603704534
003296_La_llengua_catalana.out.txt,CTILC,1896,LIT,central,no,9260,461,497.8401727861771,5,5.399568034557236,100,107.9913606911447,0,0.0,118,127.42980561555076,84,90.71274298056156,1,1.079913606911447,1,1.079913606911447,268,289.4168466522678,139,150.10799136069113,3,3.239740820734341,172,185.74514038876887,154,166.30669546436286,2,2.159827213822894,599,646.8682505399569,199,214.902807775378,406,438.4449244060475,63,68.03455723542116,1,1.079913606911447
002724_13.out.txt,CTILC,1897,LIT,central,no,5377,110,204.5750418448949,1,1.859773107680863,34,63.23228566114934,0,0.0,52,96.70820159940489,16,29.756369722893808,8,14.878184861446904,0,0.0,1,1.859773107680863,93,172.95889901432025,0,0.0,57,106.0070671378092,70,130.1841175376604,2,3.719546215361726,167,310.58210898270414,63,117.16570578389437,377,701.1344615956854,53,98.56797470708574,1,1.859773107680863
003129_Un_sarauista.out.txt,CTILC,1897,LIT,central,no,2487,78,313.63088057901086,0,0.0,46,184.96180136710896,0,0.0,44,176.91998391636508,21,84.43908323281062,0,0.0,0,0.0,75,301.56815440289506,0,0.0,0,0.0,16,64.33453960595094,46,184.96180136710896,0,0.0,96,386.0072376357056,25,100.52271813429836,108,434.2581423401689,31,124.64817048652996,0,0.0
003145_Africa.out.txt,CTILC,1897,LIT,central,no,20375,437,214.47852760736197,0,0.0,186,91.28834355828222,0,0.0,224,109.93865030674847,51,25.030674846625768,15,7.361963190184049,1,0.49079754601226994,876,429.93865030674846,1,0.49079754601226994,1,0.49079754601226994,159,78.03680981595092,187,91.77914110429447,0,0.0,433,212.5153374233129,370,181.5950920245399,1273,624.7852760736197,236,115.8282208588957,1,0.49079754601226994
003159_La_fada.out.txt,CTILC,1897,LIT,central,no,4357,0,0.0,155,355.74936883176497,0,0.0,11,25.246729400963964,17,39.017672710580676,3,6.885471654808355,84,192.7932063346339,24,55.08377323846684,0,0.0,62,142.299747532706,54,123.93848978655038,68,156.0706908423227,36,82.62565985770026,0,0.0,20,45.90314436538903,272,624.2827633692908,209,479.6878586183154,0,0.0,55,126.23364700481983
001679_Lleuger_estudi_o_petites_observacions_so.out.txt,CTILC,1898,NLIT,central,no,36000,1595,443.05555555555554,0,0.0,365,101.38888888888889,0,0.0,611,169.72222222222223,502,139.44444444444446,2,0.5555555555555556,0,0.0,1538,427.22222222222223,0,0.0,64,17.77777777777778,259,71.94444444444444,602,167.22222222222223,23,6.388888888888889,49,13.61111111111111,3017,838.0555555555555,1729,480.2777777777778,169,46.94444444444445,7,1.9444444444444444
001793_Un_descobriment_espeleologich.out.txt,CTILC,1898,NLIT,central,no,10337,384,371.48108735609947,0,0.0,89,86.09848118409596,0,0.0,100,96.73986649898423,39,37.72854793460385,59,57.076521234400694,26,25.152365289735897,0,0.0,138,133.50101576859822,50,48.369933249492114,94,90.93547450904518,166,160.58817838831382,2,1.9347973299796846,36,34.82635193963433,822,795.2017026216504,497,480.79713649995165,127,122.85963045370997,5,4.836993324949212
001794_Excursio_espeleologica_a_la_Banco_les_Ba.out.txt,CTILC,1898,NLIT,central,no,6433,225,349.7590548733095,0,0.0,62,96.37805067620084,0,0.0,25,38.8621172081455,1,1.55448468832582,78,121.24980568941396,34,52.85247940307788,0,0.0,132,205.19197885900823,53,82.38768848126846,61,94.82356598787501,96,149.23053007927874,2,3.10896937665164,13,20.20830094823566,480,746.1526503963936,266,413.4929270946681,49,76.16974972796518,0,0.0
001821_Don_Marian_Aguilo.out.txt,CTILC,1898,NLIT,baleàric,no,8344,386,462.60786193672095,4,4.793863854266538,59,70.70949185043145,0,0.0,62,74.30488974113136,39,46.740172579098754,94,112.65580057526367,13,15.580057526366252,202,242.09012464046023,5,5.992329817833174,71,85.09108341323106,77,92.28187919463087,106,127.03739213806327,0,0.0,10,11.984659635666349,556,666.347075743049,308,369.1275167785235,79,94.67881112176416,5,5.992329817833174
001927_Les_gargoles_de_Barcelona.out.txt,CTILC,1898,NLIT,central,no,25684,792,308.36318330478116,2,0.778694907335306,288,112.13206665628407,2,0.778694907335306,419,163.1365830867466,256,99.67294813891917,12,4.672169444011836,2,0.778694907335306,1026,399.470487463012,0,0.0,180,70.08254166017754,163,63.463634947827444,292,113.68945647095468,6,2.336084722005918,24,9.344338888023673,2575,1002.5696931942066,1134,441.5200124591185,200,77.8694907335306,26,10.12303379535898
002222_Carta_a_Francesc_Matheu_29XII1898.out.txt,CTILC,1898,NLIT,septentrional,no,276,7,253.62318840579712,1,36.231884057971016,0,0.0,2,72.46376811594203,5,181.1594202898551,1,36.231884057971016,0,0.0,0,0.0,7,253.62318840579712,4,144.92753623188406,0,0.0,11,398.5507246376811,12,434.7826086956522,0,0.0,4,144.92753623188406,13,471.0144927536232,23,833.3333333333333,5,181.1594202898551,1,36.231884057971016
002722_Passions_funestas.out.txt,CTILC,1898,LIT,central,no,18441,456,247.27509354156498,0,0.0,115,62.361043327368364,0,0.0,118,63.98785315329971,3,1.6268098259313488,109,59.107423675505665,43,23.317607505015996,953,516.7832547041917,0,0.0,1,0.5422699419771162,147,79.71368147063609,202,109.53852827937747,0,0.0,564,305.84024727509353,502,272.21951087251233,1293,701.1550349764113,318,172.44184154872295,0,0.0
003021_Recorts_de_la_darrera_carlinada.out.txt,CTILC,1898,LIT,central,no,36604,1234,337.12162605179765,0,0.0,412,112.5560048082177,1,0.2731941864277128,476,130.0404327395913,224,61.195497759807665,6,1.639165118566277,1,0.2731941864277128,1604,438.2034750300513,1,0.2731941864277128,1,0.2731941864277128,335,91.52005245328378,644,175.93705605944706,1,0.2731941864277128,1941,530.2699158561906,505,137.96306414599496,1558,425.6365424543766,360,98.34990711397661,4,1.0927767457108513
003042_La_bogeria.out.txt,CTILC,1898,LIT,central,no,30036,950,316.2871221201225,1,0.3329338127580237,351,116.85976827806631,0,0.0,169,56.265814356106006,68,22.63949926754561,284,94.55320282327872,91,30.296976960980157,1254,417.49900119856176,1,0.3329338127580237,0,0.0,241,80.23704887468371,433,144.16034092422427,7,2.330536689306166,1097,365.228392595552,375,124.85017978425888,1601,533.027034225596,258,85.89692369157012,3,0.9988014382740711
003058_La_dama_negra.out.txt,CTILC,1898,LIT,central,no,17704,453,255.87437867148665,0,0.0,84,47.44690465431541,43,24.28829643018527,78,44.057840036150026,7,3.953908721192951,160,90.3750564844103,101,57.049254405784005,648,366.0189787618617,1,0.5648441030275644,4,2.2593764121102575,145,81.90239493899684,272,153.6375960234975,0,0.0,888,501.5815634884772,386,218.02982376863986,792,447.356529597831,81,45.752372345232715,14,7.907817442385902
003139_Hamlet_princep_de_Dinamarca.out.txt,CTILC,1898,LIT,central,sí,37290,1315,352.64145883614907,53,14.212925717350497,356,95.46795387503353,0,0.0,75,20.11263073209976,14,3.7543577366586214,537,144.00643604183426,191,51.22016626441405,1327,355.85947975328503,2,0.5363368195226602,24,6.436041834271923,384,102.97666934835077,550,147.49262536873155,8,2.145347278090641,234,62.75140788415125,2124,569.5897023330651,2312,620.0053633681953,49,13.140252078305174,422,113.16706891928132
003166_Lluny_dels_ulls_aprop_del_cor.out.txt,CTILC,1898,LIT,central,no,9096,250,274.84608619173264,0,0.0,55,60.466138962181184,1,1.0993843447669305,38,41.77660510114336,1,1.0993843447669305,93,102.24274406332454,31,34.08091468777484,394,433.1574318381706,0,0.0,1,1.0993843447669305,137,150.61565523306948,75,82.45382585751979,0,0.0,216,237.46701846965698,182,200.08795074758137,572,628.8478452066843,107,117.63412489006156,0,0.0
003193_Deunos_aygua_magestat.out.txt,CTILC,1898,LIT,central,no,3505,155,442.22539229671895,0,0.0,42,119.82881597717547,0,0.0,36,102.71041369472182,40,114.12268188302426,0,0.0,0,0.0,101,288.1597717546362,0,0.0,40,114.12268188302426,16,45.6490727532097,43,122.68188302425106,0,0.0,3,8.559201141226819,310,884.4507845934379,156,445.0784593437946,21,59.91440798858773,0,0.0
003197_Lluhernas.out.txt,CTILC,1898,LIT,central,no,14027,475,338.6326370571042,1,0.7129108148570614,136,96.95587082056034,2,1.4258216297141229,25,17.822770371426532,3,2.1387324445711844,341,243.10258786625795,159,113.35281956227276,470,335.06808298281885,0,0.0,2,1.4258216297141229,95,67.72652741142083,149,106.22371141370215,0,0.0,607,432.73686461823627,255,181.79225778855064,651,464.104940471947,136,96.95587082056034,2,1.4258216297141229
001718_Lo_sant_jubileu_de_1900_dialechs_dolsos_.out.txt,CTILC,1899,NLIT,central,no,8141,285,350.0798427711584,1,1.2283503255128363,66,81.0711214838472,0,0.0,161,197.76440240756665,55,67.55926790320599,12,14.740203906154035,0,0.0,317,389.38705318756905,0,0.0,0,0.0,120,147.40203906154036,145,178.11079719936126,1,1.2283503255128363,423,519.5921876919298,211,259.18191868320844,461,566.2695000614175,74,90.89792408794989,0,0.0
001719_Sermo_predicat_a_la_festa_que_la_capella.out.txt,CTILC,1899,NLIT,baleàric,no,2887,87,301.35088326983026,0,0.0,27,93.52268791132663,0,0.0,17,58.88465535157603,6,20.782819535850365,53,183.58157256667823,19,65.81226186352616,59,204.36439210252857,1,3.4638032559750607,16,55.42085209560097,19,65.81226186352616,35,121.23311395912712,1,3.4638032559750607,0,0.0,262,907.5164530654658,130,450.29442327675787,18,62.34845860755109,0,0.0
001720_Carta_pastoral.out.txt,CTILC,1899,NLIT,baleàric,no,1672,107,639.9521531100479,0,0.0,11,65.78947368421052,0,0.0,9,53.82775119617225,7,41.866028708133975,19,113.63636363636364,23,137.5598086124402,42,251.19617224880383,0,0.0,1,5.980861244019138,19,113.63636363636364,37,221.29186602870814,0,0.0,3,17.942583732057418,126,753.5885167464115,48,287.0813397129187,4,23.923444976076553,0,0.0
001780_Noticia_historica_del_monestir_d_Alguayr.out.txt,CTILC,1899,NLIT,central,no,12651,485,383.36890364398073,2,1.5809026954390957,79,62.44565646984428,0,0.0,363,286.9338392221959,109,86.15919690143073,4,3.1618053908781913,1,0.7904513477195478,290,229.23089083866887,228,180.22290728005692,56,44.265275472294675,278,219.7454746660343,189,149.39530471899454,13,10.275867520354122,12,9.485416172634574,725,573.0772270966722,384,303.53331752430637,96,75.88332938107659,9,7.114062129475931
001785_En_Marian_Aguilo.out.txt,CTILC,1899,NLIT,central,no,5589,248,443.72875290749687,0,0.0,67,119.87833243871891,0,0.0,81,144.92753623188406,37,66.20146716765073,4,7.1569153694757555,2,3.5784576847378777,174,311.3258185721954,0,0.0,44,78.72606906423331,80,143.13830738951512,60,107.35373054213635,0,0.0,8,14.313830738951511,342,611.9162640901772,217,388.26265879405975,43,76.93684022186437,0,0.0
001795_Recorts_d_una_exploracio_entomologica_en.out.txt,CTILC,1899,NLIT,central,no,7003,266,379.8372126231615,0,0.0,60,85.6775667571041,0,0.0,136,194.20248464943595,72,102.81308010852491,2,2.8559188919034697,0,0.0,278,396.9727259745823,0,0.0,0,0.0,71,101.38512066257317,116,165.64329573040126,1,1.4279594459517349,438,625.4462373268599,135,192.77452520348422,380,542.6245894616593,74,105.66899900042839,15,21.419391689276026
001822_Parlament_fet_a_la_festa_dels_Jochs_Flor.out.txt,CTILC,1899,NLIT,central,no,6617,255,385.3710140547076,2,3.022517757291824,48,72.54042617500377,0,0.0,117,176.8172888015717,66,99.74308599063019,0,0.0,0,0.0,168,253.89149161251322,1,1.511258878645912,15,22.66888317968868,68,102.76560374792201,78,117.87819253438114,2,3.022517757291824,10,15.11258878645912,474,716.3367084781623,328,495.69291219585915,70,105.78812150521384,2,3.022517757291824
001824_Discurs_pronunciat_en_la_solemne_festa_d.out.txt,CTILC,1899,NLIT,central,no,3954,175,442.5897824987354,2,5.058168942842691,36,91.04704097116844,0,0.0,74,187.15225088517954,29,73.34344967121902,0,0.0,0,0.0,107,270.612038442084,0,0.0,21,53.110773899848255,56,141.62873039959536,53,134.04147698533131,1,2.5290844714213456,6,15.174506828528074,325,821.9524532119373,189,477.9969650986343,30,75.87253414264036,0,0.0
001890_Problemes_d_escachs_d_autors_catalans_co.out.txt,CTILC,1899,NLIT,central,no,3538,146,412.66252119841715,0,0.0,13,36.74392312040701,0,0.0,75,211.98417184850197,29,81.9672131147541,0,0.0,0,0.0,102,288.2984737139627,1,2.8264556246466928,2,5.6529112492933855,35,98.92594686263426,53,149.80214810627473,6,16.958733747880157,24,67.83493499152063,314,887.5070661390616,206,582.2498586772188,38,107.40531373657434,7,19.78518937252685
002223_Carta_a_Francesc_Matheu_5VII1899.out.txt,CTILC,1899,NLIT,central,no,920,20,217.3913043478261,1,10.869565217391305,6,65.21739130434783,0,0.0,7,76.08695652173914,0,0.0,17,184.7826086956522,5,54.34782608695652,13,141.30434782608697,11,119.56521739130436,0,0.0,10,108.69565217391305,5,54.34782608695652,0,0.0,36,391.304347826087,30,326.0869565217391,34,369.5652173913044,15,163.04347826086956,3,32.608695652173914
003114_Llibre_d_horas.out.txt,CTILC,1899,LIT,central,no,2028,91,448.71794871794873,0,0.0,9,44.37869822485207,0,0.0,5,24.65483234714004,0,0.0,64,315.5818540433925,22,108.48126232741618,46,226.82445759368838,0,0.0,1,4.930966469428008,15,73.96449704142012,26,128.2051282051282,0,0.0,117,576.9230769230769,42,207.10059171597635,78,384.61538461538464,14,69.0335305719921,3,14.792899408284024
003368_Lo_pinxo_de_la_Bordeta.out.txt,CTILC,1899,LIT,central,no,5223,137,262.30135937200845,0,0.0,39,74.66973004020677,0,0.0,21,40.20677771395749,4,7.658433850277619,60,114.87650775416428,10,19.146084625694044,177,338.88569787478457,0,0.0,0,0.0,38,72.75512157763737,54,103.38885697874785,0,0.0,193,369.51943327589504,127,243.15527474631438,318,608.8454910970706,77,147.42485161784415,0,0.0
001664_Discurs-prolec.out.txt,CTILC,1900,NLIT,central,no,12182,470,385.8151370875062,2,1.6417665407978985,87,71.41684452470858,0,0.0,49,40.22328024954851,12,9.850599244787391,197,161.71400426859302,110,90.29715974388442,287,235.59349860449845,3,2.462649811196848,41,33.65621408635692,129,105.89394188146444,144,118.2071909374487,1,0.8208832703989493,57,46.79034641274011,819,672.3033984567395,383,314.39829256279756,3,2.462649811196848,141,115.74454112625185
001749_Caracteristica_de_la_propietat_catalana.out.txt,CTILC,1900,NLIT,central,no,7103,228,320.9911305082359,0,0.0,71,99.95776432493314,0,0.0,29,40.82781923131071,0,0.0,110,154.86414191186822,77,108.40489933830774,85,119.66774602280726,0,0.0,34,47.8670984091229,66,92.91848514712095,113,159.08770941855553,3,4.223567506687315,8,11.262846684499507,506,712.3750527945938,304,427.9881740109813,35,49.27495424468535,1,1.4078558355624384
001771_Cosas_de_Reus.out.txt,CTILC,1900,NLIT,central,no,27392,967,353.0227803738318,0,0.0,231,84.33119158878505,0,0.0,456,166.47196261682242,369,134.71086448598132,23,8.39661214953271,4,1.4602803738317756,1181,431.1477803738318,12,4.380841121495327,1,0.3650700934579439,391,142.74240654205607,451,164.64661214953273,0,0.0,1378,503.06658878504675,392,143.10747663551402,1146,418.37032710280374,237,86.5216121495327,3,1.0952102803738317
001802_Tresor_liturgich.out.txt,CTILC,1900,NLIT,central,no,29060,1030,354.4390915347557,1,0.3441156228492774,321,110.46111493461804,0,0.0,780,268.41018582243635,341,117.34342739160358,5,1.7205781142463867,0,0.0,1075,369.9242945629731,2,0.6882312456985548,2,0.6882312456985548,148,50.92911218169305,470,161.73434273916035,8,2.752924982794219,130,44.73503097040606,1905,655.5402615278734,1034,355.81555402615277,157,54.02615278733654,117,40.261527873365445
001816_La_bona_mort.out.txt,CTILC,1900,NLIT,central,no,15393,675,438.5110114987332,1,0.6496459429610861,160,103.9433508737738,0,0.0,211,137.07529396478918,125,81.20574287013578,0,0.0,0,0.0,701,455.40180601572143,1,0.6496459429610861,0,0.0,119,77.30786721236926,256,166.30936139803805,4,2.5985837718443445,40,25.98583771844345,870,565.191970376145,641,416.4230494380563,127,82.50503475605795,4,2.5985837718443445
001843_Breu_compendi_de_la_historia_de_la_liter.out.txt,CTILC,1900,NLIT,central,no,9081,395,434.97412179275415,7,7.708402158352604,62,68.27441911683735,0,0.0,195,214.73406012553684,96,105.71522960026428,1,1.1012003083360864,1,1.1012003083360864,360,396.4321110009911,2,2.202400616672173,78,85.89362405021473,90,99.10802775024777,97,106.81642990860038,3,3.3036009250082587,42,46.25041295011563,644,709.1729985684397,374,411.8489153176963,86,94.70322651690343,9,9.910802775024777
001847_El_Estudi_General_o_Universitat_literari.out.txt,CTILC,1900,NLIT,central,no,38938,1493,383.43006831372946,6,1.5409111921516256,279,71.6523704350506,0,0.0,156,40.063690995942274,140,35.95459448353793,745,191.32980635882683,451,115.82515794339719,1451,372.6436899686682,0,0.0,1,0.25681853202527094,530,136.1138219733936,566,145.35928912630337,7,1.7977297241768966,2162,555.2416662386357,705,181.05706507781602,1431,367.5073193281627,291,74.73419281935384,9,2.3113667882274385
001872_Ciutats_focenses_del_litoral_coseta.out.txt,CTILC,1900,NLIT,central,no,13402,586,437.2481719146396,1,0.7461572899567229,132,98.49276227428741,0,0.0,153,114.16206536337859,110,82.07730189523951,2,1.4923145799134458,1,0.7461572899567229,329,245.48574839576182,164,122.36979555290254,144,107.4466497537681,163,121.62363826294582,222,165.64691837039246,5,3.7307864497836145,1137,848.380838680794,279,208.17788389792565,574,428.29428443515894,143,106.70049246381137,6,4.476943739740337
001891_Heribert_Mariezcurrena_y_la_introduccio_.out.txt,CTILC,1900,NLIT,central,no,5234,161,307.60412686282,1,1.9105846388995031,45,85.97630875047766,0,0.0,17,32.47993886129156,2,3.8211692777990063,112,213.98547955674437,57,108.90332441727168,150,286.5876958349255,64,122.2774168895682,0,0.0,69,131.8303400840657,87,166.2208635842568,2,3.8211692777990063,254,485.2884982804738,105,200.61138708444784,253,483.3779136415743,51,97.43981658387466,7,13.374092472296523
001923_El_dibuixant_paisista_Lluis_Rigalt.out.txt,CTILC,1900,NLIT,central,no,6496,210,323.2758620689655,0,0.0,65,100.0615763546798,0,0.0,16,24.63054187192118,2,3.0788177339901477,101,155.48029556650246,74,113.91625615763547,2,3.0788177339901477,84,129.3103448275862,52,80.04926108374384,86,132.38916256157634,125,192.42610837438426,1,1.5394088669950738,10,15.39408866995074,513,789.7167487684729,224,344.82758620689657,53,81.58866995073892,3,4.6182266009852215
002098_Joan_Sarda_estudi_necrologich.out.txt,CTILC,1900,NLIT,central,no,2982,1,3.35345405767941,132,442.65593561368206,0,0.0,14,46.948356807511736,15,50.30181086519114,3,10.06036217303823,47,157.61234071093227,10,33.5345405767941,1,3.35345405767941,58,194.50033534540577,28,93.89671361502347,35,117.37089201877933,48,160.9657947686117,2,6.70690811535882,9,30.181086519114686,145,486.2508383635144,63,211.26760563380282,2,6.70690811535882,25,83.83635144198524
002099_Don_Jeroni_Rossello.out.txt,CTILC,1900,NLIT,baleàric,no,6040,222,367.54966887417214,0,0.0,0,0.0,52,86.09271523178808,44,72.8476821192053,7,11.589403973509935,170,281.4569536423841,103,170.5298013245033,59,97.68211920529801,0,0.0,47,77.81456953642383,59,97.68211920529801,119,197.0198675496689,2,3.3112582781456954,9,14.90066225165563,417,690.3973509933775,155,256.6225165562914,1,1.6556291390728477,53,87.74834437086093
002976_Lo_comte_l_Arnau.out.txt,CTILC,1900,LIT,central,no,24889,882,354.37341797581263,0,0.0,273,109.68701032584676,0,0.0,397,159.50821648117645,122,49.01763831411466,2,0.8035678412149946,0,0.0,820,329.4628148981478,29,11.651733697617422,23,9.241030173972439,169,67.90148258266704,254,102.05311583430431,0,0.0,624,250.7131664590783,620,249.10603077664834,1522,611.5151271646109,224,89.99959821607939,0,0.0
003148_Lladres.out.txt,CTILC,1900,LIT,central,no,4567,0,0.0,93,203.63477118458508,0,0.0,20,43.79242391066345,6,13.137727173199037,2,4.379242391066346,53,116.04992336325816,56,122.61878694985768,1,2.189621195533173,22,48.1716663017298,41,89.7744690168601,37,81.0159842347274,43,94.15371140792644,0,0.0,31,67.87825706152836,139,304.357346179111,210,459.82045106196625,0,0.0,44,96.3433326034596
003162_Els_sepulcres_blancs.out.txt,CTILC,1900,LIT,central,no,14948,0,0.0,447,299.03666042279906,0,0.0,82,54.85683703505485,106,70.91249665507091,5,3.344929087503345,183,122.42440460262242,66,44.15306395504415,0,0.0,120,80.27829810008028,109,72.91945410757292,89,59.539737757559536,208,139.14905004013914,3,2.006957452502007,98,65.56061011506556,502,335.83088038533583,567,379.3149585228793,0,0.0,149,99.67888680759968
003198_Visions__Cants.out.txt,CTILC,1900,LIT,central,no,6518,0,0.0,256,392.7585148818656,0,0.0,13,19.944768333844735,18,27.615833077631176,2,3.068425897514575,104,159.55814667075788,77,118.13439705431114,0,0.0,41,62.902730899048784,86,131.94231359312673,78,119.66861000306842,67,102.79226756673826,0,0.0,38,58.30009205277692,275,421.90856090825406,233,357.471617060448,0,0.0,26,39.88953666768947
003282_Del_agre_dols.out.txt,CTILC,1900,LIT,valencià,no,8707,338,388.19340760307796,0,0.0,22,25.26702653037786,0,0.0,116,133.22613988744686,12,13.782014471115193,101,115.99862179855289,51,58.57356150223958,282,323.8773400712071,4,4.594004823705065,0,0.0,79,90.73159526817504,48,55.12805788446077,0,0.0,22,25.26702653037786,594,682.2097163202022,394,452.5094751349489,181,207.8787182726542,0,0.0
003307_Mestre_Fornari.out.txt,CTILC,1900,LIT,baleàric,no,5724,155,270.7896575821104,0,0.0,37,64.64011180992313,0,0.0,31,54.15793151642208,6,10.482180293501049,154,269.0426275331936,31,54.15793151642208,154,269.0426275331936,0,0.0,0,0.0,74,129.28022361984625,75,131.0272536687631,0,0.0,19,33.193570929419984,216,377.35849056603774,324,566.0377358490566,97,169.4619147449336,0,0.0
003308_L_apotecari_de_Malgrat.out.txt,CTILC,1900,LIT,central,no,4883,126,258.03809133729266,0,0.0,35,71.6772475936924,0,0.0,39,79.86893303297153,13,26.62297767765718,30,61.43764079459349,16,32.76674175711653,174,356.33831660864223,0,0.0,0,0.0,62,126.97112430882655,28,57.34179807495392,0,0.0,118,241.65472045873437,137,280.56522629531025,309,632.807700184313,66,135.16280974810567,1,2.047921359819783
003337_La_filla_del_mar.out.txt,CTILC,1900,LIT,central,no,24936,792,317.61308950914344,0,0.0,203,81.4084055181264,1,0.40102662816811036,81,32.483156881616935,16,6.416426050689766,140,56.14372794353545,33,13.23387872954764,1588,636.8302855309591,0,0.0,0,0.0,147,58.950914340712224,275,110.28232274623035,0,0.0,879,352.502406159769,538,215.75232595444336,1745,699.7914661533526,201,80.60635226179018,1,0.40102662816811036
001750_Regionalisme_y_particularisme.out.txt,CTILC,1901,NLIT,central,no,16294,539,330.7966122499079,2,1.2274456855284155,112,68.73695838959127,0,0.0,340,208.6657665398306,147,90.21725788633852,7,4.296059899349454,3,1.841168528292623,527,323.4319381367375,0,0.0,0,0.0,134,82.23886093040382,245,150.3620964772309,0,0.0,787,482.99987725543144,429,263.2870995458451,778,477.4763716705536,144,88.3760893580459,21,12.888179698048361
001762_Justificacio_del_regionalisme.out.txt,CTILC,1901,NLIT,central,no,10996,469,426.5187340851219,1,0.9094216078574027,91,82.75736631502365,0,0.0,120,109.13059294288833,103,93.67042560931249,41,37.28628592215351,52,47.289923608584935,383,348.30847580938524,0,0.0,0,0.0,124,112.76827937431793,153,139.1415060021826,15,13.641324117861041,464,421.97162604583485,375,341.033102946526,556,505.6384139687159,54,49.10876682429974,0,0.0
001783_Gramatica_catalana_grafia_elemental.out.txt,CTILC,1901,NLIT,central,no,37084,689,185.79441268471578,49,13.2132456045734,285,76.85255096537591,3,0.8089742206881674,161,43.41494984359832,3,0.8089742206881674,806,217.34440729155432,260,70.11109912630783,1115,300.66875202243557,60,16.179484413763348,8,2.15726458850178,94,25.347858914895912,393,105.97562291014992,1,0.2696580735627225,1934,521.5187142703053,845,227.8610721605005,1573,424.1721497141624,197,53.12264049185633,91,24.538884694207745
001818_Sota_terra_excursio_espeleoloch-geologic.out.txt,CTILC,1901,NLIT,central,no,9256,315,340.3197925669836,0,0.0,91,98.31460674157303,0,0.0,31,33.491789109766636,6,6.482281763180639,129,139.36905790838375,80,86.4304235090752,0,0.0,191,206.35263612791704,81,87.51080380293864,111,119.92221261884184,123,132.88677614520313,4,4.32152117545376,23,24.848746758859118,647,699.0060501296457,439,474.2869490060501,116,125.32411408815904,2,2.16076058772688
002100_Biografia_de_Camps_y_Fabres.out.txt,CTILC,1901,NLIT,central,no,3974,216,543.5329642677402,0,0.0,45,113.2360342224459,0,0.0,49,123.30145948666332,26,65.42526421741319,4,10.065425264217414,1,2.5163563160543534,143,359.83895319577255,0,0.0,22,55.359838953195776,28,70.45797684952188,37,93.10518369401107,3,7.549068948163059,4,10.065425264217414,264,664.3180674383492,148,372.4207347760443,26,65.42526421741319,1,2.5163563160543534
002353_Cartes_a_l_arquebisbe_de_Tarragona_1901.out.txt,CTILC,1901,NLIT,baleàric,no,865,44,508.6705202312139,0,0.0,0,0.0,12,138.72832369942196,4,46.24277456647399,0,0.0,15,173.41040462427745,6,69.36416184971098,11,127.16763005780348,0,0.0,0,0.0,12,138.72832369942196,19,219.65317919075144,0,0.0,2,23.121387283236995,38,439.3063583815029,43,497.1098265895954,14,161.84971098265896,0,0.0
003036_Els_sots_ferestechs.out.txt,CTILC,1901,LIT,central,no,42887,1426,332.5016904889594,1,0.2331708909459743,466,108.65763518082402,0,0.0,97,22.61757642175951,1,0.2331708909459743,694,161.82059831650616,506,117.984470818663,561,130.8088698206916,2,0.4663417818919486,421,98.16494508825518,446,103.99421736190455,772,180.00792781029216,0,0.0,2266,528.3652388835778,567,132.20789516636742,1963,457.7144589269476,360,83.94152074055074,1,0.2331708909459743
003130_Novicis.out.txt,CTILC,1901,LIT,central,no,7535,209,277.37226277372264,0,0.0,61,80.9555408095554,0,0.0,83,110.15262110152621,30,39.814200398142006,0,0.0,0,0.0,251,333.1121433311214,0,0.0,0,0.0,82,108.8254810882548,91,120.76974120769741,3,3.9814200398142003,238,315.8593231585932,173,229.5952222959522,467,619.7743861977439,114,151.2939615129396,0,0.0
003165_L_emigrant.out.txt,CTILC,1901,LIT,central,no,18511,577,311.70655286046133,2,1.0804386580951866,160,86.43509264761492,0,0.0,143,77.25136405380584,0,0.0,154,83.19377667332937,57,30.79250175571282,626,338.17729998379343,0,0.0,0,0.0,204,110.20474312570904,634,342.49905461617413,5,2.7010966452379663,722,390.0383555723624,353,190.69742315380046,1283,693.1013991680622,225,121.54934903570849,0,0.0
003338_Avans_de_la_proseso.out.txt,CTILC,1901,LIT,valencià,no,11112,360,323.97408207343415,3,2.699784017278618,0,0.0,0,0.0,73,65.69474442044637,28,25.197984161267097,176,158.3873290136789,44,39.59683225341973,432,388.76889848812095,0,0.0,0,0.0,0,0.0,1,0.8999280057595392,0,0.0,68,61.19510439164867,495,445.4643628509719,650,584.9532037437006,22,19.798416126709864,146,131.38948884089274
003376_El_cantor_de_l_ideal.out.txt,CTILC,1901,LIT,central,no,4858,0,0.0,222,456.9781803211198,0,0.0,31,63.812268423219436,26,53.51996706463565,6,12.350761630300536,99,203.78756689995885,80,164.67682173734045,0,0.0,31,63.812268423219436,45,92.63071222725402,24,49.40304652120214,60,123.50761630300536,0,0.0,4,8.233841086867024,335,689.5841910251132,133,273.7752161383285,0,0.0,34,69.9876492383697
001645_L_equilibri_en_la_gerarquia_industrial.out.txt,CTILC,1902,NLIT,central,no,10251,432,421.42230026338893,4,3.90205833577212,61,59.50638962052483,0,0.0,200,195.102916788606,153,149.2537313432836,0,0.0,0,0.0,329,320.9442981172569,0,0.0,43,41.94712710955029,34,33.16749585406302,170,165.8374792703151,26,25.363379182518777,11,10.73066042337333,768,749.195200468247,555,541.4105940883817,35,34.14301043800605,2,1.95102916788606
001722_La_ciutat_pontifical.out.txt,CTILC,1902,NLIT,central,no,5686,266,467.8156876538867,2,3.5174111853675694,40,70.3482237073514,0,0.0,153,269.08195568061905,85,149.4899753781217,1,1.7587055926837847,0,0.0,210,369.3281744635948,0,0.0,10,17.58705592683785,30,52.76116778051354,91,160.0422089342244,1,1.7587055926837847,4,7.034822370735139,401,705.2409426661976,240,422.0893422441083,33,58.0372845585649,1,1.7587055926837847
001753_Els_aucells_mes_utils_a_la_agricultura_d.out.txt,CTILC,1902,NLIT,central,no,28949,992,342.67159487374346,4,1.3817403019102559,182,62.86918373691664,0,0.0,52,17.962623924833327,4,1.3817403019102559,778,268.7484887215448,503,173.7538429652147,866,299.14677536357044,3,1.036305226432692,0,0.0,309,106.73943832256727,497,171.68123251234928,2,0.6908701509551279,31,10.708487339804483,2607,900.5492417700094,1491,515.0436975370479,281,97.06725620919548,19,6.563266434073716
001758_L_excursionisme_cientifich.out.txt,CTILC,1902,NLIT,central,no,15824,460,290.69767441860466,0,0.0,109,68.88270980788676,0,0.0,80,50.55611729019211,13,8.215369059656219,127,80.25783619817997,170,107.43174924165825,0,0.0,175,110.59150657229524,102,64.45904954499495,169,106.79979777553083,205,129.5500505561173,25,15.798786653185035,14,8.84732052578362,1491,942.2396359959555,577,364.63599595551057,126,79.62588473205257,18,11.375126390293225
001763_Novellistica_popular.out.txt,CTILC,1902,NLIT,central,no,10803,345,319.35573451818937,1,0.9256687957048968,108,99.97222993612884,0,0.0,53,49.06044617235953,6,5.554012774229381,186,172.1743960011108,78,72.20216606498195,3,2.7770063871146906,146,135.14764417291494,80,74.05350365639174,85,78.68184763491622,166,153.66102008701287,1,0.9256687957048968,33,30.547070258261595,551,510.04350643339814,540,499.86114968064425,104,96.26955475330927,11,10.182356752753865
001796_Llissons_teoricas_y_practicas_de_entomol.out.txt,CTILC,1902,NLIT,central,no,9802,397,405.0193837992246,0,0.0,93,94.87859620485615,0,0.0,151,154.05019383799225,115,117.32299530708019,13,13.26259946949602,24,24.48479902060804,362,369.3123852275046,0,0.0,1,1.0201999591920017,94,95.89879616404815,145,147.92899408284023,1,1.0201999591920017,865,882.4729647010813,265,270.3529891858804,512,522.3423791063049,85,86.71699653132013,13,13.26259946949602
001798_L_associacio_obrera.out.txt,CTILC,1902,NLIT,central,no,3450,163,472.463768115942,0,0.0,36,104.34782608695653,0,0.0,34,98.55072463768116,1,2.898550724637681,43,124.63768115942028,46,133.33333333333334,39,113.04347826086956,0,0.0,1,2.898550724637681,40,115.94202898550725,51,147.82608695652175,0,0.0,9,26.086956521739133,241,698.5507246376811,127,368.1159420289855,23,66.66666666666667,1,2.898550724637681
001815_La_filosofia_nacional_de_Catalunya.out.txt,CTILC,1902,NLIT,central,no,36978,1550,419.1681540375358,10,2.7043106712099085,219,59.224403699496996,0,0.0,888,240.1427876034399,294,79.50673373357132,18,4.867759208177835,4,1.0817242684839634,1315,355.616853264103,8,2.163448536967927,21,5.679052409540809,357,96.54389096219374,535,144.6806209097301,51,13.791984423170533,95,25.69095137649413,2663,720.1579317431987,1855,501.64962950943806,330,89.24225214992698,24,6.4903456109037805
001854_L_abus_de_les_dents_artificials.out.txt,CTILC,1902,NLIT,central,no,3359,1,2.9770765108663295,72,214.3495087823757,0,0.0,16,47.63322417386127,4,11.908306043465318,1,2.9770765108663295,58,172.67043763024708,37,110.15183090205419,0,0.0,21,62.518606728192914,17,50.6103006847276,9,26.79368859779696,36,107.17475439118785,9,26.79368859779696,9,26.79368859779696,297,884.1917237272997,53,157.78505507591544,0,0.0,25,74.42691277165822
001971_Lletra_de_convit.out.txt,CTILC,1902,NLIT,baleàric,no,15274,771,504.77936362445985,1,0.6547073458164201,15,9.8206101872463,72,47.13892889878225,67,43.865392169700144,21,13.748854262144821,162,106.06259002226005,130,85.11195495613461,292,191.17454497839466,15,9.8206101872463,1,0.6547073458164201,115,75.29134476888831,271,177.42569071624985,0,0.0,22,14.40356160796124,1625,1063.8994369516827,606,396.7526515647506,116,75.94605211470473,154,100.8249312557287
003019__Cliches_.out.txt,CTILC,1902,LIT,central,no,29333,1461,498.0738417482017,0,0.0,389,132.61514335390174,0,0.0,458,156.1381379333856,239,81.47819861589338,24,8.181911158081341,12,4.090955579040671,1061,361.7086557801793,0,0.0,112,38.182252071046264,293,99.88749872157638,1090,371.59513176286094,27,9.20465005284151,1625,553.9835679950909,443,151.02444345958477,1458,497.05110285344153,294,100.22841168649644,7,2.3863907544403915
003023_El_poble_gris.out.txt,CTILC,1902,LIT,central,no,48449,16,3.30244174286363,2254,465.2314805259138,6,1.2384156535738613,203,41.899729612582306,194,40.04210613222151,60,12.384156535738612,893,184.31752977357635,617,127.35040970917872,3,0.6192078267869306,156,32.198806992920396,318,65.63602963941464,399,82.35464096266178,680,140.35377407170427,6,1.2384156535738613,106,21.878676546471546,3159,652.025841606638,2020,416.9332700365332,1,0.20640260892897688,395,81.52903052694586
003112_Ofrenes.out.txt,CTILC,1902,LIT,central,no,9294,0,0.0,378,406.71400903808905,0,0.0,28,30.12696363245104,11,11.835592855605768,4,4.303851947493007,190,204.4329675059178,103,110.82418764794492,0,0.0,66,71.0135571336346,158,170.00215192597375,111,119.43189154293093,77,82.84914998924036,0,0.0,18,19.36733376371853,547,588.5517538196686,267,287.28211749515816,0,0.0,108,116.20400258231116
003147_El_cor_del_poble.out.txt,CTILC,1902,LIT,central,no,18436,0,0.0,369,200.15187676285527,0,0.0,96,52.072032978954226,113,61.293122152310694,3,1.6272510305923196,250,135.60425254935996,100,54.24170101974398,0,0.0,133,72.1414623562595,92,49.90236493816447,150,81.36255152961597,532,288.565849425038,7,3.7969190713820784,99,53.69928400954654,731,396.5068344543285,783,424.71251898459536,1,0.5424170101974398,424,229.98481232371446
003195_Jacobe.out.txt,CTILC,1902,LIT,central,no,8113,312,384.56797732035005,0,0.0,97,119.56119807716011,0,0.0,24,29.58215210156539,0,0.0,73,89.97904597559472,61,75.18796992481202,303,373.47467028226305,1,1.232589670898558,0,0.0,96,118.32860840626157,161,198.4469370146678,0,0.0,505,622.4577838037718,146,179.95809195118943,427,526.3157894736842,88,108.4678910390731,1,1.232589670898558
001747_Institucions_de_cultura_social.out.txt,CTILC,1903,NLIT,baleàric,no,38637,18,4.6587467971115775,1576,407.8991640137692,1,0.25881926650619874,144,37.26997437689262,138,35.71705877785542,24,6.211662396148769,514,133.03310298418614,412,106.63353780055387,1,0.25881926650619874,185,47.88156430364676,357,92.39847814271295,277,71.69293682221705,695,179.8793902218081,55,14.23505965784093,50,12.940963325309935,3247,840.3861583456272,1161,300.4891684136967,3,0.7764577995185962,267,69.10474415715507
001782_Sota_terra_l_exploracio_de_l_avench_de_S.out.txt,CTILC,1903,NLIT,central,no,7346,268,364.82439422815133,0,0.0,58,78.95453307922679,1,1.361285053090117,40,54.45140212360468,4,5.445140212360468,74,100.73509392866868,49,66.70296760141574,0,0.0,135,183.7734821671658,43,58.53525728287503,66,89.84481350394773,122,166.07677647699427,3,4.083855159270351,24,32.67084127416281,528,718.7585080315819,396,539.0688810236863,129,175.60577184862512,6,8.167710318540703
001820_Discurs.out.txt,CTILC,1903,NLIT,central,no,4071,213,523.2129697862932,0,0.0,37,90.8867600098256,0,0.0,11,27.02038811102923,2,4.912797838368951,57,140.0147383935151,27,66.32277081798084,0,0.0,45,110.5379513633014,38,93.34315892901007,57,140.0147383935151,87,213.70670596904935,0,0.0,5,12.281994595922379,475,1166.789486612626,198,486.36698599852616,32,78.60476541390321,0,0.0
002226_Carta_a_Francesc_Matheu_21VI1903.out.txt,CTILC,1903,NLIT,central,no,383,9,234.98694516971278,0,0.0,0,0.0,0,0.0,1,26.109660574412533,0,0.0,3,78.32898172323759,1,26.109660574412533,3,78.32898172323759,0,0.0,0,0.0,8,208.87728459530027,3,78.32898172323759,0,0.0,0,0.0,30,783.289817232376,16,417.75456919060053,4,104.43864229765013,1,26.109660574412533
003025_L_hostal_de_la_Bolla.out.txt,CTILC,1903,LIT,baleàric,no,14248,44,30.881527231892196,561,393.7394722066255,0,0.0,61,42.81302638966872,79,55.44637843907916,34,23.86299831555306,264,185.28916339135316,134,94.04828747894442,72,50.533408197641776,189,132.65019651880965,104,72.99270072992701,100,70.18528916339135,175,122.82425603593487,5,3.5092644581695676,94,65.97417181358787,912,640.0898371701292,612,429.5339696799551,0,0.0,129,90.53902302077485
003043_Manyoc_de_fruita_mallorquina.out.txt,CTILC,1903,LIT,baleàric,no,44826,2588,577.3435060009815,5,1.1154240842368268,8,1.7846785347789231,491,109.53464507205639,119,26.54709320483648,44,9.815731941284078,1153,257.21679382501225,699,155.9362869763084,726,161.95957703118728,46,10.261901574978808,270,60.23290054878865,597,133.18163565787714,785,175.12158122518184,1,0.2230848168473654,80,17.84678534778923,3852,859.3227144960514,1089,242.9393655467809,27,6.023290054878865,515,114.88868067639316
003110_Pirinenques.out.txt,CTILC,1903,LIT,nord-occidental,no,6099,308,505.00081980652567,1,1.6396130513198885,46,75.42220036071487,0,0.0,86,141.0067224135104,44,72.1429742580751,0,0.0,11,18.035743564518775,119,195.11395310706672,0,0.0,99,162.32169208066895,99,162.32169208066895,77,126.25020495163142,0,0.0,17,27.8734218724381,694,1137.8914576160025,244,400.0655845220528,50,81.98065256599442,0,0.0
003192_La_gent_del_llamp.out.txt,CTILC,1903,LIT,central,no,18390,0,0.0,643,349.6465470364329,2,1.0875475802066341,69,37.52039151712887,55,29.907558455682437,6,3.2626427406199023,294,159.8694942903752,144,78.30342577487765,1,0.5437737901033171,313,170.20119630233825,141,76.6721044045677,207,112.56117455138663,205,111.47362697118,6,3.2626427406199023,57,30.99510603588907,1003,545.405111473627,573,311.5823817292007,0,0.0,159,86.4600326264274
003281_Al_cel.out.txt,CTILC,1903,LIT,central,no,6975,196,281.0035842293907,8,11.469534050179211,46,65.94982078853046,1,1.4336917562724014,130,186.3799283154122,66,94.6236559139785,0,0.0,0,0.0,225,322.5806451612903,2,2.867383512544803,61,87.45519713261649,55,78.85304659498209,61,87.45519713261649,0,0.0,12,17.204301075268816,577,827.2401433691756,296,424.3727598566308,38,54.48028673835125,2,2.867383512544803
001623_Estructura_mental_y_significacio_filosof.out.txt,CTILC,1904,NLIT,central,no,4292,222,517.2413793103448,0,0.0,30,69.89748369058714,0,0.0,37,86.20689655172414,8,18.63932898415657,59,137.4650512581547,25,58.24790307548928,99,230.66169617893755,2,4.659832246039143,21,48.928238583410995,39,90.86672879776329,40,93.19664492078284,3,6.989748369058714,3,6.989748369058714,304,708.2945013979497,215,500.93196644920783,43,100.18639328984158,0,0.0
001628_Positivisme.out.txt,CTILC,1904,NLIT,central,sí,25856,0,0.0,749,289.68131188118815,0,0.0,30,11.602722772277227,123,47.571163366336634,5,1.9337871287128714,395,152.76918316831683,230,88.95420792079207,1,0.38675742574257427,210,81.2190594059406,143,55.306311881188115,130,50.27846534653465,445,172.10705445544556,38,14.696782178217822,31,11.989480198019802,2961,1145.1887376237623,932,360.45792079207916,0,0.0,189,73.09715346534654
001684_L_instruccio_y_l_educacio_baix_el_punt_d.out.txt,CTILC,1904,NLIT,central,no,5978,226,378.05286048845767,0,0.0,57,95.34961525593845,0,0.0,103,172.2984275677484,14,23.4192037470726,23,38.47440615590499,55,92.00401472064236,212,354.63365674138504,5,8.364001338240215,0,0.0,47,78.62161257945802,89,148.8792238206758,0,0.0,307,513.5496821679492,207,346.26965540314484,309,516.8952827032452,45,75.27601204416193,1,1.6728002676480427
001759_Quadros_del_Sahara.out.txt,CTILC,1904,NLIT,central,no,7796,351,450.23088763468445,0,0.0,81,103.8994356080041,0,0.0,35,44.894817855310414,0,0.0,101,129.55361723961005,75,96.20318111852231,111,142.38070805541304,1,1.2827090815802975,2,2.565418163160595,60,76.96254489481785,134,171.8830169317599,2,2.565418163160595,22,28.219599794766545,445,570.8055413032324,401,514.3663417136993,57,73.11441765007696,0,0.0
001827_El_descans_dominical.out.txt,CTILC,1904,NLIT,baleàric,no,13387,490,366.026742361993,3,2.240980055277508,74,55.27750803017853,8,5.975946814073355,54,40.33764099499514,13,9.710913572869202,450,336.14700829162615,263,196.45925151266155,212,158.3625905729439,0,0.0,27,20.16882049749757,89,66.48240830656607,267,199.44722491969821,0,0.0,20,14.939867035183388,953,711.8846642264884,534,398.89444983939643,107,79.92828863823112,5,3.734966758795847
001831_Novas_cientifiques.out.txt,CTILC,1904,NLIT,central,no,24273,663,273.1429983932765,1,0.4119803897334487,203,83.63201911589007,0,0.0,112,46.14180365014625,32,13.183372471470358,192,79.10023482882215,188,77.45231326988835,834,343.5916450376962,0,0.0,0,0.0,109,44.905862480945906,533,219.58554772792814,8,3.2958431178675895,2462,1014.2957195237507,581,239.3606064351337,1244,512.5036048284102,198,81.57211716722283,16,6.591686235735179
001931_Art_i_literatura.out.txt,CTILC,1904,NLIT,baleàric,no,16282,5,3.0708758137820906,704,432.3793145805184,0,0.0,27,16.58272939442329,71,43.606436555705685,4,2.4567006510256726,246,151.08709003807886,169,103.79560250583467,0,0.0,107,65.71674241493673,103,63.26004176391107,158,97.03967571551406,291,178.72497236211765,11,6.7559267903206,22,13.5118535806412,1198,735.7818449821889,462,283.74892519346514,2,1.2283503255128363,152,93.35462473897556
002227_Carta_a_Francesc_Matheu_7XII1904.out.txt,CTILC,1904,NLIT,central,no,261,7,268.1992337164751,0,0.0,0,0.0,0,0.0,1,38.314176245210724,0,0.0,1,38.314176245210724,1,38.314176245210724,1,38.314176245210724,0,0.0,0,0.0,5,191.57088122605361,6,229.88505747126436,0,0.0,1,38.314176245210724,19,727.9693486590039,19,727.9693486590039,6,229.88505747126436,0,0.0
002228_Carta_a_Joan_Oller_i_Rabassa_5III1904.out.txt,CTILC,1904,NLIT,central,no,201,9,447.76119402985074,0,0.0,2,99.50248756218905,0,0.0,0,0.0,0,0.0,2,99.50248756218905,2,99.50248756218905,6,298.5074626865672,0,0.0,1,49.75124378109452,0,0.0,5,248.75621890547265,0,0.0,2,99.50248756218905,9,447.76119402985074,19,945.273631840796,5,248.75621890547265,0,0.0
003045_La_punyalada.out.txt,CTILC,1904,LIT,central,no,61293,2144,349.7952457866314,4,0.6526030704974467,764,124.64718646501233,1,0.16315076762436168,228,37.19837501835446,6,0.97890460574617,580,94.62744522212977,341,55.63441175990733,9,1.468356908619255,1029,167.88213988546818,1,0.16315076762436168,593,96.74840520124647,1023,166.903235279722,15,2.447261514365425,290,47.31372261106488,3620,590.6057788001893,2930,478.0317491393797,677,110.45306968169285,0,0.0
003182_La_ciutat_del_fum.out.txt,CTILC,1904,LIT,central,no,1956,91,465.23517382413087,0,0.0,11,56.23721881390593,0,0.0,21,107.36196319018406,12,61.34969325153374,0,0.0,0,0.0,82,419.22290388548055,0,0.0,1,5.112474437627812,21,107.36196319018406,43,219.8364008179959,0,0.0,184,940.6952965235174,43,219.8364008179959,91,465.23517382413087,11,56.23721881390593,0,0.0
003183_Les_disperses.out.txt,CTILC,1904,LIT,central,no,11562,435,376.23248572911257,3,2.594706798131811,131,113.30219685175575,0,0.0,28,24.217263449230238,1,0.864902266043937,220,190.27849852966614,99,85.62532433834976,1,0.864902266043937,172,148.76318975955718,0,0.0,101,87.35512887043764,194,167.7910396125238,0,0.0,87,75.24649714582252,828,716.1390762843798,557,481.75056218647296,94,81.30081300813009,1,0.864902266043937
003339_La_morta.out.txt,CTILC,1904,LIT,central,no,5975,129,215.89958158995816,0,0.0,35,58.57740585774059,0,0.0,13,21.757322175732217,0,0.0,52,87.02928870292887,26,43.51464435146443,158,264.43514644351467,1,1.6736401673640169,0,0.0,52,87.02928870292887,91,152.30125523012552,0,0.0,200,334.7280334728033,100,167.36401673640165,391,654.3933054393306,53,88.7029288702929,0,0.0
003362_L_amistat.out.txt,CTILC,1904,LIT,baleàric,sí,5928,0,0.0,233,393.04993252361675,0,0.0,41,69.16329284750337,34,57.35492577597841,5,8.434547908232119,70,118.08367071524967,38,64.1025641025641,0,0.0,62,104.58839406207827,41,69.16329284750337,36,60.72874493927126,84,141.7004048582996,4,6.747638326585695,24,40.48582995951417,423,713.5627530364371,163,274.96626180836705,0,0.0,83,140.01349527665317
001607_La_llibertat_en_la_lley_civil.out.txt,CTILC,1905,NLIT,central,no,10957,314,286.57479237017435,2,1.8253171488546134,88,80.31395454960298,0,0.0,55,50.196221593501875,1,0.9126585744273067,228,208.08615496942593,97,88.52788171944876,266,242.7671807976636,52,47.458245870219955,0,0.0,63,57.497490188920324,153,139.63676188737793,5,4.563292872136533,28,25.55444008396459,727,663.502783608652,414,377.840649812905,49,44.720270146938034,1,0.9126585744273067
001613_L_intellecte_grec_antic.out.txt,CTILC,1905,NLIT,central,no,19504,1,0.5127153404429861,803,411.71041837571784,1,0.5127153404429861,70,35.890073831009026,135,69.21657095980312,13,6.6652994257588185,398,204.06070549630846,296,151.76374077112388,0,0.0,207,106.1320754716981,95,48.707957342083674,100,51.27153404429861,216,110.74651353568498,10,5.12715340442986,36,18.457752255947497,1701,872.1287940935193,588,301.4766201804758,1,0.5127153404429861,197,101.00492206726825
001643_La_elevacio_del_poble_o_sia_la_democraci.out.txt,CTILC,1905,NLIT,central,no,12695,532,419.06262307995274,2,1.5754233950374164,74,58.29066561638441,0,0.0,255,200.86648286727058,123,96.88853879480111,2,1.5754233950374164,0,0.0,388,305.6321386372588,1,0.7877116975187082,27,21.268215833005122,54,42.536431666010245,262,206.38046474990156,18,14.178810555336746,15,11.815675462780622,825,649.8621504529342,695,547.4596297755022,93,73.25718786923986,2,1.5754233950374164
001787_Relacio_inform_o_memoria_del_projecte_de.out.txt,CTILC,1905,NLIT,central,no,4961,133,268.09111066317274,0,0.0,36,72.56601491634751,1,2.015722636565209,146,294.2955049385204,64,129.00624874017336,6,12.094335819391251,0,0.0,162,326.5470671235638,0,0.0,0,0.0,72,145.13202983269503,155,312.43700866760736,4,8.062890546260835,227,457.5690385003023,62,124.97480346704293,128,258.0124974803467,22,44.34589800443459,0,0.0
001801_Curs_de_geologia_dinamica_y_estratigrafi.out.txt,CTILC,1905,NLIT,central,no,85958,3013,350.5200214058028,22,2.559389469275693,682,79.34107354754647,0,0.0,160,18.61374159473231,1,0.11633588496707695,1165,135.53130598664464,1086,126.34077107424555,44,5.118778938551386,2149,250.00581679424837,816,94.93008213313479,666,77.47969938807324,1377,160.19451359966496,20,2.326717699341539,143,16.636031550292003,9152,1064.7060192186882,4505,524.0931617766817,1034,120.29130505595755,320,37.22748318946462
001897_Memoria.out.txt,CTILC,1905,NLIT,central,no,3084,114,369.64980544747084,0,0.0,28,90.79118028534371,0,0.0,16,51.880674448767834,0,0.0,46,149.15693904020753,20,64.85084306095979,0,0.0,57,184.82490272373542,0,0.0,39,126.4591439688716,56,181.58236057068743,1,3.2425421530479897,13,42.153047989623865,218,706.8741893644617,184,596.6277561608301,42,136.18677042801556,1,3.2425421530479897
003008_Escenes_castelloneses.out.txt,CTILC,1905,LIT,valencià,no,10602,7,6.602527824938691,568,535.7479720807395,0,0.0,5,4.716091303527636,59,55.649877381626105,7,6.602527824938691,166,156.57423127711752,119,112.24297302395775,6,5.659309564233164,152,143.36917562724014,94,88.66251650631956,141,132.99377475947935,151,142.42595736653462,1,0.9432182607055272,38,35.842293906810035,620,584.7953216374269,346,326.35351820411245,0,0.0,77,72.6278060743256
003078_Narracions_estranyes.out.txt,CTILC,1905,LIT,central,no,27477,879,319.9039196418823,3,1.0918222513374822,286,104.08705462750665,3,1.0918222513374822,511,185.9737234778178,124,45.128653055282605,0,0.0,0,0.0,6,2.1836445026749645,416,151.3993521854642,11,4.003348254904101,269,97.90006186992757,471,171.41609345998472,8,2.9115260035666193,137,49.85988281107836,1193,434.18131528187206,1653,601.5940604869528,256,93.16883211413182,2,0.7278815008916548
003171_El_futurisme.out.txt,CTILC,1905,LIT,baleàric,no,14137,0,0.0,517,365.70700997382755,1,0.7073636556553724,27,19.098818702695056,50,35.36818278276862,4,2.8294546226214896,212,149.96109499893896,133,94.07936620216454,0,0.0,156,110.3487302822381,120,84.88363867864469,108,76.39527481078022,186,131.5696399518993,10,7.0736365565537245,13,9.19572752351984,1210,855.9100233430006,492,348.0229185824432,0,0.0,112,79.22472943340172
003309_Andronica.out.txt,CTILC,1905,LIT,central,no,16402,469,285.94073893427634,0,0.0,129,78.6489452505792,0,0.0,150,91.45226191927813,102,62.187538105109134,18,10.974271430313376,4,2.4387269845140835,767,467.62589928057554,1,0.6096817461285209,1,0.6096817461285209,144,87.79417144250701,205,124.98475795634678,0,0.0,669,407.8770881599805,427,260.33410559687843,1210,737.7149128155103,155,94.50067064992074,31,18.90013412998415
001608_Una_orientacio_sobre_l_problema_dels_cap.out.txt,CTILC,1906,NLIT,central,no,2991,108,361.0832497492478,0,0.0,34,113.67435640254095,0,0.0,52,173.85489802741557,25,83.58408559010365,0,0.0,0,0.0,98,327.6496155132063,0,0.0,0,0.0,24,80.2407221664995,82,274.15580073553997,6,20.060180541624874,4,13.373453694416582,244,815.7806753594116,150,501.5045135406219,15,50.150451354062184,4,13.373453694416582
001726_La_nacionalitat_catalana.out.txt,CTILC,1906,NLIT,central,no,22592,745,329.76274787535414,0,0.0,186,82.33002832861189,0,0.0,63,27.88597733711048,2,0.8852691218130312,346,153.1515580736544,271,119.95396600566572,7,3.098441926345609,316,139.87252124645892,182,80.55949008498584,256,113.31444759206799,280,123.93767705382436,12,5.311614730878188,30,13.279036827195467,1907,844.1041076487252,885,391.73158640226626,150,66.39518413597733,4,1.7705382436260624
001741_Agremiacio_agricola.out.txt,CTILC,1906,NLIT,central,no,16067,552,343.561336901724,1,0.6223937262712392,139,86.51272795170225,0,0.0,49,30.497292587290723,10,6.223937262712392,256,159.33279392543724,235,146.2625256737412,175,108.91890209746687,1,0.6223937262712392,1,0.6223937262712392,120,74.68724715254871,328,204.14514221696646,8,4.979149810169914,42,26.140536503392045,1366,850.1898300865126,532,331.11346237629925,108,67.21852243729383,5,3.111968631356196
001742_Manual_de_sindicats_agricols_y_caixas_ru.out.txt,CTILC,1906,NLIT,central,no,12182,404,331.6368412411755,0,0.0,78,64.02889509111805,0,0.0,277,227.38466590050896,200,164.17665407978984,3,2.462649811196848,2,1.6417665407978985,360,295.51797734362174,1,0.8208832703989493,1,0.8208832703989493,107,87.83450993268757,349,286.48826136923327,11,9.029715974388441,676,554.9170907896897,249,204.39993432933838,493,404.695452306682,57,46.79034641274011,11,9.029715974388441
001746_Festes_de_carrer.out.txt,CTILC,1906,NLIT,valencià,no,12718,386,303.506840698223,1,0.7862871520679352,38,29.87891177858154,0,0.0,197,154.89856895738325,65,51.108664884415795,104,81.77386381506525,58,45.604654819940244,436,342.82119830161975,0,0.0,15,11.794307281019027,137,107.72133983330711,89,69.97955653404622,9,7.0765843686114165,20,15.725743041358703,846,665.1989306494733,493,387.6395659694921,157,123.44708287466582,15,11.794307281019027
001777_Pera_la_perfecta_elaboracio_del_vi_y_la_.out.txt,CTILC,1906,NLIT,central,no,7166,310,432.5983812447669,0,0.0,86,120.0111638291934,0,0.0,32,44.65531677365337,0,0.0,116,161.87552330449347,123,171.64387384873012,154,214.9037119732068,0,0.0,0,0.0,37,51.6327100195367,122,170.24839519955347,12,16.74574379012001,20,27.90957298353335,462,644.7111359196205,271,378.1747139268769,63,87.91515489813006,8,11.163829193413342
001888_Sant_Pere_de_Roda.out.txt,CTILC,1906,NLIT,central,no,6690,210,313.9013452914798,0,0.0,80,119.5814648729447,0,0.0,32,47.83258594917788,2,2.9895366218236177,107,159.94020926756355,52,77.72795216741405,0,0.0,86,128.55007473841553,17,25.411061285500747,68,101.64424514200299,87,130.04484304932737,6,8.968609865470851,12,17.937219730941703,576,860.9865470852019,194,289.9850523168909,65,97.15994020926756,1,1.4947683109118088
001898_Discurs.out.txt,CTILC,1906,NLIT,baleàric,no,2429,101,415.8089748867847,0,0.0,20,82.33841086867022,0,0.0,13,53.51996706463565,0,0.0,25,102.9230135858378,7,28.81844380403458,0,0.0,39,160.55990119390694,0,0.0,29,119.39069575957184,56,230.54755043227664,1,4.116920543433512,0,0.0,197,811.0333470564018,92,378.7566899958831,13,53.51996706463565,0,0.0
001976_Los_misteris_de_la_llengua_catalana_esbr.out.txt,CTILC,1906,NLIT,central,no,19566,661,337.83093120719616,4,2.044362669937647,136,69.50833077788,0,0.0,433,221.30225902075028,162,82.7966881324747,3,1.5332720024532354,1,0.5110906674844118,38,19.421445364407646,235,120.10630685883676,154,78.7079627925994,198,101.19595216191351,231,118.06194418889912,12,6.133088009812941,25,12.777266687110293,1402,716.5491158131452,1061,542.2671982009609,255,130.328120208525,98,50.08688541347235
002105_Descobriments_arqueologichs_de_Puig-Cast.out.txt,CTILC,1906,NLIT,central,no,6163,237,384.552977446049,0,0.0,63,102.22294337173454,0,0.0,80,129.8069122180756,40,64.9034561090378,7,11.358104819081618,9,14.603277624533506,229,371.57228622424145,0,0.0,10,16.22586402725945,68,110.33587538536426,117,189.8426091189356,0,0.0,16,25.961382443615122,440,713.9380171994159,324,525.7179944832062,64,103.84552977446049,13,21.09362323543729
002229_Carta_a_Ernest_Moline_i_Brases_VII1906.out.txt,CTILC,1906,NLIT,central,no,394,12,304.56852791878174,0,0.0,7,177.66497461928935,0,0.0,4,101.5228426395939,3,76.14213197969544,0,0.0,0,0.0,15,380.71065989847716,0,0.0,0,0.0,3,76.14213197969544,5,126.90355329949239,0,0.0,24,609.1370558375635,9,228.4263959390863,21,532.994923857868,4,101.5228426395939,0,0.0
003000_Pilar_Prim.out.txt,CTILC,1906,LIT,central,no,72775,2310,317.41669529371353,2,0.27481964960494676,946,129.98969426313982,1,0.13740982480247338,352,48.36825833047063,19,2.6107866712469945,696,95.63723806252146,362,49.74235657849537,26,3.5726554448643077,1872,257.2311920302302,0,0.0,963,132.32566128478186,1237,169.97595328065958,28,3.847475094469255,338,46.44452078323601,3257,447.5437993816558,3866,531.2263826863621,600,82.44589488148402,1,0.13740982480247338
003004_Josafat.out.txt,CTILC,1906,LIT,central,no,18263,0,0.0,662,362.48152001314133,0,0.0,79,43.25685812845644,59,32.305754804796585,7,3.8328861632809508,375,205.33318731862235,168,91.98926791874281,404,221.21228713792914,59,32.305754804796585,181,99.10748507912173,193,105.67814707331765,307,168.09943601817884,0,0.0,25,13.688879154574824,1326,726.0581503586486,358,196.02474949351148,0,0.0,197,107.8683677380496
003086_Horacianes.out.txt,CTILC,1906,LIT,baleàric,no,4323,148,342.35484617164,1,2.313208420078649,51,117.97362942401111,0,0.0,13,30.07170946102244,0,0.0,30,69.39625260235947,6,13.879250520471894,0,0.0,146,337.7284293314828,0,0.0,50,115.66042100393246,68,157.29817256534815,2,4.626416840157298,21,48.577376821651626,459,1061.7626648161,242,559.7964376590331,58,134.16608836456166,0,0.0
003087_El_pais_del_Pler.out.txt,CTILC,1906,LIT,central,no,4295,188,437.7182770663562,1,2.3282887077997674,49,114.0861466821886,0,0.0,5,11.641443538998836,0,0.0,47,109.42956926658906,43,100.11641443538998,0,0.0,73,169.965075669383,0,0.0,44,102.44470314318976,50,116.41443538998837,0,0.0,30,69.84866123399301,243,565.7741559953434,248,577.4155995343423,85,197.9045401629802,0,0.0
003160_La_bona_gent.out.txt,CTILC,1906,LIT,central,no,25204,11,4.364386605300746,796,315.8228852563085,4,1.5870496746548166,57,22.61545786383114,133,52.76940168227265,24,9.522298047928901,304,120.61577527376606,176,69.83018568481194,78,30.947468655768926,263,104.34851610855421,130,51.57911442628154,364,144.4215203935883,176,69.83018568481194,8,3.1740993493096332,90,35.70861767973337,880,349.15092842405966,1168,463.4185049992065,3,1.1902872559911126,377,149.57943183621646
003173_Aubada_i_posta.out.txt,CTILC,1906,LIT,central,no,15962,1,0.6264879087833605,446,279.41360731737876,0,0.0,43,26.9389800776845,88,55.130935972935724,1,0.6264879087833605,137,85.82884350332039,74,46.360105249968676,284,177.92256609447438,26,16.28868562836737,102,63.90176669590277,157,98.3586016789876,166,103.99699285803784,3,1.8794637263500815,94,58.88986342563588,734,459.8421250469866,849,531.888234557073,0,0.0,221,138.45382784112266
003370_Dintre_la_gabia.out.txt,CTILC,1906,LIT,central,no,3774,121,320.61473237943824,0,0.0,42,111.28775834658187,0,0.0,12,31.796502384737682,0,0.0,56,148.3836777954425,38,100.68892421833598,1,2.6497085320614735,63,166.93163751987282,19,50.34446210916799,23,60.94329623741388,47,124.53630100688925,5,13.248542660307367,33,87.4403815580286,184,487.54636989931106,271,718.0710121886592,43,113.93746687864335,0,0.0
001605_Les_sirenes_dels_joves_intelligents.out.txt,CTILC,1907,NLIT,central,no,2483,0,0.0,186,749.0938380990738,0,0.0,8,32.21908981071285,15,60.410793395086586,1,4.0273862263391065,39,157.06806282722513,20,80.54772452678212,1,4.0273862263391065,28,112.76681433749496,14,56.38340716874748,14,56.38340716874748,37,149.01329037454693,1,4.0273862263391065,2,8.054772452678213,202,813.5320177204994,55,221.50624244865085,0,0.0,5,20.13693113169553
001716_Exercici_de_via-crucis.out.txt,CTILC,1907,NLIT,baleàric,no,4681,198,422.98654133732106,0,0.0,0,0.0,42,89.72441785943174,15,32.04443494979705,1,2.1362956633198036,99,211.49327066866053,44,93.99700918607135,77,164.49476607562488,1,2.1362956633198036,0,0.0,45,96.13330484939117,100,213.62956633198036,1,2.1362956633198036,5,10.681478316599017,341,728.476821192053,190,405.89617603076266,30,64.0888698995941,2,4.272591326639607
001724_L_accio_economica.out.txt,CTILC,1907,NLIT,nord-occidental,no,5609,204,363.7011945088251,1,1.7828489926903193,31,55.26831877339989,0,0.0,65,115.88518452487075,49,87.35960064182564,32,57.05116776609022,13,23.17703690497415,225,401.14102335532175,0,0.0,8,14.262791941522554,63,112.3194865394901,98,174.71920128365127,1,1.7828489926903193,4,7.131395970761277,411,732.7509359957212,249,443.92939917988946,4,7.131395970761277,56,99.83954359065787
001757_Elements_de_botanica_popular.out.txt,CTILC,1907,NLIT,central,no,41313,1553,375.91073027860483,6,1.4523273545857238,299,72.37431317018856,0,0.0,61,14.765328104954856,3,0.7261636772928619,583,141.1178079539128,347,83.99293200687436,968,234.30881320649675,1,0.2420545590976206,25,6.051363977440515,238,57.6089850652337,408,98.7582601118292,11,2.6626001500738266,90,21.784910318785855,4944,1196.7177401786362,1019,246.65359572047538,4,0.9682182363904824,575,139.18137148113186
001788_Reglamentacio_del_alletament_mercenari.out.txt,CTILC,1907,NLIT,central,no,1656,40,241.54589371980677,0,0.0,13,78.5024154589372,0,0.0,11,66.42512077294685,2,12.077294685990337,20,120.77294685990339,10,60.38647342995169,54,326.0869565217391,1,6.038647342995168,0,0.0,20,120.77294685990339,27,163.04347826086956,5,30.193236714975846,70,422.70531400966183,29,175.12077294685992,71,428.74396135265704,10,60.38647342995169,2,12.077294685990337
001833_L_harmonia_en_l_art.out.txt,CTILC,1907,NLIT,central,no,6190,230,371.5670436187399,2,3.2310177705977385,23,37.15670436187399,3,4.846526655896607,50,80.77544426494346,1,1.6155088852988693,64,103.39256865912763,48,77.54442649434571,0,0.0,85,137.31825525040387,26,42.003231017770595,16,25.84814216478191,78,126.00969305331179,3,4.846526655896607,10,16.155088852988694,585,945.0726978998384,359,579.967689822294,45,72.69789983844912,0,0.0
001834_L_Ausa_romana_y_el_seu_temple.out.txt,CTILC,1907,NLIT,central,no,11259,343,304.64517275068835,8,7.105426769695354,108,95.92326139088729,0,0.0,60,53.29070077271516,0,0.0,179,158.98392397193356,177,157.20756727950973,201,178.52384758859577,0,0.0,76,67.50155431210587,76,67.50155431210587,139,123.45679012345678,5,4.440891731059597,31,27.5335287325695,827,734.5234923172574,522,463.6290967226219,126,111.91047162270185,21,18.651745270450306
001839_Les_nostres_festes_majors.out.txt,CTILC,1907,NLIT,central,no,2308,111,480.9358752166377,0,0.0,23,99.6533795493934,0,0.0,35,151.6464471403813,15,64.99133448873484,2,8.665511265164644,5,21.663778162911612,29,125.64991334488735,0,0.0,17,73.65684575389949,24,103.98613518197574,38,164.64471403812826,1,4.332755632582322,1,4.332755632582322,207,896.8804159445408,122,528.5961871750433,25,108.31889081455806,0,0.0
001899_Discurs.out.txt,CTILC,1907,NLIT,central,no,5421,209,385.53772366722006,2,3.6893562073418185,65,119.9040767386091,0,0.0,14,25.82549345139273,3,5.534034311012728,85,156.79763881202732,75,138.35085777531822,0,0.0,58,106.99133001291274,4,7.378712414683637,80,147.57424829367275,69,127.28278915329275,0,0.0,3,5.534034311012728,385,710.2010699133002,289,533.1119719608928,45,83.01051466519093,0,0.0
003033_Iberisme.out.txt,CTILC,1907,LIT,central,no,23933,8,3.3426649396231145,966,403.6267914594911,0,0.0,198,82.73095725567208,37,15.459825345756906,24,10.027994818869344,393,164.2084151589855,228,95.26595077925876,14,5.84966364434045,305,127.43910082313124,239,99.86211507124055,351,146.65942422596416,275,114.90410729954456,26,10.863661053775122,75,31.337483808966695,2029,847.7833953119124,789,329.6703296703297,1,0.4178331174528893,190,79.38829231604896
003109_Contes_vallespirenchs.out.txt,CTILC,1907,LIT,septentrional,no,47532,1881,395.7334006563999,0,0.0,2,0.42076916603551295,208,43.75999326769334,161,33.87191786585879,7,1.4726920811242952,685,144.11343936716318,221,46.49499284692418,15,3.155768745266347,605,127.28267272574264,0,0.0,565,118.86728940503241,783,164.7311285029033,0,0.0,659,138.6434402087015,2559,538.3741479424388,2612,549.5245308423799,642,135.06690229739965,8,1.6830766641420518
000159_Memories_d_un_noy_de_Vich.out.txt,CTILC,1908,LIT,central,no,14594,600,411.1278607646978,1,0.6852131012744963,177,121.28271892558585,0,0.0,161,110.31930930519391,94,64.41003151980266,40,27.408524050979853,40,27.408524050979853,516,353.5699602576401,0,0.0,82,56.187474304508704,156,106.89324379882143,232,158.96943949568316,4,2.7408524050979852,56,38.3719336713718,1077,737.9745100726326,757,518.7063176647937,188,128.82006303960532,5,3.4260655063724816
001685_La_educacio_relligiosa_en_les_escoles.out.txt,CTILC,1908,NLIT,central,no,6972,307,440.33275960986805,1,1.4343086632243258,47,67.41250717154331,0,0.0,38,54.50372920252439,4,5.737234652897303,74,106.13884107860011,54,77.4526678141136,106,152.03671830177854,28,40.16064257028112,44,63.10958118187034,47,67.41250717154331,115,164.94549627079746,0,0.0,4,5.737234652897303,560,803.2128514056225,376,539.3000573723465,46,65.978198508319,1,1.4343086632243258
001775_Geometria.out.txt,CTILC,1908,NLIT,central,no,10982,235,213.98652340193044,2,1.821161901293025,45,40.97614277909306,0,0.0,35,31.87033327262794,1,0.9105809506465125,253,230.37698051356764,123,112.00145692952104,0,0.0,189,172.09979967219087,78,71.02531415042797,30,27.317428519395374,38,34.602076124567475,16,14.5692952103442,17,15.479876160990713,872,794.026588963759,161,146.6035330540885,0,0.0,86,78.30996175560007
001791_Concepte_modern_del_vegetarisme.out.txt,CTILC,1908,NLIT,central,no,16398,648,395.1701427003293,8,4.878643737041102,199,121.35626295889743,0,0.0,282,171.97219173069888,204,124.4054152945481,3,1.8294914013904133,3,1.8294914013904133,260,158.55592145383582,9,5.488474204171241,131,79.88779119404805,119,72.56982558848641,197,120.13660202463714,2,1.2196609342602756,16,9.757287474082204,1490,908.6473960239055,860,524.4542017319185,205,125.01524576167826,19,11.58677887547262
001838_L_sport_catolich.out.txt,CTILC,1908,NLIT,central,no,3628,166,457.5523704520397,0,0.0,30,82.69018743109152,0,0.0,54,148.84233737596472,22,60.63947078280044,4,11.025358324145534,15,41.34509371554576,144,396.91289966923927,0,0.0,4,11.025358324145534,45,124.03528114663727,55,151.59867695700112,4,11.025358324145534,8,22.05071664829107,278,766.2624035281148,175,482.35942668136715,32,88.20286659316427,0,0.0
001892_La_manifestacio_de_les_passions_en_el_te.out.txt,CTILC,1908,NLIT,central,no,6280,199,316.8789808917197,0,0.0,27,42.99363057324841,0,0.0,46,73.2484076433121,0,0.0,130,207.00636942675158,75,119.4267515923567,27,42.99363057324841,92,146.4968152866242,6,9.554140127388536,40,63.69426751592357,179,285.031847133758,4,6.369426751592356,4,6.369426751592356,672,1070.063694267516,272,433.1210191082802,0,0.0,57,90.76433121019107
001900_De_poetisacio.out.txt,CTILC,1908,NLIT,baleàric,no,6392,0,0.0,243,380.162703379224,0,0.0,11,17.2090112640801,12,18.773466833541928,3,4.693366708385482,148,231.53942428035046,67,104.81852315394244,3,4.693366708385482,121,189.2991239048811,25,39.11138923654568,23,35.98247809762203,64,100.12515644555695,0,0.0,6,9.386733416770964,537,840.1126408010012,208,325.4067584480601,0,0.0,58,90.73842302878597
001932_Manual_de_fonetica_catalana.out.txt,CTILC,1908,NLIT,central,no,6383,33,51.69982766724112,115,180.16606611311295,2,3.1333228889237037,14,21.933260222465925,15,23.499921666927776,0,0.0,115,180.16606611311295,57,89.29970233432554,87,136.2995456681811,6,9.39996866677111,2,3.1333228889237037,32,50.13316622277926,84,131.59956133479554,0,0.0,19,29.766567444775184,473,741.0308632304559,103,161.36612877957074,14,21.933260222465925,62,97.13300955663482
001934_Les_monedes_catalanes_I.out.txt,CTILC,1908,NLIT,central,no,24803,888,358.0212071120429,24,9.676248840866025,335,135.06430673708826,0,0.0,55,22.17473692698464,7,2.8222392452525904,349,140.70878522759344,277,111.68003870499537,57,22.981090997056807,335,135.06430673708826,100,40.317703503608435,362,145.95008668306252,253,102.00378986412933,29,11.692134016046445,54,21.771559891948556,2698,1087.7716405273557,582,234.6490343910011,5,2.0158851751804217,150,60.47655525541265
001966_Relacions_de_la_salut_y_la_ensenyanca_a_.out.txt,CTILC,1908,NLIT,central,no,7846,366,466.4797348967627,0,0.0,77,98.13917919959215,0,0.0,68,86.66836604639306,12,15.294417537598777,67,85.39383125159317,62,79.02115727759367,0,0.0,115,146.5715014019883,106,135.1006882487892,129,164.41498852918687,120,152.94417537598775,11,14.01988274279888,9,11.470813153199083,524,667.8562324751466,366,466.4797348967627,39,49.70685699719603,2,2.5490695895997963
001967_Mestre_Joan_Gasco_contribucio_a_l_histor.out.txt,CTILC,1908,NLIT,central,no,10078,304,301.64715221274065,9,8.930343322087715,156,154.79261758285375,0,0.0,47,46.6362373486803,2,1.9845207382417147,207,205.3978964080175,65,64.49692399285573,172,170.66878348878745,3,2.976781107362572,70,69.45822583846001,91,90.29569358999801,94,93.2724746973606,1,0.9922603691208574,19,18.85294701329629,648,642.9847191903156,401,397.8964080174638,131,129.9861083548323,71,70.45048620758087
001977_Els_capitols_matrimonials_a_la_comarca_d.out.txt,CTILC,1908,NLIT,central,no,45218,1713,378.8314388075545,2,0.44230173824583136,329,72.75863594143925,0,0.0,106,23.44199212702906,5,1.1057543456145782,663,146.62302622849307,634,140.20965102392853,1454,321.5533637047194,2,0.44230173824583136,1,0.22115086912291568,253,55.95116988809766,714,157.90172055376178,43,9.509487372285372,159,35.16298819054359,3574,790.3932062453005,1969,435.44606130302094,212,46.88398425405812,58,12.826750409129106
002104_Prolech.out.txt,CTILC,1908,NLIT,central,no,9212,356,386.4524533217542,10,10.855405992184108,64,69.4745983499783,0,0.0,25,27.13851498046027,2,2.1710811984368217,151,163.91663048198,125,135.69257490230135,6,6.513243595310464,99,107.46851932262267,70,75.98784194528875,86,93.35649153278332,146,158.48892748588798,2,2.1710811984368217,8,8.684324793747287,649,704.5158488927486,394,427.70299609205387,62,67.30351715154147,7,7.598784194528875
002230_Carta_a_Ernest_Moline_i_Brases_23V1908.out.txt,CTILC,1908,NLIT,baleàric,no,432,20,462.96296296296293,0,0.0,5,115.74074074074073,0,0.0,0,0.0,0,0.0,5,115.74074074074073,3,69.44444444444444,9,208.33333333333331,0,0.0,3,69.44444444444444,2,46.29629629629629,6,138.88888888888889,0,0.0,1,23.148148148148145,36,833.3333333333333,26,601.8518518518518,8,185.18518518518516,1,23.148148148148145
003029_Sota_Montjuic.out.txt,CTILC,1908,LIT,central,no,44869,18,4.011678441685796,1478,329.4033742673115,1,0.22287102453809982,478,106.5323497292117,233,51.92894871737725,38,8.469098932447793,812,180.971271924937,449,100.06909001760681,7,1.5600971717666987,698,155.56397512759366,240,53.48904588914395,377,84.02237625086363,503,112.1041253426642,35,7.800485858833493,147,32.76204060710067,2482,553.1658829035637,1414,315.13962869687316,0,0.0,319,71.09585682765385
003152_La_colla_d_en_Pep_Mata_o__Els_martirs_de.out.txt,CTILC,1908,LIT,central,no,7804,1,1.2813941568426448,123,157.61148129164533,0,0.0,106,135.82778062532034,26,33.31624807790876,6,7.688364941055869,189,242.18349564325985,71,90.97898513582778,4,5.125576627370579,56,71.75807278318811,201,257.5602255253716,176,225.5253716043055,72,92.26037929267044,1,1.2813941568426448,27,34.59764223475141,365,467.70886724756537,267,342.1322398769862,1,1.2813941568426448,137,175.55099948744234
003184_La_montanya_d_amethystes.out.txt,CTILC,1908,LIT,central,no,19948,793,397.5335873270503,18,9.02346099859635,312,156.4066573090034,0,0.0,8,4.010427110487266,2,1.0026067776218166,395,198.0148385803088,206,103.26849809504712,2,1.0026067776218166,373,186.98616402646883,0,0.0,227,113.7958692600762,323,161.92099458592338,2,1.0026067776218166,53,26.569079606978143,2036,1020.6536996190093,504,252.6569079606978,3,1.503910166432725,318,159.41447764186884
003259_Involucio.out.txt,CTILC,1908,LIT,central,no,15231,481,315.80329590965795,0,0.0,175,114.89724903158033,0,0.0,43,28.231895476331168,10,6.565557087518876,230,151.00781301293415,179,117.52347186658787,30,19.696671262556627,264,173.33070711049834,145,95.20057776902371,152,99.79646773028692,317,208.12815967434835,5,3.282778543759438,57,37.42367539885759,1219,800.3414089685509,751,493.0733372726676,126,82.72601930273784,8,5.252445670015101
003297_Les_albes_de_la_vida.out.txt,CTILC,1908,LIT,central,no,16157,0,0.0,621,384.3535309772854,0,0.0,158,97.79043139196632,30,18.567803428854365,0,0.0,285,176.39413257411647,207,128.11784365909512,0,0.0,216,133.68818468775146,146,90.36331002042458,135,83.55511542984465,129,79.84155474407378,2,1.2378535619236246,18,11.14068205731262,1382,855.3568112892244,540,334.2204617193786,0,0.0,80,49.51414247694498
001635_Contra_la_blasfemia.out.txt,CTILC,1909,NLIT,central,no,4416,255,577.445652173913,0,0.0,27,61.14130434782609,0,0.0,87,197.0108695652174,37,83.78623188405798,0,0.0,0,0.0,130,294.3840579710145,0,0.0,2,4.528985507246377,31,70.19927536231884,78,176.6304347826087,0,0.0,3,6.793478260869565,305,690.6702898550725,214,484.6014492753623,13,29.43840579710145,1,2.2644927536231885
001637_L_amor_tipich.out.txt,CTILC,1909,NLIT,central,no,7092,301,424.4218838127468,1,1.410039481105471,58,81.7822899041173,0,0.0,171,241.11675126903552,73,102.93288212069938,1,1.410039481105471,0,0.0,196,276.3677382966723,0,0.0,30,42.30118443316413,41,57.81161872532431,110,155.10434292160178,1,1.410039481105471,5,7.050197405527355,481,678.2289904117315,363,511.8443316412859,51,71.91201353637902,0,0.0
001639_La_gloria_del_martiri.out.txt,CTILC,1909,NLIT,central,no,7253,383,528.0573555770026,0,0.0,59,81.34565007583069,0,0.0,149,205.43223493726734,71,97.89052805735558,1,1.3787398317937405,0,0.0,226,311.59520198538536,0,0.0,15,20.681097476906107,39,53.770853439955886,112,154.41886116089893,2,2.757479663587481,6,8.272438990762444,603,831.3801185716254,346,477.04398180063424,41,56.52833310354336,1,1.3787398317937405
001649_Estudi_feminista.out.txt,CTILC,1909,NLIT,central,no,18679,706,377.9645591305744,1,0.5353605653407569,205,109.74891589485519,0,0.0,268,143.47663151132286,165,88.33449328122491,19,10.171850741474383,2,1.0707211306815139,304,162.74961186359013,4,2.1414422613630277,113,60.49574388350554,177,94.75882006531398,334,178.81042882381283,17,9.101129610792869,18,9.636490176133625,1828,978.6391134429039,797,426.68237057658337,114,61.0311044488463,9,4.818245088066813
001717_La_moral_ciutadana.out.txt,CTILC,1909,NLIT,central,no,17651,800,453.2321114950994,2,1.1330802787377485,144,81.5817800691179,0,0.0,217,122.93921024304572,19,10.76426264800861,92,52.121692821936435,88,49.85553226446094,510,288.9354710781259,0,0.0,2,1.1330802787377485,173,98.01144411081526,260,147.3004362359073,11,6.2319415330576176,39,22.0950654353861,1274,721.7721375559457,1049,594.3006061979492,175,99.144524389553,1,0.5665401393688743
001764_Trevalls_quirurgichs.out.txt,CTILC,1909,NLIT,central,no,10008,282,281.7745803357314,0,0.0,103,102.91766586730617,0,0.0,64,63.94884092725819,39,38.96882494004796,110,109.91207034372502,83,82.93365307753797,292,291.76658673061553,2,1.9984012789768184,0,0.0,48,47.961630695443645,287,286.77058353317346,6,5.995203836930456,157,156.87450039968024,642,641.4868105515587,385,384.69224620303754,127,126.89848121502797,12,11.990407673860911
001790_Memoria.out.txt,CTILC,1909,NLIT,central,no,1892,68,359.4080338266385,0,0.0,9,47.56871035940804,0,0.0,1,5.2854122621564485,0,0.0,34,179.70401691331924,15,79.28118393234672,47,248.41437632135307,0,0.0,0,0.0,25,132.13530655391122,46,243.12896405919662,0,0.0,0,0.0,146,771.6701902748414,59,311.83932346723043,18,95.13742071881607,0,0.0
001937_Discurs.out.txt,CTILC,1909,NLIT,central,no,3503,103,294.0336854125036,0,0.0,46,131.31601484441907,0,0.0,55,157.00827861832713,25,71.36739937196688,0,0.0,0,0.0,0,0.0,47,134.17071081929774,0,0.0,41,117.04253497002568,50,142.73479874393377,0,0.0,3,8.564087924636027,370,1056.2375107051098,184,525.2640593776763,31,88.49557522123894,0,0.0
002120_Siluetes_de_escriptors_catalans_del_sigl.out.txt,CTILC,1909,NLIT,central,no,17929,23,12.82837860449551,645,359.7523565173741,0,0.0,186,103.7425400189637,75,41.83166936248536,29,16.174912153494336,354,197.4454793909309,137,76.41251603547326,37,20.63695688549278,279,155.61381002844553,97,54.10229237548106,195,108.76234034246193,173,96.49171732946623,6,3.346533548998829,68,37.92738022198672,942,525.4057671928161,424,236.48837079591723,4,2.231022365999219,173,96.49171732946623
002415_Cartes_a_Amador_Romani_i_Guerra_1909.out.txt,CTILC,1909,NLIT,central,no,534,22,411.9850187265917,0,0.0,11,205.99250936329585,0,0.0,4,74.90636704119851,0,0.0,15,280.8988764044944,7,131.08614232209737,18,337.07865168539325,0,0.0,0,0.0,1,18.726591760299627,10,187.26591760299627,0,0.0,0,0.0,18,337.07865168539325,29,543.0711610486892,10,187.26591760299627,3,56.17977528089887
003088_Cap_al_tard.out.txt,CTILC,1909,LIT,baleàric,no,10788,354,328.14238042269193,4,3.707823507601038,67,62.10604375231739,2,1.853911753800519,52,48.2017055988135,6,5.561735261401557,185,171.48683722654803,83,76.93733778272154,149,138.11642565813867,30,27.808676307007786,22,20.393029291805707,138,127.91991101223583,168,155.7285873192436,0,0.0,13,12.050426399703374,603,558.9543937708565,410,380.0519095291064,103,95.47645532072673,1,0.9269558769002595
003132_Doctor_Stumper.out.txt,CTILC,1909,LIT,central,no,5251,226,430.3942106265473,1,1.9043991620643688,58,110.4551513997334,5,9.521995810321844,22,41.896781565416106,0,0.0,91,173.30032374785756,42,79.98476480670348,5,9.521995810321844,130,247.5718910683679,1,1.9043991620643688,43,81.88916396876786,66,125.69034469624833,0,0.0,45,85.69796229289659,266,506.5701771091221,329,626.5473243191773,88,167.58712626166442,2,3.8087983241287375
003170_La_pobra_Berta.out.txt,CTILC,1909,LIT,central,no,20873,616,295.1180951468404,1,0.4790878167968189,190,91.02668519139559,1,0.4790878167968189,134,64.19776745077372,0,0.0,371,177.7415800316198,141,67.55138216835147,25,11.977195419920472,220,105.39931969530014,1,0.4790878167968189,176,84.31945575624012,316,151.39175010779476,1,0.4790878167968189,164,78.57040195467829,1137,544.7228476979831,1135,543.7646720643894,244,116.8974272984238,6,2.874526900780913
001633_Instruccions_dirigides_als_relligiosos_m.out.txt,CTILC,1910,NLIT,central,no,13428,633,471.4030384271671,0,0.0,104,77.45010425975573,0,0.0,239,177.98629728924635,5,3.723562704795949,97,72.23711647304141,89,66.27941614536789,224,166.81560917485848,203,151.17664581471553,27,20.107238605898125,93,69.25826630920464,230,171.28388442061365,0,0.0,16,11.915400655347035,1165,867.5901102174561,645,480.3395889186774,93,69.25826630920464,6,4.468275245755138
001640_Conferencia_sobre_l_Accio_Catolica_Socia.out.txt,CTILC,1910,NLIT,central,no,4267,147,344.5043355987813,0,0.0,36,84.36840871806889,0,0.0,66,154.67541598312633,42,98.42981017108038,10,23.435669088352473,3,7.030700726505742,146,342.1607686899461,0,0.0,0,0.0,57,133.5833138036091,91,213.2645887040075,5,11.717834544176236,13,30.466369814858215,474,1110.8507147879072,193,452.3084134052027,33,77.33770799156316,2,4.687133817670494
001644_L_atletisme_cristia.out.txt,CTILC,1910,NLIT,central,no,13314,510,383.0554303740424,1,0.751089079164789,89,66.84692804566622,0,0.0,274,205.7984076911522,116,87.12633318311552,1,0.751089079164789,1,0.751089079164789,435,326.7237494366832,0,0.0,43,32.296830404085924,90,67.598017124831,159,119.42316358720143,5,3.7554453958239447,6,4.506534474988734,995,747.333633768965,665,499.47423764458466,66,49.57187922487607,3,2.253267237494367
001725_Estat_actual_de_la_politica_catalana.out.txt,CTILC,1910,NLIT,central,no,10807,382,353.4745997964282,0,0.0,34,31.461090034237067,19,17.581197372073657,65,60.14620153604145,0,0.0,192,177.66262607569166,149,137.87360044415658,40,37.01304709910243,82,75.87674655315999,0,0.0,139,128.62033866938097,153,141.5749051540668,5,4.626630887387804,13,12.02924030720829,742,686.5920236883502,548,507.07874525770336,63,58.29554918108633,20,18.506523549551215
001733_Negacions_y_afirmacions_del_catalanisme.out.txt,CTILC,1910,NLIT,baleàric,no,10382,308,296.6673088036987,1,0.9632055480639569,59,56.82912733577346,0,0.0,41,39.49142747062223,0,0.0,200,192.64110961279138,120,115.58466576767482,1,0.9632055480639569,107,103.06299364284338,0,0.0,192,184.93546522827972,178,171.45058755538432,11,10.595261028703526,31,29.859371989982662,875,842.8048545559623,274,263.9183201695242,0,0.0,93,89.57811596994799
001734_La_festa_del_Bisbeto_a_Montserrat_y_orig.out.txt,CTILC,1910,NLIT,central,no,4512,159,352.3936170212766,1,2.2163120567375887,43,95.30141843971631,1,2.2163120567375887,16,35.46099290780142,3,6.648936170212766,77,170.65602836879432,55,121.89716312056738,1,2.2163120567375887,41,90.86879432624113,32,70.92198581560284,28,62.05673758865249,59,130.76241134751774,2,4.432624113475177,8,17.73049645390071,317,702.5709219858156,95,210.5496453900709,2,4.432624113475177,28,62.05673758865249
001740_Informe_sobre_l_estat_d_alguns_arxius_de.out.txt,CTILC,1910,NLIT,central,no,6892,320,464.30644225188627,5,7.254788160185723,42,60.94022054556007,0,0.0,20,29.01915264074289,8,11.607661056297156,79,114.62565293093441,86,124.78235635519444,9,13.0586186883343,66,95.76320371445154,23,33.37202553685432,127,184.27161926871736,113,163.95821242019733,4,5.803830528148578,4,5.803830528148578,586,850.2611723737667,253,367.0922809053975,62,89.95937318630297,0,0.0
001743_Criminalitat_tipica_local.out.txt,CTILC,1910,NLIT,central,no,8400,1,1.1904761904761905,222,264.2857142857143,0,0.0,70,83.33333333333333,52,61.904761904761905,9,10.714285714285715,142,169.04761904761904,81,96.42857142857142,0,0.0,49,58.333333333333336,31,36.904761904761905,80,95.23809523809524,102,121.42857142857143,17,20.238095238095237,19,22.619047619047617,631,751.1904761904761,276,328.57142857142856,0,0.0,92,109.52380952380953
001744_L_ideal_del_sacerdot.out.txt,CTILC,1910,NLIT,central,no,13040,615,471.62576687116564,0,0.0,78,59.8159509202454,57,43.71165644171779,77,59.04907975460122,1,0.7668711656441718,245,187.88343558282207,134,102.76073619631902,0,0.0,201,154.1411042944785,13,9.969325153374234,39,29.9079754601227,235,180.21472392638037,8,6.134969325153374,8,6.134969325153374,946,725.4601226993865,518,397.23926380368096,72,55.21472392638037,1,0.7668711656441718
001755_L_anarquisme_contemporani_y_sos_factors.out.txt,CTILC,1910,NLIT,central,no,13663,650,475.73739295908655,1,0.7319036814755179,93,68.06704237722316,0,0.0,180,131.7426626655932,17,12.442362585083801,67,49.037546658859696,82,60.016101880992466,357,261.28961428675984,0,0.0,5,3.6595184073775893,118,86.3646344141111,245,179.31640196150184,17,12.442362585083801,14,10.246651540657249,1041,761.911732416014,677,495.4987923589255,92,67.33513869574763,0,0.0
001830_Reglament_interior_de_la_Societat_de_Geo.out.txt,CTILC,1910,NLIT,central,no,2495,95,380.76152304609224,1,4.008016032064128,18,72.14428857715431,0,0.0,5,20.040080160320638,0,0.0,58,232.46492985971943,61,244.48897795591185,118,472.94589178356716,0,0.0,14,56.11222444889779,34,136.27254509018036,70,280.56112224448896,1,4.008016032064128,7,28.056112224448896,162,649.2985971943888,39,156.31262525050101,1,4.008016032064128,9,36.07214428857716
002224_Carta_a_Francesc_Matheu_22III1910.out.txt,CTILC,1910,NLIT,central,no,279,7,250.89605734767025,0,0.0,1,35.842293906810035,0,0.0,7,250.89605734767025,1,35.842293906810035,0,0.0,0,0.0,16,573.4767025089606,1,35.842293906810035,0,0.0,5,179.21146953405017,8,286.7383512544803,0,0.0,5,179.21146953405017,2,71.68458781362007,15,537.6344086021505,5,179.21146953405017,0,0.0
003123_Fontalegria.out.txt,CTILC,1910,LIT,central,no,11278,323,286.39829757049125,0,0.0,92,81.5747472956198,0,0.0,37,32.80723532541231,0,0.0,246,218.12378081220075,61,54.087604185139206,9,7.980138322397589,163,144.52917183897856,0,0.0,114,101.08175208370278,162,143.6424898031566,1,0.8866820358219543,55,48.76751197020748,691,612.6972867529704,751,665.8982089022876,117,103.74179819116866,0,0.0
003131_L_abella_perduda.out.txt,CTILC,1910,LIT,central,no,2909,5,17.188037126160193,40,137.50429700928154,1,3.4376074252320388,24,82.50257820556892,21,72.1897559298728,0,0.0,28,96.25300790649707,13,44.6888965280165,3,10.312822275696115,39,134.0666895840495,16,55.00171880371262,27,92.81540048126504,19,65.31454107940873,0,0.0,24,82.50257820556892,131,450.32657270539704,127,436.57614300446886,0,0.0,50,171.88037126160194
003364_Primera_conferencia.out.txt,CTILC,1910,LIT,central,no,7405,271,365.96893990546926,9,12.153950033760973,1,1.3504388926401079,39,52.66711681296422,26,35.11141120864281,11,14.854827819041189,54,72.92370020256583,62,83.7272113436867,0,0.0,50,67.5219446320054,33,44.564483457123565,82,110.73598919648886,112,151.2491559756921,9,12.153950033760973,6,8.102633355840648,818,1104.6590141796084,235,317.3531397704254,0,0.0,76,102.6333558406482
000719_El_gripau.out.txt,CTILC,1911,NLIT,central,no,2503,0,0.0,65,259.6883739512585,0,0.0,13,51.9376747902517,5,19.97602876548142,1,3.9952057530962843,52,207.7506991610068,28,111.86576108669595,0,0.0,33,131.84178985217739,19,75.90890930882941,18,71.91370355573312,29,115.86096683979224,1,3.9952057530962843,7,27.96644027167399,229,914.9021174590491,47,187.77467039552536,0,0.0,26,103.8753495805034
000720_Les_rates-pinyades.out.txt,CTILC,1911,NLIT,central,no,6984,7,10.02290950744559,204,292.0962199312715,0,0.0,29,41.52348224513173,15,21.47766323024055,2,2.86368843069874,93,133.1615120274914,81,115.97938144329898,0,0.0,27,38.659793814432994,42,60.137457044673546,90,128.86597938144328,103,147.47995418098512,4,5.72737686139748,18,25.77319587628866,1091,1562.1420389461628,79,113.11569301260023,0,0.0,40,57.273768613974795
001611_Epistemologia_balmesiana.out.txt,CTILC,1911,NLIT,nord-occidental,no,30399,916,301.3257015033389,1,0.3289581894141254,209,68.75226158755223,0,0.0,539,177.30846409421363,35,11.513536629494393,227,74.67350899700648,175,57.56768314747196,496,163.1632619494062,1,0.3289581894141254,99,32.56686075199842,77,25.329780584887658,444,146.05743609987172,58,19.079574986019274,144,47.369979275634066,2046,673.0484555413007,1466,482.25270568110795,263,86.516003815915,62,20.395407743675776
001641_Cultu_de_la_carn.out.txt,CTILC,1911,NLIT,central,no,11691,515,440.50979385852366,1,0.8553588230262595,50,42.767941151312975,0,0.0,227,194.16645282696092,109,93.23411170986229,5,4.276794115131298,0,0.0,375,320.75955863484734,0,0.0,18,15.39645881447267,67,57.30904114275939,154,131.72525874604398,7,5.987511761183816,9,7.698229407236335,809,691.9852878282439,539,461.0384056111539,54,46.18937644341801,2,1.710717646052519
001765_Consideracions_respecte_a_pronostic.out.txt,CTILC,1911,NLIT,central,no,14408,457,317.18489727928926,5,3.470294280955025,159,110.3553581343698,0,0.0,105,72.87617990005552,0,0.0,369,256.10771793448083,133,92.30982787340366,228,158.24541921154915,0,0.0,3,2.082176568573015,105,72.87617990005552,240,166.5741254858412,7,4.858411993337035,24,16.65741254858412,739,512.9094947251527,503,349.11160466407546,8,5.55247084952804,331,229.73348139922265
001770_Del_comers_antich_y_modern_de_Tarragona.out.txt,CTILC,1911,NLIT,central,no,12944,443,342.2435105067985,0,0.0,81,62.57725587144623,0,0.0,74,57.16934487021014,13,10.04326328800989,191,147.55871446229912,140,108.15822002472189,4,3.0902348578491963,185,142.92336217552534,0,0.0,191,147.55871446229912,218,168.4177997527812,11,8.49814585908529,23,17.76885043263288,907,700.7107540173054,464,358.46724351050676,78,60.25957972805933,1,0.7725587144622991
001835_Unificacio_depuracio_y_expansio_de_la_ll.out.txt,CTILC,1911,NLIT,central,no,8368,424,506.6921606118547,8,9.560229445506693,1,1.1950286806883366,25,29.875717017208412,45,53.77629063097514,7,8.365200764818356,138,164.91395793499044,93,111.1376673040153,38,45.41108986615679,72,86.04206500956023,11,13.145315487571702,96,114.72275334608031,129,154.1586998087954,8,9.560229445506693,11,13.145315487571702,594,709.8470363288718,448,535.3728489483748,127,151.76864244741876,25,29.875717017208412
001840_Notes_referents_als_segells_del_rei_Mart.out.txt,CTILC,1911,NLIT,central,no,5258,167,317.6112590338532,9,17.11677443895017,65,123.62114872575124,0,0.0,14,26.626093571700263,3,5.705591479650057,89,169.26588056295168,44,83.68200836820083,1,1.9018638265500192,64,121.71928489920123,37,70.36896158235069,47,89.3875998478509,63,119.8174210726512,0,0.0,7,13.313046785850132,291,553.4423735260556,113,214.91061240015216,1,1.9018638265500192,46,87.48573602130088
001896_Les_orientacions.out.txt,CTILC,1911,NLIT,central,no,11078,397,358.3679364506229,0,0.0,0,0.0,109,98.39321177107782,88,79.436721429861,1,0.9026900162484203,185,166.99765300595774,116,104.71204188481676,3,2.708070048745261,116,104.71204188481676,0,0.0,99,89.3663116085936,168,151.6519227297346,5,4.513450081242102,24,21.664560389962087,785,708.6116627550099,341,307.8172955407113,0,0.0,103,92.9770716735873
003154_Els_idols.out.txt,CTILC,1911,LIT,central,no,5897,170,288.28217737832796,1,1.6957775139901645,78,132.27064609123283,0,0.0,21,35.61132779379346,1,1.6957775139901645,91,154.31575377310497,45,76.3099881295574,28,47.4817703917246,97,164.49041885704594,0,0.0,140,237.40885195862302,79,133.96642360522299,0,0.0,29,49.17754790571477,335,568.0854671867052,333,564.6939121587249,56,94.9635407834492,2,3.391555027980329
003161_Els_zin-calos.out.txt,CTILC,1911,LIT,central,no,6251,20,31.994880819068946,117,187.17005279155336,0,0.0,44,70.38873780195169,3,4.799232122860342,1,1.5997440409534474,310,495.92065269556866,56,89.58566629339306,0,0.0,37,59.190529515277554,22,35.194368900975846,27,43.19308910574308,57,91.1854103343465,2,3.1994880819068947,22,35.194368900975846,291,465.5255159174532,128,204.76723724204126,0,0.0,52,83.18669012957928
003181_Somni_de_primavera.out.txt,CTILC,1911,LIT,central,no,5002,120,239.90403838464613,0,0.0,73,145.94162335065974,0,0.0,6,11.995201919232308,0,0.0,69,137.94482207117153,34,67.97281087564974,19,37.98480607756897,78,155.93762495002,68,135.94562175129948,41,81.9672131147541,39,77.96881247501,0,0.0,14,27.988804478208717,224,447.8208716513395,272,543.7824870051979,40,79.96801279488204,0,0.0
000721_L_erisso.out.txt,CTILC,1912,NLIT,central,no,2355,3,12.738853503184712,54,229.29936305732483,0,0.0,14,59.447983014862,9,38.21656050955414,0,0.0,33,140.12738853503186,28,118.895966029724,1,4.246284501061571,30,127.38853503184714,14,59.447983014862,15,63.69426751592357,79,335.4564755838641,1,4.246284501061571,2,8.492569002123142,279,1184.7133757961783,46,195.32908704883226,0,0.0,19,80.67940552016985
001621_Dels_origens_del_coneixement_de_lo_real_.out.txt,CTILC,1912,NLIT,central,no,14824,290,195.6287101996762,0,0.0,97,65.43443065299515,0,0.0,142,95.79060982191042,0,0.0,219,147.733405288721,153,103.21100917431193,5,3.3729087965461413,135,91.06853750674581,3,2.0237452779276848,38,25.634106853750673,287,193.60496492174852,14,9.444144630329196,19,12.817053426875336,1068,720.4533189422559,494,333.24338909875877,102,68.80733944954129,16,10.793308148947652
001622_Els_rayers.out.txt,CTILC,1912,NLIT,nord-occidental,no,4297,126,293.2278333721201,1,2.327205026762858,29,67.48894577612288,0,0.0,14,32.58087037468001,4,9.308820107051432,87,202.46683732836863,51,118.68745636490576,0,0.0,36,83.77938096346288,27,62.83453572259716,50,116.36025133814289,69,160.5771468466372,2,4.654410053525716,15,34.908075401442865,364,847.1026297416802,123,286.2462182918315,0,0.0,34,79.12497090993718
001638_Idees_que_matan_idees_que_vivifican.out.txt,CTILC,1912,NLIT,central,no,6053,219,361.80406410044606,1,1.6520733520568311,27,44.60598050553445,0,0.0,130,214.76953576738805,55,90.86403436312573,1,1.6520733520568311,0,0.0,198,327.1105237072526,0,0.0,4,6.608293408227325,40,66.08293408227325,103,170.16355526185362,3,4.956220056170494,15,24.78110028085247,436,720.3039814967785,314,518.7510325458451,34,56.17049396993227,2,3.3041467041136623
001756_Frares_y_monjes.out.txt,CTILC,1912,NLIT,central,no,15126,752,497.1572127462647,1,0.6611133148221605,94,62.144651593283086,0,0.0,148,97.84477059367975,5,3.3055665741108022,99,65.4502181673939,133,87.92807087134734,395,261.1397593547534,0,0.0,1,0.6611133148221605,148,97.84477059367975,213,140.8171360571202,9,5.950019833399445,28,18.511172815020494,1371,906.3863546211821,766,506.4127991537749,96,63.46687822292741,2,1.322226629644321
001869_El_cant_popular_religios.out.txt,CTILC,1912,NLIT,central,no,11767,320,271.94697034078354,3,2.5495028469448457,134,113.8777938302031,0,0.0,32,27.194697034078356,3,2.5495028469448457,272,231.154924789666,125,106.22928528936858,15,12.747514234724228,187,158.9190107928954,4,3.3993371292597945,110,93.48177105464435,166,141.07249086428146,9,7.648508540834538,22,18.696354210928867,794,674.7684201580691,563,478.45670094331604,112,95.18143961927424,8,6.798674258519589
001881_Notes_preliminars.out.txt,CTILC,1912,NLIT,central,no,3503,127,362.5463888095918,5,14.273479874393377,30,85.64087924636026,0,0.0,71,202.68341421638596,37,105.62375107051099,0,0.0,0,0.0,7,19.982871824150727,79,225.52098201541537,21,59.94861547245218,29,82.78618327148159,51,145.58949471881243,0,0.0,32,91.35027119611762,221,630.8878104481873,119,339.7088210105624,32,91.35027119611762,0,0.0
001930_La_novela_catalana.out.txt,CTILC,1912,NLIT,central,no,6443,214,332.1434114542915,0,0.0,66,102.43675306534224,0,0.0,32,49.66630451652957,1,1.552072016141549,119,184.69656992084433,57,88.4681049200683,99,153.65512959801336,0,0.0,29,45.010088468104925,62,96.22846500077604,74,114.85332919447461,2,3.104144032283098,13,20.17693620984014,570,884.6810492006829,191,296.44575508303586,16,24.833152258264786,80,124.1657612913239
001933_En_Maragall_y_la_seva_obra_de_publicista.out.txt,CTILC,1912,NLIT,baleàric,no,7045,386,547.9063165365508,0,0.0,58,82.32789212207238,0,0.0,36,51.1000709723208,2,2.8388928317956,96,136.26685592618878,31,44.0028388928318,5,7.097232079488999,83,117.81405251951739,0,0.0,73,103.61958836053938,71,100.78069552874379,3,4.258339247693399,8,11.3555713271824,553,784.9538679914833,275,390.3477643718949,72,102.2001419446416,0,0.0
001935_Presentacio_dels_pintors_cubistes.out.txt,CTILC,1912,NLIT,central,sí,1387,51,367.70007209805334,0,0.0,4,28.83922134102379,0,0.0,1,7.209805335255948,0,0.0,23,165.8255227108868,7,50.46863734679163,0,0.0,22,158.61571737563085,9,64.88824801730352,3,21.629416005767844,18,129.77649603460705,0,0.0,6,43.25883201153569,114,821.917808219178,39,281.18240807498194,12,86.51766402307138,1,7.209805335255948
001944_Els_torneigs_de_la_confraria_de_Sant_Jor.out.txt,CTILC,1912,NLIT,central,no,4793,173,360.9430419361569,1,2.0863759649488838,54,112.66430210723972,0,0.0,37,77.19591070310871,6,12.518255789693303,76,158.5645733361152,48,100.14604631754642,72,150.21906947631965,19,39.6411433340288,26,54.245775088670975,83,173.16920509075737,39,81.36866263300647,0,0.0,8,16.69100771959107,363,757.3544752764448,165,344.2520342165658,52,108.49155017734195,0,0.0
001989_Els_arxius_parroquials.out.txt,CTILC,1912,NLIT,central,no,4046,192,474.5427582797825,0,0.0,24,59.31784478497281,1,2.4715768660405337,18,44.48838358872961,0,0.0,35,86.50519031141869,71,175.48195748887792,72,177.95353435491845,0,0.0,5,12.35788433020267,25,61.78942165101334,97,239.7429560059318,0,0.0,6,14.829461196243203,302,746.4162135442413,84,207.61245674740482,0,0.0,41,101.33465150766189
002097_Biografia_de_D_Joan_Mane_y_Flaquer.out.txt,CTILC,1912,NLIT,central,no,17541,689,392.79402542614446,0,0.0,190,108.3176557778918,0,0.0,95,54.1588278889459,9,5.13083632632119,374,213.2147540049028,114,64.99059346673508,15,8.551393877201983,302,172.16806339433327,111,63.280314691294684,229,130.55127985861697,249,141.95313836155293,20,11.401858502935978,58,33.06538965851434,837,477.1677783478707,734,418.4482070577504,173,98.62607605039622,3,1.710278775440397
002358_Cartes_a_Antoni_Maria_Alcover_1912.out.txt,CTILC,1912,NLIT,central,no,1439,38,264.0722724113968,2,13.89854065323141,21,145.9346768589298,0,0.0,11,76.44197359277275,3,20.847810979847115,24,166.78248783877692,12,83.39124391938846,58,403.0576789437109,11,76.44197359277275,3,20.847810979847115,12,83.39124391938846,27,187.63029881862403,0,0.0,6,41.69562195969423,69,479.4996525364837,87,604.5865184155664,20,138.9854065323141,2,13.89854065323141
003150_El_tresor.out.txt,CTILC,1912,LIT,central,no,17145,534,311.4610673665792,0,0.0,219,127.73403324584426,0,0.0,88,51.326917468649754,0,0.0,209,121.90142898804316,72,41.99475065616798,1,0.5832604257801108,397,231.554389034704,0,0.0,165,96.23797025371827,187,109.06969962088073,1,0.5832604257801108,76,44.327792359288416,702,409.4488188976378,857,499.854184893555,0,0.0,192,111.98600174978127
003313_La_pena_de_mort.out.txt,CTILC,1912,LIT,baleàric,no,5245,0,0.0,107,204.00381315538607,0,0.0,37,70.54337464251668,10,19.065776930409914,1,1.9065776930409912,123,234.50905624404197,59,112.4880838894185,0,0.0,80,152.5262154432793,19,36.224976167778834,18,34.31839847473785,85,162.05910390848427,9,17.159199237368924,5,9.532888465204957,402,766.4442326024786,178,339.37082936129644,0,0.0,46,87.70257387988559
003379_Elogis.out.txt,CTILC,1912,LIT,central,no,17533,0,0.0,808,460.8452632179319,0,0.0,147,83.84189813494554,101,57.60565790224149,6,3.4221182912222665,310,176.80944504648375,100,57.035304853704446,0,0.0,258,147.15108652255748,151,86.1233103290937,81,46.198596931500596,270,153.995323105002,5,2.851765242685222,20,11.407060970740888,1220,695.8307192151942,675,384.988307762505,0,0.0,128,73.00519021274168
000722_El_drago.out.txt,CTILC,1913,NLIT,central,no,1909,0,0.0,46,240.96385542168676,0,0.0,9,47.145102147721325,5,26.191723415400734,5,26.191723415400734,43,225.24882137244632,28,146.67365112624412,0,0.0,17,89.05185961236249,6,31.43006809848088,12,62.86013619696176,40,209.53378732320587,0,0.0,0,0.0,198,1037.192247249869,50,261.91723415400736,0,0.0,9,47.145102147721325
001745_L_art_en_el_temple.out.txt,CTILC,1913,NLIT,central,no,10640,0,0.0,434,407.89473684210526,0,0.0,97,91.16541353383458,4,3.7593984962406015,3,2.819548872180451,233,218.98496240601503,110,103.38345864661653,1,0.9398496240601504,180,169.17293233082705,53,49.81203007518797,54,50.75187969924812,154,144.73684210526315,4,3.7593984962406015,13,12.218045112781954,938,881.578947368421,295,277.25563909774434,1,0.9398496240601504,86,80.82706766917293
001760_Sismologia_catalana.out.txt,CTILC,1913,NLIT,central,no,6210,5,8.051529790660226,215,346.21578099838973,0,0.0,53,85.34621578099839,12,19.32367149758454,0,0.0,136,219.0016103059581,61,98.22866344605475,2,3.2206119162640903,148,238.32528180354268,24,38.64734299516908,85,136.87600644122384,100,161.03059581320449,3,4.830917874396135,15,24.154589371980673,604,972.6247987117551,156,251.207729468599,0,0.0,72,115.94202898550725
003264_Nausica.out.txt,CTILC,1913,LIT,central,no,13529,2,1.4783058614827407,679,501.8848399733905,0,0.0,135,99.785645650085,54,39.914258260034,3,2.2174587922241114,205,151.52635080198093,117,86.48089289674034,5,3.695764653706852,162,119.74277478010201,110,81.30682238155075,115,85.0025870352576,183,135.26498632567078,0,0.0,116,85.74173996599897,803,593.5398033853204,646,477.49279325892525,0,0.0,81,59.871387390051005
003299_Del_mal-parlar.out.txt,CTILC,1913,LIT,central,no,1419,0,0.0,56,394.6441155743481,0,0.0,12,84.56659619450318,3,21.141649048625794,1,7.047216349541931,27,190.27484143763215,7,49.330514446793515,22,155.03875968992247,1,7.047216349541931,9,63.424947145877375,18,126.84989429175475,26,183.2276250880902,0,0.0,1,7.047216349541931,90,634.2494714587738,45,317.1247357293869,0,0.0,9,63.424947145877375
000147_El_Genesi.out.txt,CTILC,1914,LIT,central,sí,34331,1,0.2912819317817716,2695,785.0048061518744,0,0.0,313,91.17124464769451,27,7.864612158107832,18,5.243074772071888,716,208.55786315574846,518,150.88404066295766,1,0.2912819317817716,1450,422.3588010835688,476,138.65019952812327,313,91.17124464769451,340,99.03585680580234,1,0.2912819317817716,74,21.554862951851096,1594,464.3033992601439,1319,384.2008680201567,0,0.0,329,95.83175555620285
000453_El_municipi_com_a_govern.out.txt,CTILC,1914,NLIT,central,no,67647,1,0.14782621550105696,1862,275.25241326296805,0,0.0,379,56.02613567490059,210,31.043505255221962,29,4.286960249530652,1238,183.00885479030853,916,135.40881339896816,96,14.191316688101468,1269,187.59146747084128,555,82.04354960308662,278,41.09568790929384,1497,221.29584460508227,98,14.486969119103582,135,19.95653909264269,3713,548.8787381554245,1590,235.04368264668057,1,0.14782621550105696,405,59.869617277928064
000466_Los_recs_d_Urgell.out.txt,CTILC,1914,NLIT,nord-occidental,no,6771,1,1.4768867227883622,161,237.7787623689263,0,0.0,47,69.41367597105302,124,183.1339536257569,76,112.24339093191551,9,13.29198050509526,3,4.430660168365086,16,23.630187564613795,77,113.72027765470388,20,29.537734455767243,39,57.59858218874613,94,138.82735194210605,6,8.861320336730172,13,19.19952739624871,477,704.4749667700487,201,296.8542312804608,0,0.0,53,78.2749963077832
000481_Culturitzacio_fisica_per_medi_de_la_gimn.out.txt,CTILC,1914,NLIT,central,no,2879,0,0.0,79,274.4008336227857,32,111.14970475859673,3,10.420284821118443,57,197.98541160125043,20,69.46856547412295,3,10.420284821118443,6,20.840569642236886,68,236.19312261201807,2,6.946856547412295,11,38.207711010767625,13,45.15456755817993,38,131.9902744008336,1,3.4734282737061477,126,437.65196248697464,79,274.4008336227857,47,163.25112886418896,2,6.946856547412295,29,100.72941993747828
000482_El_coto_car.out.txt,CTILC,1914,NLIT,central,no,3441,0,0.0,63,183.08631211857016,0,0.0,21,61.02877070619006,11,31.96745132229003,2,5.812263876780006,66,191.80470793374022,29,84.27782621331009,0,0.0,46,133.68206916594013,19,55.21650682941005,71,206.3353676256902,64,185.99244405696018,2,5.812263876780006,6,17.436791630340018,170,494.0424295263005,89,258.64574251671024,0,0.0,11,31.96745132229003
000489_Als_vinicultors.out.txt,CTILC,1914,NLIT,central,no,2431,1,4.113533525298231,48,197.4496092143151,0,0.0,45,185.1090086384204,12,49.362402303578776,9,37.02180172768408,58,238.58494446729742,20,82.27067050596462,3,12.340600575894694,36,148.0872069107363,7,28.794734677087618,21,86.38420403126285,34,139.86013986013987,0,0.0,4,16.454134101192924,114,468.9428218839983,60,246.81201151789386,0,0.0,9,37.02180172768408
000558_Estatut_Reglament_de_la_assamblea.out.txt,CTILC,1914,NLIT,central,no,3838,0,0.0,124,323.0849400729546,0,0.0,18,46.89942678478374,5,13.027618551328818,4,10.422094841063053,86,224.07503908285568,85,221.46951537258988,0,0.0,192,500.26055237102656,5,13.027618551328818,27,70.34914017717561,178,463.7832204273059,0,0.0,13,33.87180823345493,337,878.0614903595622,83,216.25846795205837,0,0.0,21,54.715997915581035
000662_La_questio_ortografica_les_nostres_becer.out.txt,CTILC,1914,NLIT,central,no,18680,19,10.171306209850108,468,250.53533190578156,0,0.0,183,97.96573875802997,96,51.39186295503212,9,4.817987152034261,439,235.01070663811564,185,99.03640256959315,4,2.141327623126338,163,87.25910064239828,30,16.059957173447536,105,56.20985010706638,292,156.3169164882227,14,7.494646680942185,34,18.201284796573876,1436,768.7366167023555,824,441.1134903640257,21,11.241970021413277,192,102.78372591006423
000723_L_esquirol.out.txt,CTILC,1914,NLIT,central,no,2835,0,0.0,69,243.3862433862434,0,0.0,16,56.43738977072311,7,24.691358024691358,5,17.636684303350968,54,190.47619047619048,53,186.9488536155203,0,0.0,16,56.43738977072311,10,35.273368606701936,14,49.382716049382715,40,141.09347442680775,0,0.0,11,38.80070546737213,266,938.2716049382717,57,201.05820105820106,0,0.0,29,102.29276895943563
000724_El_llop.out.txt,CTILC,1914,NLIT,central,no,2400,0,0.0,65,270.8333333333333,0,0.0,12,50.0,3,12.5,1,4.166666666666667,60,250.0,42,175.00000000000003,0,0.0,20,83.33333333333333,20,83.33333333333333,24,100.0,38,158.33333333333334,0,0.0,12,50.0,205,854.1666666666666,59,245.83333333333331,0,0.0,28,116.66666666666667
001403_Avant_projecte_de_decoracio_de_la_sala_d.out.txt,CTILC,1914,NLIT,central,no,3733,82,219.66246986338066,6,16.072863648540046,32,85.72193945888026,0,0.0,7,18.751674256630057,1,2.678810608090008,61,163.4074470934905,52,139.29815162068041,1,2.678810608090008,95,254.48700776855077,14,37.503348513260114,34,91.07956067506028,32,85.72193945888026,0,0.0,3,8.036431824270023,260,696.4907581034021,205,549.1561746584517,41,109.83123493169033,0,0.0
002360_Cartes_a_Antoni_Maria_Alcover_1914.out.txt,CTILC,1914,NLIT,central,no,530,0,0.0,23,433.9622641509434,0,0.0,7,132.0754716981132,3,56.60377358490565,1,18.867924528301888,9,169.81132075471697,1,18.867924528301888,1,18.867924528301888,4,75.47169811320755,3,56.60377358490565,2,37.735849056603776,11,207.54716981132074,0,0.0,0,0.0,31,584.9056603773585,14,264.1509433962264,0,0.0,7,132.0754716981132
002869_La_comedia_extraordinaria_de_l_home_que_.out.txt,CTILC,1914,LIT,central,no,18209,0,0.0,566,310.83530122466914,0,0.0,127,69.7457301334505,91,49.97528694601571,8,4.393431819429952,287,157.61436652204952,118,64.80311933659179,1,0.549178977428744,179,98.30303695974519,195,107.08990059860508,389,213.63062221978143,200,109.8357954857488,0,0.0,69,37.89334944258334,935,513.4823438958756,617,338.8434290735351,1,0.549178977428744,294,161.45861936405075
002940_La_filla_del_segador.out.txt,CTILC,1914,LIT,baleàric,no,11042,427,386.7053070095997,1,0.9056330374932078,138,124.97735917406267,0,0.0,37,33.508422387248686,2,1.8112660749864156,70,63.394312624524545,37,33.508422387248686,0,0.0,272,246.3321861981525,0,0.0,98,88.75203767433436,108,97.80836804926643,0,0.0,56,50.71545009961964,405,366.78138018474914,762,690.0923745698243,78,70.63937692447021,0,0.0
003394_El_sant_evangeli_de_nostre_senyor_Jesucr.out.txt,CTILC,1914,LIT,central,sí,17812,1,0.5614192679092747,725,407.0289692342241,0,0.0,90,50.52773411183472,41,23.018189984280262,9,5.0527734111834715,489,274.5340220076353,317,177.96990792724006,2,1.1228385358185493,367,206.0408713227038,57,32.00089827082866,95,53.334830451381094,106,59.51044239838311,0,0.0,83,46.5977992364698,1005,564.226364248821,880,494.0489557601617,0,0.0,205,115.0909499214013
000156_co_que_deu_esser_el_feminisme.out.txt,CTILC,1915,LIT,central,no,9202,1,1.0867202782003913,274,297.7613562269072,0,0.0,61,66.28993697022386,34,36.9484894588133,6,6.520321669202348,171,185.8291675722669,100,108.67202782003912,25,27.16800695500978,80,86.93762225603129,105,114.10562921104108,142,154.31427950445556,139,151.05411866985438,8,8.69376222560313,25,27.16800695500978,685,744.4033905672679,344,373.83177570093454,0,0.0,72,78.24386003042817
000426_Les_idees_politiques_den_Valenti_Almiral.out.txt,CTILC,1915,NLIT,nord-occidental,no,15640,436,278.77237851662403,3,1.9181585677749362,0,0.0,98,62.65984654731458,47,30.051150895140662,7,4.475703324808184,329,210.35805626598466,152,97.18670076726343,5,3.1969309462915603,245,156.64961636828644,0,0.0,125,79.923273657289,235,150.25575447570333,29,18.542199488491047,22,14.066496163682865,1183,756.3938618925831,292,186.7007672634271,1,0.6393861892583119,120,76.72634271099744
000429_Pancatalanisme.out.txt,CTILC,1915,NLIT,central,no,1529,0,0.0,62,405.49378678875087,0,0.0,11,71.94244604316548,4,26.16088947024199,1,6.540222367560498,18,117.72400261608895,14,91.56311314584696,0,0.0,29,189.6664486592544,17,111.18378024852845,33,215.8273381294964,16,104.64355788096796,0,0.0,1,6.540222367560498,137,896.0104643557881,49,320.47089601046434,0,0.0,12,78.48266841072596
000463_Piscicultura_industrial.out.txt,CTILC,1915,NLIT,central,no,8487,0,0.0,258,303.994344291269,0,0.0,84,98.9749027925062,36,42.417815482502654,15,17.674089784376104,131,154.35371745021797,123,144.92753623188406,0,0.0,101,119.00553788146577,36,42.417815482502654,111,130.78826440438317,125,147.28408153646754,5,5.891363261458702,3,3.534817956875221,776,914.3395781783904,139,163.7798986685519,2,2.3565453045834803,72,84.83563096500531
000468_El_problema_de_la_natalitat_a_Catalunya_.out.txt,CTILC,1915,NLIT,central,no,33308,0,0.0,942,282.814939353909,1,0.300228173411793,345,103.57871982706858,40,12.009126936471718,27,8.10616068211841,630,189.14374924942956,432,129.69857091389457,18,5.404107121412274,318,95.47255914495015,203,60.94631920259397,436,130.89948360754173,440,132.1003963011889,57,17.113005884472198,52,15.611865017413233,2264,679.7165846042992,1018,305.63228053320523,13,3.9029662543533084,329,98.77506905247989
000601_Balmes_en_son_temps.out.txt,CTILC,1915,NLIT,baleàric,no,6031,335,555.4634388990218,0,0.0,42,69.64019233957885,0,0.0,11,18.23909799369922,0,0.0,122,202.28817774830043,58,96.16978942132316,84,139.2803846791577,1,1.65809981760902,39,64.66589288675178,71,117.72508705024042,90,149.2289835848118,8,13.26479854087216,16,26.52959708174432,443,734.5382192007959,263,436.0802520311723,65,107.7764881445863,2,3.31619963521804
000725_L_os.out.txt,CTILC,1915,NLIT,central,no,2742,0,0.0,86,313.6396790663749,0,0.0,25,91.17432530999271,4,14.587892049598834,2,7.293946024799417,61,222.4653537563822,48,175.054704595186,0,0.0,28,102.11524434719183,37,134.93800145878922,30,109.40919037199124,44,160.46681254558717,0,0.0,16,58.351568198395334,257,937.2720641867251,63,229.75929978118162,0,0.0,29,105.76221735959153
000726_El_senglar.out.txt,CTILC,1915,NLIT,central,no,2890,0,0.0,87,301.038062283737,0,0.0,13,44.98269896193772,1,3.460207612456747,1,3.460207612456747,84,290.65743944636677,46,159.16955017301038,0,0.0,18,62.28373702422145,32,110.72664359861591,26,89.96539792387544,50,173.01038062283737,1,3.460207612456747,21,72.66435986159169,255,882.3529411764706,54,186.85121107266434,1,3.460207612456747,22,76.12456747404845
000781_Les_lasiocampidae_de_la_fauna_catalana.out.txt,CTILC,1915,NLIT,central,no,3935,1,2.5412960609911055,96,243.96442185514613,10,25.412960609911057,22,55.90851334180432,5,12.706480304955528,1,2.5412960609911055,35,88.9453621346887,34,86.40406607369758,3,7.6238881829733165,38,96.56925031766201,9,22.87166454891995,61,155.01905972045745,40,101.65184243964423,7,17.78907242693774,2,5.082592121982211,342,869.123252858958,63,160.10165184243962,1,2.5412960609911055,38,96.56925031766201
000807_L_enigma_de_la_guerra.out.txt,CTILC,1915,NLIT,central,no,11665,0,0.0,434,372.0531504500643,0,0.0,64,54.86498071153022,228,195.4564937848264,130,111.44449207029577,53,45.43506215173596,21,18.00257179597085,0,0.0,187,160.30861551650236,42,36.0051435919417,66,56.57951135876554,164,140.5915130732962,5,4.286326618088299,14,12.001714530647236,682,584.6549507072439,499,427.7753964852122,2,1.7145306472353194,48,41.14873553364766
001275_Introduccio.out.txt,CTILC,1915,NLIT,central,no,39518,8,2.0243939470620984,1105,279.61941393795234,36,9.109772761779443,339,85.78369350675642,119,30.112859962548715,51,12.905511412520877,784,198.39060681208565,455,115.13740573915683,5,1.2652462169138115,501,126.7776709347639,248,62.75621235892505,476,120.45143985019486,372,94.13431853838756,15,3.795738650741434,52,13.158560655903639,2210,559.2388278759047,1035,261.90596690115893,55,13.917708386051926,317,80.21661015233563
001402_Notes_numismatiques_monedes_de_Terrassa.out.txt,CTILC,1915,NLIT,central,no,2192,61,278.28467153284674,0,0.0,18,82.11678832116789,1,4.562043795620438,40,182.4817518248175,7,31.934306569343065,4,18.248175182481752,0,0.0,2,9.124087591240876,21,95.80291970802921,22,100.36496350364963,49,223.54014598540147,45,205.2919708029197,0,0.0,0,0.0,151,688.8686131386862,109,497.26277372262774,32,145.98540145985402,1,4.562043795620438
001408_Resum_de_geografia_d_Europa.out.txt,CTILC,1915,NLIT,central,no,9443,0,0.0,371,392.88361749444033,0,0.0,58,61.42115853012814,8,8.471883935190087,1,1.058985491898761,262,277.4541988774754,111,117.54738960076247,1,1.058985491898761,131,138.7270994387377,56,59.30318754633061,133,140.8450704225352,124,131.31420099544636,2,2.117970983797522,8,8.471883935190087,805,852.4833209785027,399,422.53521126760563,6,6.353912951392566,92,97.42666525468601
002109_Biografia_de_na_Ma_Josepa_Massanes_i_Dal.out.txt,CTILC,1915,NLIT,central,no,10864,34,31.296023564064804,312,287.1870397643593,0,0.0,125,115.05891016200296,32,29.455081001472752,18,16.568483063328422,185,170.28718703976435,103,94.80854197349042,22,20.25036818851252,169,155.559646539028,53,48.78497790868925,156,143.59351988217966,196,180.4123711340206,1,0.9204712812960235,62,57.06921944035346,708,651.6936671575847,267,245.7658321060383,3,2.7614138438880707,71,65.35346097201767
002208_Reglament_de_l_assistencia_medic-farmace.out.txt,CTILC,1915,NLIT,central,no,3626,3,8.27357970215113,97,267.5124103695532,0,0.0,16,44.1257584114727,13,35.852178709321564,1,2.757859900717044,94,259.2388306674021,66,182.01875344732488,157,432.98400441257587,0,0.0,13,35.852178709321564,13,35.852178709321564,88,242.69167126309983,0,0.0,6,16.54715940430226,195,537.7826806398235,74,204.0816326530612,2,5.515719801434088,23,63.430777716492
002235_Carta_a_Francesc_Matheu_26V1915.out.txt,CTILC,1915,NLIT,central,no,817,30,367.1970624235006,1,12.239902080783352,9,110.15911872705018,0,0.0,6,73.43941248470013,1,12.239902080783352,8,97.91921664626682,9,110.15911872705018,9,110.15911872705018,0,0.0,2,24.479804161566705,5,61.19951040391677,13,159.1187270501836,0,0.0,0,0.0,46,563.0354957160342,47,575.2753977968176,19,232.5581395348837,3,36.719706242350064
002361_Cartes_a_Antoni_Maria_Alcover_1915.out.txt,CTILC,1915,NLIT,central,no,1025,0,0.0,41,400.0,0,0.0,10,97.5609756097561,5,48.78048780487805,0,0.0,28,273.1707317073171,6,58.53658536585366,0,0.0,18,175.609756097561,7,68.29268292682927,7,68.29268292682927,18,175.609756097561,0,0.0,2,19.51219512195122,62,604.8780487804878,27,263.4146341463414,0,0.0,11,107.31707317073172
002710_Coriola.out.txt,CTILC,1915,LIT,nord-occidental,sí,29499,0,0.0,839,284.41642089562356,0,0.0,314,106.44428624699142,77,26.10257974846605,37,12.542798060951219,554,187.80297637208042,428,145.0896640564087,1,0.3389945421878708,929,314.925929692532,250,84.74863554696769,294,99.66439540323401,349,118.3090952235669,7,2.3729617953150957,68,23.051628868775214,1643,556.9680328146717,1101,373.2329909488457,0,0.0,245,83.05366283602834
002873_El_senyor_Josep_falta_a_la_dona.out.txt,CTILC,1915,LIT,central,no,6707,2,2.9819591471596842,225,335.4704040554644,0,0.0,48,71.56701953183241,27,40.256448486655735,3,4.472938720739526,98,146.1159982108245,52,77.53093782615178,0,0.0,102,152.07991650514387,4,5.9639182943193685,421,627.7024004771134,61,90.94975398837036,2,2.9819591471596842,35,52.18428507529447,324,483.0773818398688,297,442.8209333532131,0,0.0,72,107.35052929774861
000110_Rurals_y_urbanes.out.txt,CTILC,1916,LIT,central,no,44604,1596,357.81544256120526,3,0.6725854183481302,491,110.07981346964398,0,0.0,156,34.97444175410277,12,2.690341673392521,540,121.06537530266344,279,62.55044390637611,10,2.2419513944937677,1034,231.81777419065554,0,0.0,521,116.80566765312528,781,175.09640390996321,6,1.3451708366962605,148,33.18088063850776,2272,509.37135682898395,2409,540.0860909335486,429,96.17971482378262,1,0.22419513944937675
000148_Etapes_estetiques.out.txt,CTILC,1916,LIT,central,no,51162,2,0.3909151323247723,1785,348.89175559985927,4,0.7818302646495446,565,110.43352488174817,242,47.30073101129745,22,4.3000664555724954,982,191.9393299714632,720,140.72944763691802,13,2.54094836011102,660,129.00199366717484,294,57.464524451741525,376,73.4920448770572,797,155.77968023142174,34,6.645557249521129,115,22.477620108674405,4831,944.2555021304875,1372,268.1677807747938,8,1.5636605292990893,415,81.11488995739025
000160_Cultura_de_llenguatge.out.txt,CTILC,1916,LIT,baleàric,no,6020,0,0.0,267,443.5215946843854,0,0.0,42,69.76744186046511,8,13.289036544850498,4,6.644518272425249,111,184.38538205980066,83,137.87375415282392,0,0.0,59,98.00664451827242,24,39.86710963455149,56,93.02325581395348,98,162.7906976744186,9,14.95016611295681,5,8.305647840531561,460,764.1196013289036,161,267.4418604651163,0,0.0,64,106.31229235880399
000449_Conferencies.out.txt,CTILC,1916,NLIT,central,no,12865,1,0.7773027594247959,460,357.55926933540616,0,0.0,102,79.28488146132919,10,7.773027594247959,15,11.65954139137194,231,179.55693742712785,199,154.6832491255344,1,0.7773027594247959,131,101.82666148464827,72,55.96579867858531,190,147.68752429071122,243,188.8845705402254,5,3.8865137971239796,27,20.987174504469493,1408,1094.4422852701127,359,279.0516906335018,1,0.7773027594247959,82,63.738826272833265
000470_Nocions_d_indumentaria.out.txt,CTILC,1916,NLIT,central,no,11771,0,0.0,434,368.7027440319429,0,0.0,168,142.7236428510747,6,5.097272958966952,4,3.398181972644635,349,296.4913771132444,170,144.422733837397,0,0.0,253,214.93500976977316,41,34.83136521960751,127,107.89227763146717,168,142.7236428510747,0,0.0,31,26.335910287995922,1543,1310.8486959476681,164,139.32546087843005,0,0.0,94,79.85727635714892
000476_Un_cas_notable_diagnosticat_de_cranc_gas.out.txt,CTILC,1916,NLIT,central,no,4280,0,0.0,157,366.8224299065421,0,0.0,49,114.48598130841121,18,42.05607476635514,2,4.672897196261682,100,233.6448598130841,34,79.43925233644859,5,11.682242990654204,88,205.60747663551402,11,25.700934579439252,46,107.4766355140187,67,156.54205607476635,2,4.672897196261682,13,30.373831775700936,233,544.392523364486,135,315.4205607476635,1,2.336448598130841,97,226.6355140186916
000569_Missatge_del_Consell_Permanent_en_defens.out.txt,CTILC,1916,NLIT,central,no,1328,0,0.0,54,406.6265060240964,0,0.0,5,37.65060240963855,3,22.59036144578313,0,0.0,23,173.19277108433735,19,143.0722891566265,0,0.0,27,203.3132530120482,4,30.120481927710845,20,150.6024096385542,23,173.19277108433735,2,15.060240963855422,0,0.0,127,956.3253012048192,33,248.49397590361446,1,7.530120481927711,17,128.0120481927711
000727_La_guilla.out.txt,CTILC,1916,NLIT,central,no,2572,0,0.0,68,264.38569206842925,0,0.0,22,85.53654743390356,1,3.8880248833592534,0,0.0,50,194.40124416796266,32,124.41679626749611,0,0.0,26,101.0886469673406,24,93.3125972006221,15,58.320373250388805,35,136.0808709175739,0,0.0,6,23.328149300155523,199,773.7169517884914,61,237.16951788491446,0,0.0,20,77.76049766718508
000728_L_isart.out.txt,CTILC,1916,NLIT,central,no,2813,0,0.0,76,270.174191254888,0,0.0,18,63.988624244578745,2,7.1098471382865265,1,3.5549235691432632,47,167.0814077497334,32,113.75755421258442,0,0.0,28,99.53785993601137,32,113.75755421258442,30,106.64770707429791,39,138.64201919658728,0,0.0,12,42.65908282971916,293,1041.5926057589763,82,291.5037326697476,0,0.0,23,81.76324209029507
000869_El_tresor_amagat_de_la_santa_missa.out.txt,CTILC,1916,NLIT,central,sí,28253,1,0.35394471383569887,1313,464.72940926627257,0,0.0,346,122.4648709871518,88,31.1471348175415,16,5.663115421371182,627,221.9233355749832,326,115.38597671043783,10,3.5394471383569885,559,197.85509503415565,110,38.93391852192688,273,96.6269068771458,637,225.46278271334018,1,0.35394471383569887,30,10.618341415070967,1734,613.7401337911018,750,265.45853537677414,0,0.0,151,53.44565178919053
001105_Els_jocs_de_pilota.out.txt,CTILC,1916,NLIT,central,no,7120,0,0.0,179,251.40449438202248,0,0.0,89,125.0,14,19.662921348314608,0,0.0,203,285.1123595505618,78,109.5505617977528,0,0.0,175,245.7865168539326,57,80.0561797752809,62,87.07865168539325,103,144.6629213483146,0,0.0,13,18.258426966292134,366,514.0449438202247,181,254.21348314606743,1,1.404494382022472,115,161.51685393258427
001368_Resum_de_geografia_d_America.out.txt,CTILC,1916,NLIT,central,no,7538,0,0.0,274,363.4916423454497,0,0.0,39,51.737861501724595,2,2.6532236667551072,0,0.0,242,321.040063677368,79,104.80233483682674,3,3.9798355001326615,118,156.54019633855134,29,38.47174316794906,59,78.27009816927567,79,104.80233483682674,3,3.9798355001326615,18,23.879013000795965,726,963.120191032104,265,351.55213584505174,0,0.0,121,160.520031838684
001410_Ressenya_de_la_trovalla_de_sepultures_an.out.txt,CTILC,1916,NLIT,central,no,3375,0,0.0,134,397.03703703703707,1,2.962962962962963,36,106.66666666666666,16,47.407407407407405,0,0.0,60,177.77777777777777,41,121.48148148148148,57,168.88888888888889,0,0.0,16,47.407407407407405,32,94.81481481481481,40,118.51851851851852,0,0.0,7,20.74074074074074,394,1167.4074074074074,76,225.18518518518516,3,8.88888888888889,19,56.29629629629629
002108_Memoria_biografica_de_Joaquim_Maria_Bart.out.txt,CTILC,1916,NLIT,central,no,6899,342,495.72401797361937,1,1.4494854326714017,94,136.25163067111174,0,0.0,14,20.292796057399624,3,4.348456298014205,95,137.70111610378316,42,60.878388172198875,112,162.342368459197,6,8.69691259602841,39,56.52993187418466,72,104.36295115234091,79,114.50934918104073,3,4.348456298014205,38,55.08044644151326,566,820.4087548920133,266,385.56312509059285,70,101.46398028699811,1,1.4494854326714017
002203_Biografia_de_D_Ramon_Llatzer_de_Dou_i_de.out.txt,CTILC,1916,NLIT,central,no,12685,1,0.7883326763894364,553,435.9479700433583,0,0.0,149,117.46156878202602,31,24.43831296807253,1,0.7883326763894364,263,207.33149389042177,126,99.32991722506898,0,0.0,279,219.9448167126527,87,68.58494284588096,177,139.53488372093022,255,201.02483247930627,13,10.248324793062672,11,8.6716594402838,890,701.6160819865984,226,178.1631848640126,3,2.364998029168309,122,96.17658651951123
002236_Carta_a_Francesc_Matheu_29XII1916.out.txt,CTILC,1916,NLIT,baleàric,no,331,13,392.7492447129909,0,0.0,1,30.211480362537763,0,0.0,3,90.6344410876133,0,0.0,6,181.2688821752266,1,30.211480362537763,0,0.0,3,90.6344410876133,1,30.211480362537763,4,120.84592145015105,4,120.84592145015105,1,30.211480362537763,1,30.211480362537763,21,634.441087613293,16,483.3836858006042,8,241.6918429003021,1,30.211480362537763
002744_La_barca_dels_afligits.out.txt,CTILC,1916,LIT,central,no,4893,0,0.0,149,304.5166564479869,0,0.0,31,63.3558144287758,19,38.83098303699162,2,4.087471898630697,57,116.49294911097486,39,79.7057020232986,1,2.0437359493153484,56,114.44921316165951,25,51.09339873288371,22,44.96219088493766,42,85.83690987124463,0,0.0,28,57.22460658082976,158,322.91027999182506,192,392.39730226854687,0,0.0,77,157.36766809728184
000093_En_Josepet_de_Sant_Celoni.out.txt,CTILC,1917,LIT,central,no,49903,8,1.603110033464922,2203,441.4564254654029,0,0.0,502,100.59515459992386,257,51.49990982506062,30,6.011662625493457,1161,232.65134360659678,640,128.24880267719374,7,1.4027212792818067,641,128.44919143137687,252,50.49796605414504,448,89.77416187403563,742,148.68845560387152,6,1.2023325250986914,111,22.24315171432579,2706,542.2519688195099,1896,379.9370779311865,0,0.0,477,95.58543574534598
000115_Maria_Gloria.out.txt,CTILC,1917,LIT,central,no,41010,0,0.0,1120,273.1041209461107,0,0.0,566,138.0151182638381,146,35.60107290904657,9,2.194586686174104,762,185.80833942940748,345,84.12582297000732,7,1.706900755913192,756,184.3452816386247,253,61.692270178005366,483,117.77615215801025,593,144.5988783223604,10,2.43842965130456,98,23.89661058278469,2450,597.4152645696172,1291,314.8012679834187,0,0.0,366,89.24652523774688
000137_La_taverna_intellectual.out.txt,CTILC,1917,LIT,central,no,5754,1,1.7379214459506431,239,415.36322558220365,0,0.0,50,86.89607229753214,33,57.35140771637122,3,5.213764337851929,148,257.21237400069515,82,142.50955856795272,18,31.282586027111574,52,90.37191518943344,20,34.758428919012864,27,46.923879040667366,87,151.19916579770594,4,6.9516857838025725,26,45.18595759471672,303,526.5901981230448,183,318.0396246089677,0,0.0,58,100.79944386513729
000425_La_politica_contemporania_1848-1900.out.txt,CTILC,1917,NLIT,central,no,14386,0,0.0,531,369.10885583205896,0,0.0,138,95.92659530098707,7,4.865841790629779,4,2.7804810232170167,433,300.987070763242,188,130.68260809119977,0,0.0,523,363.5478937856249,155,107.74363964965939,165,114.69484220770194,307,213.40191853190603,37,25.719449464757403,14,9.731683581259558,697,484.4988182955651,381,264.84081746142084,7,4.865841790629779,119,82.71931044070624
000465_L_Urgell_centre_de_cria_i_recria_ramader.out.txt,CTILC,1917,NLIT,central,no,6959,0,0.0,172,247.161948555827,0,0.0,37,53.168558700962784,7,10.058916510992958,9,12.932892656990946,188,270.1537577238109,134,192.55640178186522,0,0.0,138,198.3043540738612,33,47.420606408966805,61,87.65627245293865,110,158.06868802988933,8,11.495904583991953,22,31.613737605977867,445,639.4596924845523,219,314.7003879867797,0,0.0,58,83.34530823394165
000471_Les_societats_de_responsabilitat_limitad.out.txt,CTILC,1917,NLIT,central,no,6765,0,0.0,214,316.3340724316334,0,0.0,71,104.95195861049521,13,19.216555801921654,2,2.9563932002956395,141,208.42572062084258,90,133.03769401330376,0,0.0,93,137.47228381374723,39,57.649667405764966,76,112.3429416112343,121,178.8617886178862,10,14.781966001478196,7,10.347376201034738,654,966.7405764966741,83,122.69031781226904,0,0.0,31,45.824094604582406
000487_La_nacionalitzacio_de_la_benzina.out.txt,CTILC,1917,NLIT,central,no,2260,0,0.0,76,336.283185840708,0,0.0,12,53.097345132743364,0,0.0,1,4.424778761061947,42,185.84070796460176,24,106.19469026548673,3,13.274336283185841,33,146.01769911504425,14,61.94690265486726,22,97.34513274336283,52,230.08849557522123,2,8.849557522123893,7,30.97345132743363,286,1265.4867256637167,57,252.21238938053096,0,0.0,18,79.64601769911505
000488_Ensenyament_de_primer_grau_per_obrers.out.txt,CTILC,1917,NLIT,central,no,2450,0,0.0,146,595.9183673469388,0,0.0,33,134.69387755102042,0,0.0,4,16.3265306122449,33,134.69387755102042,41,167.3469387755102,0,0.0,125,510.2040816326531,11,44.89795918367347,70,285.7142857142857,53,216.32653061224488,0,0.0,1,4.081632653061225,247,1008.1632653061224,16,65.3061224489796,0,0.0,20,81.6326530612245
000602_La_filosofia_d_Henri_Poincare.out.txt,CTILC,1917,NLIT,central,sí,10930,0,0.0,225,205.8554437328454,0,0.0,57,52.15004574565417,21,19.213174748398902,2,1.8298261665141813,170,155.5352241537054,138,126.2580054894785,0,0.0,239,218.66422689844467,58,53.06495882891125,37,33.85178408051235,169,154.6203110704483,15,13.723696248856358,25,22.872827081427268,807,738.334858188472,377,344.92223238792315,1,0.9149130832570906,80,73.19304666056725
000663_Joves_y_vells.out.txt,CTILC,1917,NLIT,central,no,9516,468,491.8032786885246,6,6.305170239596469,68,71.45859604875999,2,2.101723413198823,157,164.98528793610762,114,119.79823455233291,3,3.1525851197982346,1,1.0508617065994115,136,142.91719209751997,47,49.39050021017234,97,101.93358554014293,81,85.11979823455233,138,145.01891551071878,0,0.0,17,17.864649012189997,890,935.2669188734762,465,488.65069356872635,103,108.23875577973938,9,9.457755359394703
000729_El_toixo.out.txt,CTILC,1917,NLIT,central,no,2936,0,0.0,65,221.38964577656677,0,0.0,18,61.30790190735695,6,20.435967302452315,1,3.4059945504087192,79,269.0735694822888,41,139.6457765667575,0,0.0,29,98.77384196185287,36,122.6158038147139,16,54.49591280653951,38,129.42779291553134,0,0.0,15,51.08991825613079,211,718.6648501362398,68,231.6076294277929,0,0.0,30,102.17983651226157
000730_La_llebre.out.txt,CTILC,1917,NLIT,central,no,3095,0,0.0,98,316.6397415185784,0,0.0,22,71.08239095315024,1,3.2310177705977385,0,0.0,57,184.1680129240711,42,135.702746365105,0,0.0,36,116.31663974151859,32,103.39256865912763,22,71.08239095315024,40,129.24071082390955,0,0.0,5,16.155088852988694,307,991.9224555735057,65,210.016155088853,0,0.0,27,87.23747980613892
001225_De_la_canco_popular_catalana.out.txt,CTILC,1917,NLIT,central,no,12785,1,0.7821666014861165,502,392.6476339460305,6,4.6929996089167,106,82.90965975752836,54,42.2369964802503,22,17.207665232694563,210,164.25498631208447,95,74.30582714118107,15,11.732499022291748,193,150.95815408682049,206,161.12631990614,141,110.28549080954244,148,115.76065701994526,0,0.0,30,23.464998044583496,807,631.208447399296,387,302.69847477512707,3,2.34649980445835,120,93.85999217833398
001488_Catalunya_en_temps_de_la_revolucio_franc.out.txt,CTILC,1917,NLIT,baleàric,no,35533,35,9.849998592857345,1340,377.114231840824,2,0.5628570624489911,287,80.76998846143022,109,30.675709903470015,42,11.819998311428813,785,220.921397011229,529,148.87569301775815,31,8.724284467959361,462,130.01998142571694,260,73.17141811836885,469,131.9899811442884,502,141.27712267469676,18,5.06571356204092,81,22.79571102918414,2551,717.9241831536881,887,249.62710719612753,19,5.347142093265415,292,82.17713111755269
002111_La_personalitat_del_Dr_Torras_i_Bages.out.txt,CTILC,1917,NLIT,central,no,3745,1,2.67022696929239,137,365.8210947930574,1,2.67022696929239,48,128.17089452603471,4,10.68090787716956,2,5.34045393858478,99,264.35246995994663,48,128.17089452603471,0,0.0,86,229.63951935914554,28,74.76635514018692,34,90.78771695594125,62,165.55407209612818,2,5.34045393858478,20,53.4045393858478,258,688.9185580774365,71,189.58611481975967,5,13.35113484646195,34,90.78771695594125
002362_Carta_a_Antoni_Maria_Alcover_29III1917.out.txt,CTILC,1917,NLIT,central,no,493,0,0.0,22,446.2474645030426,0,0.0,2,40.56795131845842,1,20.28397565922921,1,20.28397565922921,15,304.25963488843814,11,223.1237322515213,0,0.0,4,81.13590263691684,1,20.28397565922921,3,60.851926977687626,9,182.5557809330629,0,0.0,2,40.56795131845842,35,709.9391480730224,8,162.27180527383368,0,0.0,2,40.56795131845842
002447_Segarrenques.out.txt,CTILC,1917,LIT,central,no,27869,0,0.0,1295,464.6740105493559,0,0.0,248,88.98776418242491,14,5.023502816749794,7,2.511751408374897,652,233.95170260863324,205,73.55843410240769,3,1.0764648893035274,295,105.8523807815135,375,134.55811116294092,321,115.18174315547742,256,91.85833722056766,2,0.7176432595356849,78,27.98808712189171,1841,660.5906204025978,703,252.2516057267932,0,0.0,339,121.64053249129857
002449_El_poema_espars.out.txt,CTILC,1917,LIT,central,no,2596,0,0.0,86,331.2788906009245,0,0.0,17,65.48536209553158,0,0.0,0,0.0,90,346.68721109399075,9,34.66872110939908,0,0.0,37,142.52696456086287,24,92.44992295839754,23,88.59784283513098,32,123.26656394453005,0,0.0,6,23.112480739599384,91,350.5392912172573,66,254.23728813559325,0,0.0,64,246.5331278890601
002740_Jesus_que_torna.out.txt,CTILC,1917,LIT,central,no,26473,817,308.6163260680693,0,0.0,220,83.10353945529408,0,0.0,47,17.753937974540097,8,3.021946889283421,234,88.39194651154006,155,58.55022097986628,2,0.7554867223208552,376,142.03150379632078,174,65.7273448419144,340,128.4327427945454,208,78.57061912136894,1,0.3777433611604276,24,9.065840667850264,1249,471.8014580893741,1729,653.1182714463793,281,106.14588448608016,3,1.133230083481283
002934_L_auca_del_senyor_Esteve.out.txt,CTILC,1917,LIT,central,no,24780,4,1.6142050040355127,832,335.7546408393866,0,0.0,187,75.46408393866021,149,60.12913640032284,11,4.4390637610976595,452,182.40516545601292,209,84.34221146085552,20,8.071025020177562,291,117.43341404358354,97,39.14447134786118,775,312.75221953188054,233,94.02744148506861,1,0.4035512510088782,102,41.162227602905574,1007,406.37610976594027,1052,424.53591606133983,0,0.0,314,126.71509281678773
000041_Poemes_biblics.out.txt,CTILC,1918,LIT,baleàric,no,6727,0,0.0,350,520.2913631633714,0,0.0,39,57.97532332391854,0,0.0,2,2.973093503790694,172,255.6860413259997,115,170.95287646796493,0,0.0,146,217.03582577672069,62,92.16589861751152,67,99.59863237698825,68,101.0851791288836,0,0.0,9,13.378920767058123,366,544.076111193697,202,300.2824438828601,1,1.486546751895347,56,83.24661810613945
000151_El_Cantic_dels_Cantics_de_Salomo.out.txt,CTILC,1918,LIT,central,sí,2647,0,0.0,53,200.22667170381564,0,0.0,22,83.1129580657348,0,0.0,0,0.0,74,279.56176803928975,21,79.33509633547412,0,0.0,29,109.5579901775595,17,64.22364941443143,25,94.44654325651682,16,60.44578768417076,0,0.0,2,7.555723460521345,221,834.9074423876086,73,275.7839063090291,0,0.0,17,64.22364941443143
000431_Sintesi_del_criteri_valencianista.out.txt,CTILC,1918,NLIT,valencià,no,4837,2,4.134794293983874,157,324.58135207773415,0,0.0,37,76.49369443870168,2,4.134794293983874,3,6.202191440975811,124,256.35724622700025,61,126.11122596650816,0,0.0,122,252.22245193301632,49,101.30246020260492,53,109.57204879057267,60,124.04382881951624,4,8.269588587967748,10,20.673971469919373,296,611.9495555096134,87,179.86355178829854,1,2.067397146991937,45,93.03287161463717
000447_Petites_notes_sobre_la_banca_en_el_prese.out.txt,CTILC,1918,NLIT,central,no,7231,0,0.0,314,434.2414603789241,0,0.0,74,102.3371594523579,18,24.892822569492463,9,12.446411284746231,179,247.5452911077306,133,183.9303000968054,0,0.0,120,165.9521504632831,76,105.10302862674595,89,123.08117826026829,138,190.84497303277556,6,8.297607523164155,13,17.978149633522335,473,654.1280597427741,259,358.1800580832527,0,0.0,65,89.89074816761168
000460_L_indumentaria_liturgica.out.txt,CTILC,1918,NLIT,central,no,12357,382,309.13652180950066,0,0.0,129,104.3942704539937,0,0.0,39,31.56105850934693,0,0.0,321,259.7717892692401,202,163.47009792020717,239,193.41264060856196,2,1.6185158209921502,73,59.075827466213475,77,62.312859108197785,125,101.15723881200938,6,4.855547462976451,17,13.757384478433275,988,799.5468155701221,415,335.84203285587114,101,81.73504896010358,5,4.046289552480376
000493_Tractat_d_aprestos_i_acabats_de_fils_i_t.out.txt,CTILC,1918,NLIT,central,no,23044,1,0.4339524388127061,551,239.10779378580108,0,0.0,372,161.43030723832666,48,20.829717063009895,27,11.716715847943066,452,196.14650234334317,230,99.8090609269224,0,0.0,516,223.91945842735635,88,38.18781461551814,84,36.452004860267316,467,202.65578892553378,20,8.679048776254122,19,8.245096337441417,2150,932.9977434473182,324,140.6005901753168,0,0.0,318,137.99687554244056
000587_Filosofia_critica.out.txt,CTILC,1918,NLIT,central,no,67634,0,0.0,1556,230.06180323505927,0,0.0,459,67.86527486175592,58,8.575568501049768,26,3.8442203625395512,1424,210.54499216370465,616,91.07845166632168,0,0.0,767,113.40450069491676,788,116.50944791081409,190,28.09237957240441,1069,158.0565987521069,55,8.132004613064435,169,24.98743235650708,4144,612.7095839370731,1804,266.72975130851347,0,0.0,561,82.94644705325723
000731_La_lludria.out.txt,CTILC,1918,NLIT,central,no,2290,0,0.0,70,305.67685589519647,0,0.0,22,96.06986899563319,5,21.83406113537118,1,4.366812227074236,45,196.5065502183406,20,87.33624454148472,0,0.0,33,144.1048034934498,20,87.33624454148472,18,78.60262008733625,21,91.70305676855894,0,0.0,3,13.100436681222707,156,681.2227074235808,71,310.04366812227073,1,4.366812227074236,16,69.86899563318778
000733_Resum_de_botanica.out.txt,CTILC,1918,NLIT,central,no,14737,0,0.0,352,238.85458370088892,0,0.0,140,94.99898215376264,4,2.7142566329646467,2,1.3571283164823233,294,199.49786252290156,168,113.99877858451518,7,4.749949107688132,274,185.9265793580783,53,35.963900386781575,117,79.39200651421592,212,143.8556015471263,9,6.1070774241704555,43,29.178258804369953,1839,1247.8794870054965,247,167.60534708556693,0,0.0,104,70.57067245708082
000770_Illuminacio_per_incandescencia.out.txt,CTILC,1918,NLIT,central,no,20307,0,0.0,527,259.51642290835673,2,0.9848820603732703,229,112.76899591273944,8,3.9395282414930812,1,0.49244103018663515,448,220.61358152361254,153,75.34347761855518,0,0.0,396,195.0066479539075,48,23.63716944895849,31,15.265671935785688,236,116.21608312404591,8,3.9395282414930812,39,19.205200177278773,1137,559.9054513222042,335,164.96774511252278,0,0.0,238,117.20096518441918
000771_Propietats_dels_materials.out.txt,CTILC,1918,NLIT,central,no,17677,0,0.0,517,292.4704418170504,0,0.0,76,42.993720653957126,16,9.051309611359393,4,2.2628274028398483,378,213.8371895683657,120,67.88482208519545,0,0.0,549,310.5730610397692,202,114.27278384341236,30,16.971205521298863,257,145.38666063246026,8,4.525654805679697,76,42.993720653957126,1193,674.8882728969847,196,110.87854273915258,0,0.0,95,53.742150817446394
000772_Dibuix_geometric.out.txt,CTILC,1918,NLIT,central,no,15995,7,4.37636761487965,483,301.96936542669584,0,0.0,214,133.79180994060644,13,8.127539856205063,7,4.37636761487965,384,240.0750234448265,159,99.40606439512348,0,0.0,304,190.05939356048765,168,105.0328227571116,29,18.130665833072836,120,75.02344482650828,5,3.125976867771178,16,10.003125976867771,1253,783.3698030634573,229,143.16974054391997,0,0.0,321,200.68771491090965
001106_Com_es_confecciona_un_film.out.txt,CTILC,1918,NLIT,central,no,7685,0,0.0,192,249.83734547820427,0,0.0,82,106.70136629798309,0,0.0,2,2.6024723487312946,198,257.6447625243982,122,158.75081327260898,0,0.0,125,162.6545217957059,36,46.84450227716331,48,62.45933636955107,151,196.48666232921275,6,7.807417046193883,7,9.108653220559532,736,957.7098243331164,244,317.50162654521796,0,0.0,66,85.88158750813272
001118_Ull_de_Ter.out.txt,CTILC,1918,NLIT,central,no,2621,0,0.0,92,351.01106447920637,0,0.0,18,68.67607783288821,3,11.446012972148035,0,0.0,86,328.1190385349103,11,41.96871423120946,0,0.0,26,99.19877909194963,13,49.599389545974816,28,106.829454406715,47,179.32086989698587,0,0.0,6,22.89202594429607,198,755.4368561617703,77,293.78099961846624,0,0.0,34,129.72148035101108
001150_El_cant_de_la_Sibilla.out.txt,CTILC,1918,NLIT,central,no,5441,0,0.0,137,251.7919500091895,0,0.0,55,101.0843594927403,7,12.865282117257857,1,1.837897445322551,118,216.87189854806104,59,108.43594927403052,0,0.0,79,145.1938981804815,35,64.32641058628928,40,73.51589781290204,72,132.32861606322368,7,12.865282117257857,7,12.865282117257857,399,733.3210806836979,132,242.60246278257674,4,7.351589781290204,49,90.05697482080501
001180_Vida_i_naturalesa_artistica_d_un_veritab.out.txt,CTILC,1918,NLIT,central,no,4972,1,2.011263073209976,178,358.0048270313757,0,0.0,66,132.7433628318584,16,32.180209171359614,6,12.067578439259854,78,156.87851971037813,63,126.70957361222848,0,0.0,77,154.86725663716814,62,124.69831053901851,63,126.70957361222848,113,227.27272727272728,2,4.022526146419952,10,20.11263073209976,339,681.8181818181818,159,319.79082864038617,0,0.0,49,98.55189058728881
001181_Vida_economica_general_dels_orfeons_i_es.out.txt,CTILC,1918,NLIT,central,no,2019,0,0.0,49,242.6944031698861,0,0.0,16,79.24715205547301,4,19.811788013868252,0,0.0,31,153.54135710747894,37,183.25903912828133,0,0.0,35,173.3531451213472,27,133.72956909361068,23,113.91778107974244,24,118.8707280832095,0,0.0,4,19.811788013868252,113,559.6830113917781,44,217.92966815255076,0,0.0,15,74.29420505200594
001298_Exercicis_de_mar.out.txt,CTILC,1918,NLIT,central,no,7558,0,0.0,221,292.4053982535062,0,0.0,93,123.04842550939402,13,17.200317544323894,8,10.584810796507012,283,374.4376819264356,109,144.21804710240806,0,0.0,126,166.71077004498542,99,130.98703360677428,41,54.24715533209844,97,128.34083090764753,1,1.3231013495633765,17,22.4927229425774,434,574.2259857105055,127,168.0338713945488,0,0.0,60,79.38608097380259
001407_Els_continents_colonials.out.txt,CTILC,1918,NLIT,central,no,11715,0,0.0,404,344.85702091335895,0,0.0,53,45.24114383269313,0,0.0,0,0.0,419,357.66111822449847,140,119.5049082373026,0,0.0,238,203.1583440034144,60,51.21638924455826,106,90.48228766538627,177,151.08834827144685,3,2.560819462227913,19,16.21852326077678,1012,863.8497652582159,446,380.7084933845497,6,5.121638924455826,122,104.13999146393512
001483_Relacions_familiars_i_politiques_entre_J.out.txt,CTILC,1918,NLIT,central,no,11886,4,3.365303718660609,362,304.5599865387851,1,0.8413259296651523,146,122.83358573111222,54,45.43160020191822,0,0.0,242,203.60087497896686,78,65.62342251388188,192,161.53457849570924,2,1.6826518593303046,49,41.224970553592456,109,91.70452633350159,108,90.86320040383644,1,0.8413259296651523,23,19.350496382298502,430,361.7701497560155,239,201.07689718997142,1,0.8413259296651523,67,56.3688372875652
002448_La_ciutat_d_ivori.out.txt,CTILC,1918,LIT,central,no,3119,0,0.0,128,410.3879448541199,0,0.0,42,134.65854440525808,2,6.412311638345623,0,0.0,96,307.79095864058996,24,76.94773966014749,0,0.0,55,176.33857005450466,29,92.97851875601154,41,131.45238858608528,54,173.13241423533185,0,0.0,6,19.236934915036873,268,859.2497595383136,43,137.86470022443092,0,0.0,32,102.59698621352997
002702_Al_llapis_y_a_la_ploma.out.txt,CTILC,1918,LIT,central,no,45467,1635,359.6014691974399,1,0.21993973651219567,515,113.26896430378076,0,0.0,175,38.48945388963424,13,2.8592165746585434,580,127.56504717707348,206,45.307585721512304,37,8.13777025095124,949,208.72280995007367,335,73.67981173158554,504,110.8496272021466,632,139.00191347570765,13,2.8592165746585434,205,45.08764598500011,2244,493.54476873336705,2517,553.5883168011965,467,102.71185695119537,29,6.378252358853674
000128_Les_gracies_de_l_Emporda.out.txt,CTILC,1919,LIT,central,no,9558,0,0.0,350,366.18539443398197,0,0.0,61,63.820883029922584,16,16.739903745553462,1,1.0462439840970914,192,200.87884494664158,147,153.79786566227244,0,0.0,288,301.3182674199623,82,85.7920066959615,102,106.71688637790334,98,102.53191044151497,1,1.0462439840970914,31,32.433563507009836,1109,1160.2845783636744,271,283.5321196903118,2,2.092487968194183,49,51.26595522075748
000134_La_parada.out.txt,CTILC,1919,LIT,central,no,48077,0,0.0,2090,434.7193044491129,0,0.0,563,117.10381263389979,63,13.103979033633546,34,7.071988684818105,862,179.295713126859,512,106.49582960667263,0,0.0,1016,211.327661875741,316,65.72789483536826,501,104.20783326746678,811,168.68773009963184,8,1.6639973376042598,182,37.85593943049691,3455,718.6388501778397,1545,321.3594858248227,0,0.0,397,82.5758678786114
000410_Els_catalans_i_el_comerc_modern.out.txt,CTILC,1919,NLIT,central,no,17881,18,10.06655108774677,756,422.7951456853644,0,0.0,100,55.925283820815395,10,5.5925283820815395,18,10.06655108774677,445,248.86751300262847,337,188.46820647614786,17,9.507298249538616,280,156.5907946982831,185,103.46177506850847,161,90.03970695151278,300,167.77585146244618,4,2.237011352832616,38,21.25160785190985,1638,916.0561489849562,482,269.5598680163302,0,0.0,124,69.34735193781108
000427_Les_joventuts_catalanes.out.txt,CTILC,1919,NLIT,central,no,5033,0,0.0,224,445.0625869262865,0,0.0,47,93.38366779256904,3,5.960659646334195,11,21.855752036558712,108,214.583747268031,81,160.93781045102327,0,0.0,94,186.76733558513808,30,59.606596463341944,66,131.13451221935227,90,178.81978939002585,2,3.9737730975561294,4,7.947546195112259,426,846.4136697794555,86,170.87224319491358,0,0.0,41,81.46234849990064
000498_Assaig_sobre_l_art_de_navegar_per_dessot.out.txt,CTILC,1919,NLIT,central,sí,26397,0,0.0,908,343.9784824033034,0,0.0,149,56.44580823578437,24,9.09194226616661,15,5.6824639163541315,505,191.30961851725573,404,153.04769481380458,1,0.37883092775694205,491,186.00598552865856,217,82.20631132325643,155,58.718793802326026,518,196.23442057809598,7,2.6518164942985947,38,14.395575254763799,2082,788.7259915899534,758,287.1538432397621,0,0.0,267,101.14785771110354
000633_Les_normes_de_l_Institut_cartes_obertes_.out.txt,CTILC,1919,NLIT,central,no,7140,247,345.93837535014006,23,32.212885154061624,76,106.44257703081233,17,23.80952380952381,52,72.82913165266106,2,2.8011204481792715,70,98.0392156862745,46,64.42577030812325,103,144.2577030812325,16,22.408963585434172,20,28.011204481792717,26,36.41456582633053,46,64.42577030812325,5,7.002801120448179,16,22.408963585434172,532,745.0980392156863,360,504.20168067226894,90,126.05042016806723,48,67.22689075630252
000647_Les_noves_valors_de_la_poesia_catalana.out.txt,CTILC,1919,NLIT,central,no,12224,0,0.0,327,267.5065445026178,0,0.0,105,85.89659685863874,5,4.090314136125654,1,0.8180628272251309,288,235.60209424083772,82,67.08115183246073,0,0.0,194,158.7041884816754,85,69.53534031413614,91,74.44371727748691,223,182.42801047120417,3,2.4541884816753927,18,14.725130890052357,612,500.6544502617801,310,253.59947643979058,1,0.8180628272251309,107,87.532722513089
000678_Dialectes_catalans.out.txt,CTILC,1919,NLIT,central,no,2599,0,0.0,66,253.94382454790303,0,0.0,15,57.71450557906888,1,3.8476337052712584,5,19.23816852635629,70,269.3343593689881,25,96.19084263178146,0,0.0,89,342.43939976914197,22,84.64794151596767,16,61.562139284340134,40,153.90534821085032,2,7.695267410542517,5,19.23816852635629,135,519.4305502116198,42,161.60061562139282,1,3.8476337052712584,34,130.81954597922277
000800_Historia_de_Josep.out.txt,CTILC,1919,NLIT,central,no,13219,0,0.0,509,385.05181935093424,0,0.0,79,59.762463121264844,70,52.95408124669037,19,14.373250624101672,351,265.5268931084046,257,194.41712686284893,0,0.0,255,192.9041531129435,46,34.7983962478251,96,72.62273999546107,158,119.52492624252969,0,0.0,22,16.64271124895983,680,514.4110749678493,332,251.1536424843029,0,0.0,71,53.710568121643085
000817_La_missa_I_L_altar_els_vasos_i_els_ornam.out.txt,CTILC,1919,NLIT,central,no,15969,0,0.0,407,254.86880831611245,3,1.8786398647379299,117,73.26695472477925,18,11.27183918842758,7,4.383493017721836,573,358.82021416494456,161,100.82033940760222,3,1.8786398647379299,356,222.93193061556767,131,82.03394076022293,52,32.56309098879078,257,160.936815079216,3,1.8786398647379299,38,23.79610495334711,990,619.9511553635168,356,222.93193061556767,0,0.0,200,125.24265764919532
001122_Teoria_de_la_musica_Primera_part.out.txt,CTILC,1919,NLIT,central,no,3072,0,0.0,115,374.34895833333337,0,0.0,13,42.31770833333333,1,3.255208333333333,0,0.0,90,292.96875,46,149.73958333333334,0,0.0,38,123.69791666666666,11,35.807291666666664,6,19.53125,31,100.91145833333334,0,0.0,2,6.510416666666666,307,999.3489583333333,35,113.93229166666666,0,0.0,18,58.59375
001262_Interpretacions_i_motius.out.txt,CTILC,1919,LIT,central,no,28590,3,1.049317943336831,1149,401.8887722980063,0,0.0,186,65.05771248688353,20,6.995452955578874,15,5.246589716684156,717,250.78698845750262,320,111.92724728926198,3,1.049317943336831,618,216.15949632738722,205,71.70339279468345,172,60.16089541797831,525,183.63064008394545,8,2.7981811822315494,69,24.134312696747116,2141,748.8632388947185,949,331.9342427422176,0,0.0,249,87.09338929695697
001365_Arxiu_municipal.out.txt,CTILC,1919,NLIT,valencià,no,7019,1,1.4247043738424277,231,329.1067103576008,0,0.0,45,64.11169682290925,20,28.494087476848552,0,0.0,182,259.29619603932184,75,106.85282803818207,2,2.8494087476848553,139,198.03390796409744,48,68.38580994443653,77,109.70223678586693,75,106.85282803818207,5,7.123521869212138,14,19.945861233793988,487,693.8310300612623,114,162.41629861803673,1,1.4247043738424277,59,84.05755805670323
000158_L_idilli_d_en_Temme.out.txt,CTILC,1920,LIT,central,no,25147,7,2.783632242414602,1155,459.2993199984093,0,0.0,291,115.71956893466417,75,29.824631168727876,20,7.953234978327434,407,161.84833180896328,149,59.25160058853939,10,3.976617489163717,546,217.12331490833895,178,70.78379130711417,292,116.11723068358054,346,137.59096512506463,4,1.590646995665487,129,51.29836561021195,1807,718.5747802918837,903,359.0885592714837,0,0.0,238,94.64349624209648
000513_Del_meu_treball_en_l_Hospital_de_la_Sant.out.txt,CTILC,1920,NLIT,central,no,26937,0,0.0,954,354.1597059806215,0,0.0,200,74.24731781564391,112,41.57849797676059,10,3.7123658907821957,472,175.22367004491963,303,112.48468649070053,3,1.1137097672346585,707,262.4642684783012,133,49.3744663474032,159,59.02661766343691,397,147.38092586405315,32,11.879570850503026,84,31.18387348257044,1805,670.0820432861864,817,303.30029327690534,30,11.137097672346586,487,180.7922188810929
000630_Contra_els_poetes_amb_minuscula.out.txt,CTILC,1920,NLIT,central,no,736,0,0.0,20,271.7391304347826,0,0.0,8,108.69565217391305,0,0.0,0,0.0,20,271.7391304347826,15,203.80434782608697,1,13.58695652173913,10,135.8695652173913,5,67.93478260869566,13,176.6304347826087,12,163.04347826086956,1,13.58695652173913,0,0.0,34,461.9565217391304,31,421.19565217391306,0,0.0,5,67.93478260869566
000637_Harmonies_del_firmament.out.txt,CTILC,1920,NLIT,central,no,10765,0,0.0,283,262.8889921040409,0,0.0,71,65.95448211797492,31,28.79702740362285,1,0.9289363678588016,150,139.34045517882024,77,71.52810032512772,0,0.0,161,149.55875522526708,29,26.93915466790525,106,98.46725499303297,168,156.06130980027868,3,2.786809103576405,44,40.873200185787276,1080,1003.2512772875058,336,312.12261960055736,1,0.9289363678588016,86,79.88852763585695
000814_La_recomanacio_de_l_anima.out.txt,CTILC,1920,NLIT,central,sí,2941,0,0.0,120,408.0244814688881,0,0.0,31,105.40632437946277,17,57.80346820809248,1,3.4002040122407347,51,173.41040462427745,45,153.00918055083304,0,0.0,89,302.6181570894254,8,27.201632097925877,59,200.61203672220336,39,132.60795647738865,0,0.0,4,13.600816048962939,200,680.0408024481469,52,176.8106086365182,0,0.0,14,47.602856171370284
001100_Parlament_llegit_en_la_festa_inaugural_d.out.txt,CTILC,1920,NLIT,central,no,1627,0,0.0,55,338.0454824830977,0,0.0,7,43.02397049784881,2,12.292562999385371,0,0.0,35,215.11985248924398,14,86.04794099569762,0,0.0,28,172.09588199139523,32,196.68100799016594,23,141.36447449293178,36,221.26613398893667,0,0.0,3,18.43884449907806,57,350.3380454824831,35,215.11985248924398,0,0.0,7,43.02397049784881
001101_El_Montseny.out.txt,CTILC,1920,NLIT,central,no,20214,0,0.0,807,399.22825764321755,0,0.0,88,43.53418422875235,19,9.399426140298802,0,0.0,447,221.1338676165034,65,32.15593153260117,0,0.0,211,104.38310082121302,82,40.565944394973776,272,134.5602057979618,338,167.21084396952608,1,0.49470663896309486,23,11.378252696151183,1551,767.2899970317602,335,165.7267240526368,1,0.49470663896309486,219,108.34075393291778
001103_Els_jocs_olimpics_en_l_antiga_Grecia.out.txt,CTILC,1920,NLIT,central,no,9923,0,0.0,334,336.59175652524436,0,0.0,81,81.62853975612214,9,9.069837750680238,5,5.03879875037791,243,244.8856192683664,211,212.63730726594778,0,0.0,144,145.1174040108838,45,45.34918875340119,74,74.57422150559306,102,102.79149450770936,3,3.0232792502267456,20,20.15519500151164,890,896.906177567268,308,310.39000302327923,0,0.0,115,115.89237125869192
002122_Biografia.out.txt,CTILC,1920,NLIT,central,no,3198,2,6.253908692933083,118,368.9806128830519,0,0.0,18,56.28517823639775,25,78.17385866166353,2,6.253908692933083,52,162.60162601626018,33,103.18949343339587,4,12.507817385866167,120,375.234521575985,25,78.17385866166353,39,121.95121951219512,47,146.96685428392746,5,15.634771732332707,14,43.77736085053158,196,612.8830519074421,94,293.9337085678549,2,6.253908692933083,32,100.06253908692933
002239_Carta_a_Francesc_Matheu_8IV1920.out.txt,CTILC,1920,NLIT,baleàric,no,289,0,0.0,7,242.21453287197232,0,0.0,2,69.20415224913495,1,34.602076124567475,0,0.0,8,276.8166089965398,0,0.0,8,276.8166089965398,0,0.0,1,34.602076124567475,2,69.20415224913495,2,69.20415224913495,0,0.0,1,34.602076124567475,14,484.42906574394465,14,484.42906574394465,4,138.4083044982699,2,69.20415224913495
002604_Selvatana_amor.out.txt,CTILC,1920,LIT,central,no,8482,0,0.0,411,484.55552935628384,0,0.0,77,90.78047630275879,0,0.0,1,1.1789672247111531,268,315.963216222589,87,102.57014854987031,0,0.0,129,152.08677198773876,79,93.13841075218109,131,154.44470643716105,144,169.77128035840602,0,0.0,8,9.431737797689225,550,648.4319735911341,121,142.65503419004952,0,0.0,141,166.2343786842726
002955_Hamlet.out.txt,CTILC,1920,LIT,nord-occidental,sí,31327,0,0.0,989,315.70211000095765,0,0.0,283,90.33740862514763,55,17.5567401921665,27,8.618763367063556,682,217.7035783828646,230,73.41909534905992,1,0.31921345803939094,995,317.617390749194,225,71.82302805886296,452,144.2844830338047,450,143.64605611772592,7,2.2344942062757362,95,30.325278513742138,1555,496.3769272512529,1779,567.8807418520765,0,0.0,326,104.06358732084145
000030_Les_ales_d_Ernestina.out.txt,CTILC,1921,LIT,central,no,19992,0,0.0,520,260.10404161664667,0,0.0,266,133.0532212885154,26,13.005202080832333,5,2.501000400160064,416,208.08323329331733,147,73.52941176470588,0,0.0,297,148.5594237695078,138,69.02761104441777,260,130.05202080832333,289,144.55782312925172,1,0.5002000800320129,148,74.02961184473789,1020,510.2040816326531,738,369.14765906362544,0,0.0,227,113.5454181672669
000120_Croquis_pirenencs.out.txt,CTILC,1921,LIT,central,no,35243,0,0.0,1215,344.7493119200976,0,0.0,334,94.77059274182108,57,16.17342450983174,15,4.2561643446925626,815,231.25159606162924,425,120.59132309962263,1,0.2837442896461709,448,127.11744176148456,277,78.59716823198933,380,107.82283006554493,544,154.35689356751695,6,1.7024657378770254,127,36.0355247850637,2376,674.176432199302,1047,297.0802712595409,2,0.5674885792923418,395,112.07899441023748
000505_Contribucio_a_l_osteologia_comparada_del.out.txt,CTILC,1921,NLIT,central,no,17096,8,4.679457182966776,339,198.2919981282171,0,0.0,61,35.68086102012167,16,9.358914365933552,13,7.604117922321011,413,241.5769770706598,254,148.57276555919512,7,4.094525035095929,429,250.93589143659335,137,80.13570425830603,179,104.70285446888161,202,118.15629386991108,12,7.019185774450163,49,28.661675245671503,1284,751.0528778661675,316,184.83855872718766,12,7.019185774450163,171,100.02339728591483
000518_Treballs_de_cirurgia_abdominal_y_ginecol.out.txt,CTILC,1921,NLIT,central,no,7860,1,1.272264631043257,291,370.22900763358774,0,0.0,64,81.42493638676845,9,11.450381679389313,0,0.0,134,170.48346055979644,86,109.41475826972011,0,0.0,236,300.25445292620867,21,26.717557251908396,37,47.0737913486005,93,118.3206106870229,7,8.9058524173028,14,17.8117048346056,539,685.7506361323155,164,208.65139949109414,0,0.0,148,188.295165394402
000643_Moliere_i_la_farsa_dels_metges.out.txt,CTILC,1921,NLIT,central,no,10869,0,0.0,293,269.5740178489281,0,0.0,73,67.16349250161008,8,7.360382739902476,2,1.840095684975619,324,298.0955009660502,119,109.48569325604932,0,0.0,114,104.88545404361028,105,96.60502346121999,90,82.80430582390284,186,171.12889870273256,3,2.7601435274634283,26,23.921243904683042,682,627.472628576686,268,246.5728217867329,0,0.0,98,90.16468856380533
001097_Consideracions_sobre_les_interpretacions.out.txt,CTILC,1921,NLIT,nord-occidental,no,2499,0,0.0,76,304.1216486594638,0,0.0,18,72.02881152460985,7,28.011204481792717,2,8.003201280512206,62,248.09923969587834,24,96.03841536614645,0,0.0,44,176.07042817126853,7,28.011204481792717,12,48.019207683073226,49,196.078431372549,0,0.0,1,4.001600640256103,173,692.2769107643057,103,412.16486594637854,0,0.0,25,100.04001600640257
001126_L_art_de_construir_les_ciutats_i_la_refo.out.txt,CTILC,1921,NLIT,baleàric,no,13112,0,0.0,351,267.6937156802929,0,0.0,82,62.53813300793167,68,51.86089078706529,1,0.7626601586333129,251,191.42769981696156,192,146.4307504575961,2,1.5253203172666259,187,142.61744966442953,148,112.87370347773032,93,70.92739475289811,166,126.60158633312996,17,12.965222696766322,4,3.0506406345332517,1230,938.071995118975,360,274.55765710799267,7,5.338621110433191,138,105.2471018913972
001144_Memoria.out.txt,CTILC,1921,NLIT,central,no,3143,0,0.0,71,225.8988227807827,0,0.0,33,104.99522748965956,10,31.81673560292714,3,9.545020680878142,67,213.17212853961186,33,104.99522748965956,0,0.0,55,174.99204581609928,32,101.81355392936685,20,63.63347120585428,56,178.17371937639197,2,6.363347120585428,8,25.453388482341712,200,636.3347120585428,83,264.0789055042952,0,0.0,25,79.54183900731785
001455_Estudi_de_la_primera_creuada.out.txt,CTILC,1921,NLIT,valencià,no,19791,14,7.073922490020716,447,225.86023950280432,168,84.8870698802486,0,0.0,178,89.93987165883482,45,22.73760800363802,260,131.37284624324187,148,74.78146632307615,237,119.75140215249355,0,0.0,193,97.51907432671416,157,79.32898792380375,257,129.85700570966603,5,2.5264008892931127,28,14.147844980041432,1622,819.5644484866858,349,176.3427820726593,25,12.632004446465565,76,38.40129351725532
002188_Enric_Morera.out.txt,CTILC,1921,NLIT,central,no,8594,0,0.0,335,389.8068419827787,0,0.0,184,214.10286246218294,27,31.41726786129858,7,8.145217593670003,199,231.55690016290433,104,121.0146613916686,2,2.327205026762858,142,165.23155690016293,69,80.2885734233186,106,123.34186641843147,145,168.72236444030722,2,2.327205026762858,17,19.781242727484294,543,631.836164766116,283,329.2995112869444,4,4.654410053525716,111,129.1598789853386
002602_L_irradiador_del_port_i_les_gavines.out.txt,CTILC,1921,LIT,central,no,2745,0,0.0,148,539.1621129326047,0,0.0,16,58.287795992714024,0,0.0,1,3.6429872495446265,91,331.51183970856107,42,153.0054644808743,0,0.0,38,138.4335154826958,18,65.57377049180327,22,80.14571948998179,28,102.00364298724955,0,0.0,3,10.92896174863388,195,710.3825136612021,58,211.29326047358836,0,0.0,29,105.64663023679418
002848_Joan_Dalla.out.txt,CTILC,1921,LIT,central,no,12775,486,380.43052837573384,0,0.0,126,98.63013698630137,0,0.0,50,39.138943248532286,6,4.6966731898238745,65,50.88062622309198,74,57.92563600782779,4,3.1311154598825834,218,170.6457925636008,79,61.839530332681015,133,104.10958904109589,121,94.71624266144815,1,0.7827788649706459,39,30.528375733855185,553,432.8767123287671,871,681.8003913894324,141,110.37181996086106,1,0.7827788649706459
000098_L_illa_de_la_calma.out.txt,CTILC,1922,LIT,central,no,53327,3,0.562566804808071,2284,428.3008607272114,0,0.0,220,41.25489901925854,270,50.631012432726386,49,9.188591145198492,1061,198.96112663378776,804,150.76790368856302,9,1.687700414424213,513,96.19892362218015,196,36.75436458079397,440,82.50979803851708,854,160.1440171020309,12,2.250267219232284,142,26.62816209424869,3489,654.2651939917865,2366,443.6776867252986,2,0.375044536538714,436,81.75970896543966
000334_En_Ramon_Muntaner.out.txt,CTILC,1922,NLIT,central,no,11220,5,4.45632798573975,371,330.6595365418895,4,3.5650623885918002,113,100.71301247771835,35,31.194295900178254,11,9.803921568627452,279,248.6631016042781,154,137.2549019607843,1,0.8912655971479501,153,136.36363636363635,86,76.6488413547237,164,146.1675579322638,152,135.4723707664884,0,0.0,22,19.607843137254903,574,511.58645276292333,368,327.98573975044565,29,25.84670231729055,73,65.06238859180036
000501_La_reproduccio_y_la_herencia_en_el_besti.out.txt,CTILC,1922,NLIT,central,no,24742,0,0.0,493,199.25632527685715,0,0.0,112,45.267157060868165,7,2.8291973163042603,7,2.8291973163042603,527,212.99814081319215,549,221.88990380729123,0,0.0,597,241.29011397623475,206,83.25923530838251,128,51.733893783849325,387,156.41419448710693,19,7.6792498585401345,37,14.954328671893947,2399,969.6063374019885,731,295.449034031202,5,2.020855225931614,166,67.09239350092959
000510_La_investigacio_clinica_i_els_seus_auxil.out.txt,CTILC,1922,NLIT,central,no,7119,0,0.0,283,397.52774266048607,0,0.0,73,102.54249192302291,43,60.40174181767102,9,12.642225031605564,139,195.252142154797,82,115.18471695462846,2,2.8093833403567916,103,144.68324202837476,29,40.73605843517348,54,75.85335018963337,132,185.41930046354824,14,19.665683382497544,25,35.1172917544599,376,528.1640679870769,185,259.86795898300323,6,8.428150021070376,133,186.82399213372665
000523_Escola_d_infermeres_auxiliars_de_medicin.out.txt,CTILC,1922,NLIT,central,no,5115,3,5.865102639296188,343,670.5767350928642,0,0.0,10,19.550342130987293,0,0.0,3,5.865102639296188,20,39.100684261974585,22,43.01075268817204,0,0.0,185,361.6813294232649,10,19.550342130987293,35,68.42619745845552,96,187.683284457478,6,11.730205278592376,4,7.820136852394917,568,1110.4594330400782,106,207.2336265884653,2,3.9100684261974585,73,142.71749755620723
000642_El_novellista_catala_Alfons_Maseras.out.txt,CTILC,1922,NLIT,central,no,6846,0,0.0,292,426.5264387963774,0,0.0,55,80.33888401986562,8,11.685655857434998,1,1.4607069821793748,134,195.73473561203622,60,87.64241893076249,0,0.0,150,219.10604732690624,57,83.26029798422437,53,77.41747005550687,131,191.3526146654981,3,4.382120946538125,76,111.01373064563248,455,664.6216768916155,195,284.8378615249781,1,1.4607069821793748,70,102.24948875255625
000801_Memoria_breu.out.txt,CTILC,1922,NLIT,central,no,2044,0,0.0,69,337.57338551859095,0,0.0,18,88.06262230919765,7,34.24657534246575,0,0.0,46,225.04892367906066,11,53.816046966731896,4,19.569471624266143,29,141.87866927592955,13,63.60078277886497,22,107.63209393346379,44,215.26418786692759,0,0.0,3,14.677103718199607,130,636.0078277886497,62,303.3268101761252,0,0.0,17,83.17025440313111
001123_Teoria_de_la_musica_Segona_part.out.txt,CTILC,1922,NLIT,central,no,3236,0,0.0,129,398.64029666254635,0,0.0,28,86.5265760197775,2,6.1804697156983925,0,0.0,68,210.13597033374538,62,191.59456118665017,0,0.0,53,163.78244746600743,15,46.353522867737944,20,61.80469715698393,40,123.60939431396785,0,0.0,8,24.72187886279357,235,726.2051915945613,27,83.43634116192831,0,0.0,55,169.96291718170582
001127_Enigmistica_popular_endevinalles_i_altre.out.txt,CTILC,1922,NLIT,nord-occidental,no,6055,0,0.0,217,358.38150289017346,0,0.0,45,74.31874483897604,6,9.90916597853014,8,13.212221304706855,170,280.75970272502065,65,107.3492981007432,0,0.0,81,133.7737407101569,37,61.1065235342692,49,80.92485549132948,62,102.39471511147812,2,3.3030553261767137,9,14.86374896779521,470,776.2180016515277,199,328.654004954583,0,0.0,77,127.16763005780348
002365_Carta_a_Josep_Carner_28X1922.out.txt,CTILC,1922,NLIT,central,no,675,0,0.0,19,281.48148148148147,0,0.0,5,74.07407407407408,0,0.0,1,14.814814814814815,4,59.25925925925926,7,103.7037037037037,0,0.0,17,251.85185185185185,5,74.07407407407408,2,29.62962962962963,20,296.2962962962963,0,0.0,3,44.44444444444444,35,518.5185185185185,35,518.5185185185185,0,0.0,8,118.51851851851852
002601_La_gesta_dels_estels.out.txt,CTILC,1922,LIT,central,no,3772,0,0.0,121,320.7847295864263,0,0.0,16,42.417815482502654,2,5.302226935312832,0,0.0,123,326.0869565217391,40,106.04453870625663,0,0.0,35,92.78897136797455,51,135.2067868504772,40,106.04453870625663,35,92.78897136797455,0,0.0,11,29.162248144220573,182,482.50265111346766,92,243.90243902439025,0,0.0,34,90.13785790031814
000113_El_meu_amic_Pellini.out.txt,CTILC,1923,LIT,central,no,33490,0,0.0,1254,374.4401313825022,0,0.0,397,118.54284861152583,66,19.707375335921167,30,8.957897879964168,846,252.61272021498954,518,154.67303672738132,0,0.0,699,208.71902060316512,245,73.15616601970737,274,81.81546730367273,627,187.2200656912511,6,1.7915795759928337,124,37.025977903851896,2547,760.525530008958,841,251.1197372349955,7,2.090176171991639,332,99.13406987160346
000133_A_l_ombra_de_Santa_Maria_del_Mar.out.txt,CTILC,1923,LIT,nord-occidental,no,45925,0,0.0,1358,295.6995100707676,0,0.0,464,101.0342950462711,54,11.75830157866086,9,1.9597169297768102,1187,258.46488840500814,540,117.5830157866086,0,0.0,610,132.82525857376157,251,54.654327708219924,535,116.49428415895481,568,123.67991290146979,0,0.0,88,19.161676646706585,2916,634.9482852476865,1532,333.5873707131192,0,0.0,356,77.51769188894937
000332_L_educacio_de_la_inventiva.out.txt,CTILC,1923,NLIT,central,no,23690,0,0.0,769,324.60953989024904,0,0.0,162,68.38328408611228,38,16.040523427606587,18,7.598142676234699,457,192.9084001688476,310,130.85690164626425,0,0.0,579,244.40692275221613,79,33.34740396791896,109,46.010975094976786,351,148.1637821865766,30,12.66357112705783,68,28.704094554664415,1830,772.4778387505277,824,347.82608695652175,0,0.0,233,98.35373575348248
000508_Treballs_de_lluita_antituberculosa_1919-.out.txt,CTILC,1923,NLIT,central,no,2097,1,4.768717215069146,64,305.19790176442535,0,0.0,24,114.44921316165951,0,0.0,0,0.0,45,214.59227467811158,52,247.9732951835956,0,0.0,28,133.5240820219361,3,14.30615164520744,19,90.60562708631379,35,166.90510252742013,0,0.0,8,38.14973772055317,213,1015.7367668097282,53,252.74201239866477,1,4.768717215069146,39,185.9799713876967
000511_Dels_excitants_cardiacs_directes_en_el_t.out.txt,CTILC,1923,NLIT,central,no,5074,0,0.0,191,376.42885297595586,0,0.0,54,106.42491131257391,35,68.97910918407568,2,3.9416633819471816,112,220.73314938904218,80,157.66653527788728,0,0.0,90,177.3748521876232,3,5.912495072920772,42,82.77493102089082,77,151.7540402049665,2,3.9416633819471816,9,17.73748521876232,277,545.9203783996846,139,273.94560504532916,1,1.9708316909735908,61,120.22073314938905
000522_Deu_anys_d_accio_escolar.out.txt,CTILC,1923,NLIT,central,no,7650,2,2.6143790849673203,328,428.75816993464053,1,1.3071895424836601,71,92.81045751633988,3,3.9215686274509802,15,19.607843137254903,114,149.01960784313727,125,163.39869281045753,0,0.0,248,324.18300653594775,28,36.60130718954248,226,295.42483660130716,172,224.83660130718957,4,5.228758169934641,6,7.8431372549019605,773,1010.4575163398692,140,183.00653594771242,6,7.8431372549019605,76,99.34640522875817
000615_Idealitat_metafisica_espiritualisme.out.txt,CTILC,1923,NLIT,central,no,6992,0,0.0,187,267.44851258581235,0,0.0,32,45.76659038901602,20,28.60411899313501,1,1.4302059496567505,157,224.54233409610984,56,80.09153318077803,0,0.0,104,148.74141876430207,36,51.48741418764302,22,31.46453089244851,112,160.18306636155606,7,10.011441647597254,7,10.011441647597254,433,619.279176201373,159,227.40274599542334,0,0.0,66,94.39359267734555
000634_Laboratori_General_d_Assaigs_i_Condicion.out.txt,CTILC,1923,NLIT,central,no,10566,0,0.0,538,509.18038992996406,0,0.0,67,63.41094075335983,1,0.946431951542684,4,3.785727806170736,187,176.98277493848192,126,119.2504258943782,0,0.0,290,274.4652659473784,53,50.16089343176226,47,44.48230172250615,209,197.80427787242098,16,15.142911224682944,12,11.357183418512209,1196,1131.93261404505,152,143.85765663448797,1,0.946431951542684,159,150.48268029528677
000641_Les_goles_de_l_Ebre.out.txt,CTILC,1923,NLIT,central,no,12476,0,0.0,301,241.26322539275407,0,0.0,97,77.74927861494069,9,7.213850593138827,1,0.8015389547932029,272,218.01859570375123,125,100.19236934915037,6,4.809233728759218,296,237.25553061878807,59,47.29079833279897,169,135.4600833600513,255,204.39243347226673,8,6.412311638345623,14,11.221545367104842,1255,1005.9313882654696,330,264.507855081757,4,3.2061558191728117,131,105.00160307790959
000796_Cami_d_apostol.out.txt,CTILC,1923,NLIT,central,sí,29224,0,0.0,899,307.62387079113057,0,0.0,244,83.49301943607993,38,13.003011223651791,14,4.7905830823980295,815,278.8803722967424,351,120.1067615658363,0,0.0,754,258.0071174377224,187,63.988502600602246,281,96.15384615384616,401,137.21598686011498,25,8.554612647139338,122,41.74650971803997,1686,576.9230769230769,835,285.72406241445384,1,0.3421845058855735,159,54.407336435806194
001124_Anuari_1923.out.txt,CTILC,1923,NLIT,central,no,7898,0,0.0,196,248.16409217523423,0,0.0,113,143.07419599898708,4,5.064573309698657,1,1.2661433274246643,154,194.98607242339833,126,159.5340592555077,7,8.863003291972651,286,362.11699164345407,45,56.9764497341099,99,125.34818941504179,146,184.856925804001,3,3.7984299822739938,32,40.51658647758926,389,492.52975436819446,142,179.79235249430238,1,1.2661433274246643,184,232.97037224613828
002107_Biografia_de_D_Josep_A_Santigosa_i_Vestr.out.txt,CTILC,1923,NLIT,nord-occidental,no,5797,0,0.0,298,514.0589960324306,0,0.0,17,29.325513196480937,98,169.05295842677248,55,94.87666034155598,1,1.7250301880282903,0,0.0,96,165.60289805071588,7,12.075211316198034,30,51.750905640848714,56,96.60169052958427,63,108.67690184578231,0,0.0,5,8.625150940141452,327,564.084871485251,147,253.5794376401587,1,1.7250301880282903,36,62.10108676901846
000161_Dialegs_I.out.txt,CTILC,1924,LIT,central,sí,31987,0,0.0,1154,360.77156344765064,0,0.0,230,71.90421108575359,22,6.877794103854691,20,6.252540094413355,588,183.82467877575266,457,142.87054115734517,0,0.0,356,111.29521368055774,106,33.13846250039079,156,48.76981273642418,391,122.2371588457811,17,5.314659080251352,189,59.08650389220621,1997,624.3161284271736,1291,403.6014630943821,0,0.0,588,183.82467877575266
000536_Cartilla_popular_del_cranc.out.txt,CTILC,1924,NLIT,central,no,2551,1,3.920031360250882,81,317.52254018032147,0,0.0,13,50.960407683261465,2,7.840062720501764,0,0.0,78,305.76244609956876,18,70.56056448451588,0,0.0,32,125.44100352802822,14,54.880439043512354,28,109.76087808702471,28,109.76087808702471,5,19.60015680125441,3,11.760094080752646,225,882.0070560564484,53,207.76166209329674,0,0.0,87,341.0427283418267
000767_Documents_per_l_estudi_de_la_variacio_de.out.txt,CTILC,1924,NLIT,central,no,3948,0,0.0,89,225.43059777102332,22,55.72441742654508,47,119.04761904761904,6,15.19756838905775,5,12.664640324214792,55,139.3110435663627,23,58.257345491388044,0,0.0,81,205.16717325227964,19,48.12563323201621,30,75.98784194528875,77,195.03546099290782,6,15.19756838905775,18,45.59270516717325,319,808.0040526849037,106,268.4903748733536,1,2.5329280648429586,24,60.790273556231
002367_Carta_a_Antoni_Maria_Alcover_20II1924.out.txt,CTILC,1924,NLIT,central,no,371,0,0.0,13,350.4043126684636,0,0.0,1,26.954177897574127,2,53.90835579514825,0,0.0,4,107.8167115902965,1,26.954177897574127,0,0.0,6,161.72506738544476,0,0.0,2,53.90835579514825,4,107.8167115902965,0,0.0,1,26.954177897574127,15,404.31266846361183,11,296.4959568733154,0,0.0,5,134.77088948787062
000141_L_exode.out.txt,CTILC,1925,LIT,central,sí,29168,0,0.0,2165,742.2517827756446,0,0.0,301,103.19528250137137,23,7.885353812397147,12,4.1140976412506856,759,260.2166758091059,497,170.3922106417992,0,0.0,1409,483.06363137685133,311,106.62369720241361,204,69.93965990126165,163,55.88315962698848,4,1.3713658804168953,32,10.970927043335163,1938,664.4267690619859,1110,380.55403181568846,0,0.0,148,50.74053757542512
000223_Les_coses_benignes.out.txt,CTILC,1925,LIT,central,no,23370,2,0.8557980316645272,856,366.2815575524176,1,0.4278990158322636,248,106.11895592640137,39,16.68806161745828,41,17.54385964912281,509,217.80059905862217,266,113.82113821138212,3,1.2836970474967908,566,242.1908429610612,164,70.17543859649123,259,110.82584510055628,331,141.63457424047925,5,2.139495079161318,89,38.08301240907146,1336,571.6730851519042,937,400.941377834831,0,0.0,217,92.8540864356012
000532_Fortificacio_de_campanya.out.txt,CTILC,1925,NLIT,central,no,4969,0,0.0,99,199.23525860334072,0,0.0,65,130.81102837593076,10,20.12477359629704,6,12.074864157778226,95,191.18534916482187,36,72.44918494666935,0,0.0,127,255.58462467297244,44,88.54900382370698,50,100.6238679814852,82,165.02314348963574,0,0.0,16,32.19963775407527,505,1016.3010666130006,98,197.22278124371098,0,0.0,69,138.86093781444958
000538_Les_arts_grafiques_i_la_publicitat.out.txt,CTILC,1925,NLIT,central,no,10625,1,0.9411764705882354,369,347.29411764705884,0,0.0,82,77.17647058823529,19,17.88235294117647,8,7.529411764705883,263,247.52941176470588,131,123.29411764705883,1,0.9411764705882354,212,199.5294117647059,68,64.0,87,81.88235294117648,186,175.05882352941177,8,7.529411764705883,11,10.352941176470587,844,794.3529411764706,246,231.52941176470588,1,0.9411764705882354,120,112.94117647058825
000650_Esquema_d_un_assaig_filosofic_sobre_el_p.out.txt,CTILC,1925,NLIT,central,no,4037,0,0.0,179,443.3985632895714,1,2.4770869457517954,38,94.12930393856824,9,22.29378251176616,1,2.4770869457517954,85,210.55239038890267,21,52.018825860787715,0,0.0,83,205.59821649739908,24,59.4500866980431,20,49.541738915035914,95,235.32325984642063,2,4.954173891503591,5,12.385434728758979,240,594.500866980431,127,314.5900421104781,0,0.0,39,96.60639088432004
000752_Setmana_Santa.out.txt,CTILC,1925,NLIT,central,sí,3851,0,0.0,237,615.4245650480394,0,0.0,51,132.43313425084395,3,7.790184367696702,1,2.596728122565567,112,290.83354972734355,57,148.01350298623734,0,0.0,62,160.9971435990652,16,41.547649961049075,93,241.49571539859775,46,119.44949363801611,0,0.0,2,5.193456245131134,234,607.6343806803427,84,218.12516229550764,1,2.596728122565567,13,33.75746559335238
000795_Manual_del_peregri_de_la_Hospitalitat_de.out.txt,CTILC,1925,NLIT,central,no,5842,0,0.0,149,255.04964053406368,0,0.0,42,71.8931872646354,6,10.270455323519343,6,10.270455323519343,135,231.08524477918522,84,143.7863745292708,0,0.0,100,171.17425539198902,22,37.65833618623759,82,140.36288942143102,113,193.42690859294763,0,0.0,12,20.540910647038686,444,760.0136939404313,143,244.77918521054434,0,0.0,49,83.87538514207463
001008_Les_monedes_vigatanes_durant_la_revolta_.out.txt,CTILC,1925,NLIT,central,no,14989,434,289.5456668223364,4,2.6686236573487223,113,75.3886183201014,0,0.0,118,78.7243978917873,22,14.677430115417973,285,190.13943558609645,160,106.7449462939489,249,166.12182266995796,4,2.6686236573487223,49,32.69063980252185,235,156.78163986923744,218,145.43998932550537,10,6.671559143371806,37,24.68476883047568,868,579.0913336446728,677,451.6645540062713,239,159.45026352658616,2,1.3343118286743612
002241_Carta_a_Francesc_Matheu_16I1925.out.txt,CTILC,1925,NLIT,central,no,223,9,403.58744394618833,0,0.0,2,89.68609865470852,0,0.0,1,44.84304932735426,1,44.84304932735426,1,44.84304932735426,0,0.0,3,134.5291479820628,1,44.84304932735426,0,0.0,0,0.0,1,44.84304932735426,0,0.0,0,0.0,8,358.74439461883406,13,582.9596412556054,6,269.0582959641256,0,0.0
000651_D_epistemologia.out.txt,CTILC,1926,NLIT,central,no,3116,0,0.0,80,256.73940949935815,0,0.0,16,51.34788189987162,1,3.2092426187419765,1,3.2092426187419765,80,256.73940949935815,31,99.4865211810013,0,0.0,49,157.25288831835687,20,64.18485237483954,16,51.34788189987162,54,173.29910141206676,8,25.67394094993581,3,9.627727856225931,190,609.7560975609756,66,211.81001283697046,1,3.2092426187419765,23,73.81258023106547
000766_Discurs_al_objecte_de_donar_a_conexer_la.out.txt,CTILC,1926,NLIT,central,no,6022,223,370.3088674858851,0,0.0,70,116.24045167718367,0,0.0,30,49.81733643307871,0,0.0,61,101.29525074726006,54,89.67120557954168,2,3.3211557622052474,90,149.45200929923612,38,63.101959481899705,44,73.06542676851545,77,127.86449684490202,4,6.642311524410495,13,21.58751245433411,526,873.46396545998,298,494.85220856858183,55,91.33178346064432,6,9.963467286615742
000813__Cami__Lleus_comentaris_a_textos_sagrats.out.txt,CTILC,1926,NLIT,central,no,9591,0,0.0,385,401.41799603795226,0,0.0,64,66.72922531539986,5,5.213220727765613,8,8.341153164424982,200,208.52882911062454,164,170.99363987071212,0,0.0,152,158.48191012407466,71,74.02773433427171,93,96.96590553644042,170,177.24950474403087,7,7.298509018871859,16,16.682306328849965,604,629.7570639140861,355,370.1386716713586,0,0.0,45,46.918986549890526
001440_Orige_i_significacio_del__Drach_alat__i_.out.txt,CTILC,1926,NLIT,valencià,no,12562,10,7.960515841426524,292,232.44706256965452,89,70.84859098869607,0,0.0,93,74.03279732526667,11,8.756567425569177,264,210.15761821366024,73,58.11176564241363,124,98.71039643368891,1,0.7960515841426524,63,50.15124980098711,130,103.48670593854482,95,75.62490049355199,11,8.756567425569177,27,21.493392771851617,679,540.519025632861,293,233.24311415379717,111,88.36172583983443,73,58.11176564241363
002581_Ofrena_rural.out.txt,CTILC,1926,LIT,central,no,3995,0,0.0,140,350.4380475594493,0,0.0,32,80.10012515644556,1,2.5031289111389237,0,0.0,138,345.43178973717147,27,67.58448060075094,0,0.0,74,185.23153942428036,33,82.60325406758449,72,180.22528160200253,59,147.6846057571965,0,0.0,9,22.528160200250316,189,473.0913642052566,77,192.74092615769712,0,0.0,87,217.77221526908633
000145_Jardins_de_Sant_Pol.out.txt,CTILC,1927,LIT,central,no,26515,0,0.0,834,314.5389402225156,0,0.0,149,56.19460682632472,13,4.902885159343768,6,2.2628700735432776,661,249.29285310201772,294,110.8806336036206,1,0.3771450122572129,398,150.10371487837074,106,39.97737129926457,121,45.63454648312276,482,181.7838959079766,11,4.148595134829342,23,8.674335281915896,1757,662.643786535923,830,313.0303601734867,0,0.0,215,81.08617763530079
000154_Maximes_i_mals_pensaments.out.txt,CTILC,1927,LIT,central,no,4005,0,0.0,67,167.29088639200998,0,0.0,17,42.44694132334582,7,17.478152309612984,6,14.981273408239701,147,367.04119850187266,128,319.60049937578026,0,0.0,37,92.38451935081147,18,44.943820224719104,41,102.37203495630462,67,167.29088639200998,1,2.4968789013732833,0,0.0,274,684.1448189762797,203,506.86641697877656,0,0.0,20,49.93757802746567
000442_On_va_Catalunya.out.txt,CTILC,1927,NLIT,central,no,40047,1,0.24970659475116738,1035,258.44632556745825,0,0.0,346,86.39848178390392,36,8.989437411042026,20,4.994131895023347,1161,289.9093565061053,680,169.80048443079383,0,0.0,760,189.7770120108872,206,51.43955851874048,714,178.2905086523335,756,188.77818563188254,37,9.239144005793193,64,15.981222064074712,2926,730.6414962419157,1401,349.8389392463855,0,0.0,246,61.42782230878718
000499_El_metode_objectiu.out.txt,CTILC,1927,NLIT,central,no,15775,0,0.0,265,167.98732171156894,0,0.0,98,62.12361331220285,5,3.1695721077654517,13,8.240887480190175,406,257.3692551505547,191,121.07765451664025,0,0.0,186,117.9080824088748,38,24.088748019017434,35,22.187004754358163,234,148.33597464342313,35,22.187004754358163,46,29.160063391442154,870,551.5055467511886,402,254.83359746434232,1,0.6339144215530903,243,154.04120443740095
000530_La_pesca_a_Catalunya.out.txt,CTILC,1927,NLIT,central,no,24184,0,0.0,852,352.2990406880582,0,0.0,311,128.59741978167384,22,9.096923585841878,9,3.721468739662587,455,188.14091961627523,311,128.59741978167384,0,0.0,311,128.59741978167384,159,65.74594773403904,277,114.53853787628184,323,133.55937810122396,5,2.0674826331458815,24,9.92391663910023,2735,1130.9130003307973,677,279.9371485279524,0,0.0,179,74.01587826662256
000751_Els_sants_pares.out.txt,CTILC,1927,NLIT,central,no,16387,0,0.0,691,421.67571855739305,0,0.0,102,62.244462073594924,5,3.051199121254653,7,4.271678769756514,362,220.90681637883688,238,145.2370781717215,1,0.6102398242509306,474,289.2536766949411,61,37.22462927930677,154,93.97693293464332,190,115.94556660767682,13,7.933117715262098,25,15.255995606273265,1335,814.6701653749924,490,299.017513882956,1,0.6102398242509306,185,112.89436748642215
000812_L_ideari_de_la_teosofia.out.txt,CTILC,1927,NLIT,central,sí,6924,0,0.0,225,324.9566724436742,0,0.0,62,89.54361640670132,8,11.554015020219525,3,4.332755632582322,188,271.5193529751589,69,99.6533795493934,0,0.0,79,114.09589832466783,38,54.881571346042755,27,38.994800693240904,105,151.6464471403813,0,0.0,5,7.221259387637204,406,586.366262276141,266,384.17099942229925,3,4.332755632582322,58,83.76660889659156
002063_Butlleti_de_la_Federacio_Sindical_Agrari.out.txt,CTILC,1927,NLIT,central,no,3939,0,0.0,127,322.41685707032246,1,2.538715410002539,46,116.78090886011678,2,5.077430820005078,0,0.0,95,241.17796395024118,66,167.55521706016754,23,58.39045443005839,89,225.94567149022595,18,45.6968773800457,47,119.31962427011932,94,238.63924854023864,5,12.693577050012694,13,33.00330033003301,283,718.4564610307184,127,322.41685707032246,7,17.771007870017772,30,76.16146230007617
002835_De_plaer_no_n_hi_ha_mai_prou.out.txt,CTILC,1927,LIT,central,no,12735,0,0.0,361,283.4707499018453,0,0.0,109,85.5908912446015,15,11.77856301531213,0,0.0,375,294.4640753828033,218,171.181782489203,0,0.0,175,137.41656851197487,89,69.88614055751864,168,131.91990577149588,235,184.5308205732234,0,0.0,42,32.97997644287397,820,643.8947781703965,603,473.49823321554766,0,0.0,98,76.95327836670593
000184_Les_dites_i_facecies_de_l_estrenu_filant.out.txt,CTILC,1928,LIT,central,no,70373,0,0.0,2530,359.51288136074913,0,0.0,820,116.5219615477527,54,7.673397467778836,11,1.5630994841771702,1900,269.9899109033294,988,140.39475366973127,3,0.4262998593210464,1607,228.35462464297387,494,70.19737683486564,715,101.60146647151606,1038,147.49975132508206,21,2.984099015247325,130,18.472993903912013,4584,651.386185042559,2046,290.73650405695366,3,0.4262998593210464,425,60.392480070481575
000545_Normes_del_comerciant.out.txt,CTILC,1928,NLIT,central,no,12132,0,0.0,387,318.99109792284867,0,0.0,104,85.72370590174745,7,5.769864820309924,4,3.297065611605671,371,305.80283547642597,188,154.96208374546654,0,0.0,208,171.4474118034949,172,141.77382129904385,66,54.40158259149357,200,164.85328058028352,13,10.715463237718431,18,14.836795252225519,882,727.0029673590504,222,182.98714144411474,0,0.0,85,70.06264424662051
001031_Introduccio_analitica.out.txt,CTILC,1928,NLIT,central,no,4411,0,0.0,137,310.58716844253007,0,0.0,80,181.3647698934482,10,22.670596236681025,2,4.534119247336205,123,278.84833371117656,53,120.15416005440945,0,0.0,83,188.1659487644525,59,133.75651779641805,30,68.01178871004308,65,147.35887553842664,1,2.2670596236681027,4,9.06823849467241,277,627.9755157560644,111,251.64361822715938,1,2.2670596236681027,42,95.2165041940603
000340_La_fatiga_obrera.out.txt,CTILC,1929,NLIT,central,no,7254,0,0.0,239,329.473393989523,0,0.0,53,73.06313757926661,12,16.542597187758478,4,5.514199062586159,223,307.41659773917837,100,137.85497656465398,0,0.0,159,219.1894127377998,43,59.277639922801214,38,52.384891094568516,97,133.71932726771436,17,23.435346015991176,7,9.649848359525778,532,733.3884753239591,292,402.5365315687896,0,0.0,64,88.22718500137854
000409_La_marina_catalana_del_vuitcents.out.txt,CTILC,1929,NLIT,central,no,28799,1,0.3472342789680197,1045,362.85982152158056,0,0.0,311,107.98986075905414,31,10.76426264800861,18,6.250217021424355,793,275.3567832216396,619,214.9380186812042,0,0.0,427,148.26903711934443,199,69.09962151463593,196,68.05791867773186,384,133.33796312371956,6,2.083405673808118,50,17.361713948400986,2823,980.2423695267197,839,291.32956005416855,2,0.6944685579360395,241,83.68346123129274
001040_Reglament.out.txt,CTILC,1929,NLIT,central,no,2416,0,0.0,85,351.8211920529801,0,0.0,16,66.2251655629139,1,4.139072847682119,1,4.139072847682119,45,186.25827814569539,51,211.09271523178808,0,0.0,85,351.8211920529801,3,12.417218543046358,21,86.92052980132449,82,339.4039735099338,1,4.139072847682119,6,24.834437086092716,170,703.6423841059602,40,165.56291390728478,0,0.0,8,33.11258278145695
002660_Satires.out.txt,CTILC,1929,LIT,central,no,21894,0,0.0,698,318.8088060655887,0,0.0,198,90.43573581803233,10,4.567461404951128,1,0.4567461404951128,710,324.28975975153014,121,55.266282999908654,0,0.0,611,279.07189184251393,187,85.4115282725861,296,135.1968575865534,302,137.93733442952407,2,0.9134922809902256,53,24.207545446240978,1072,489.63186261076095,405,184.98218690052067,0,0.0,468,213.7571937517128
000092_L_altra_concordia.out.txt,CTILC,1930,LIT,central,no,28667,57,19.88348972686364,841,293.3686817595144,0,0.0,208,72.55729584539715,24,8.3719956744689,50,17.441657655143548,539,188.0210695224474,262,91.39428611295217,47,16.39515819583493,605,211.0440576272369,117,40.8134789130359,709,247.32270554993548,449,156.62608574318904,15,5.232497296543063,130,45.34830990337322,1627,567.5515400983709,659,229.88104789479192,3,1.0464994593086125,237,82.6734572853804
000107_Les_dictadures_dels_nostres_dies.out.txt,CTILC,1930,NLIT,central,no,48030,0,0.0,1250,260.2540079117218,0,0.0,258,53.71642723297939,27,5.621486570893192,9,1.8738288569643973,1402,291.9008952737872,683,142.20278992296483,0,0.0,1276,265.66729127628565,299,62.252758692483866,466,97.0226941494899,1136,236.5188423901728,67,13.94961482406829,37,7.703518634186966,3551,739.3295856756193,1064,221.52821153445763,5,1.0410160316468875,401,83.48948573808036
000300_Defectes_del_parlar.out.txt,CTILC,1930,NLIT,central,no,47512,6,1.2628388617612392,1289,271.2998821350396,0,0.0,390,82.08452601448056,41,8.629398888701802,42,8.839872032328675,1051,221.20727395184375,606,127.54672503788515,18,3.788516585283718,1006,211.73598248863445,335,70.50850311500253,247,51.98686647583768,973,204.79036874894763,39,8.208452601448055,146,30.72907896952349,3149,662.7799292810238,724,152.38255598585621,4,0.8418925745074928,460,96.81764606836167
000373_El_comerc_i_la_cultura.out.txt,CTILC,1930,NLIT,central,no,10128,430,424.56556082148495,0,0.0,90,88.86255924170617,2,1.9747235387045814,19,18.759873617693522,0,0.0,157,155.01579778830964,93,91.82464454976302,0,0.0,140,138.2306477093207,79,78.00157977883096,81,79.97630331753554,143,141.19273301737755,6,5.924170616113744,11,10.860979462875198,744,734.5971563981042,476,469.98420221169033,93,91.82464454976302,2,1.9747235387045814
000553_L_art_de_respirar.out.txt,CTILC,1930,NLIT,central,no,3116,1,3.2092426187419765,109,349.80744544287546,0,0.0,18,57.76636713735559,1,3.2092426187419765,1,3.2092426187419765,48,154.0436456996149,27,86.64955070603338,2,6.418485237483953,65,208.6007702182285,26,83.4403080872914,25,80.23106546854942,48,154.0436456996149,7,22.464698331193837,16,51.34788189987162,225,722.0795892169448,86,275.99486521181,0,0.0,14,44.929396662387674
001062_El_vol_d_una_canco.out.txt,CTILC,1930,NLIT,central,no,13177,0,0.0,376,285.3456780754345,0,0.0,123,93.34446383850648,12,9.106776959854292,2,1.5177961599757153,240,182.13553919708585,84,63.747438718980035,0,0.0,213,161.64529103741367,343,260.3020414358352,111,84.2376868786522,146,110.79911967822721,9,6.8300827198907195,27,20.490248159672156,808,613.1896486301889,373,283.06898383547093,0,0.0,75,56.917355999089324
001338_La_intelligencia_de_les_flors.out.txt,CTILC,1930,LIT,central,sí,15687,0,0.0,528,336.5844329699751,0,0.0,82,52.27258239306432,3,1.9124115509657678,3,1.9124115509657678,361,230.12685663288073,214,136.4186906355581,0,0.0,241,153.63039459425002,121,77.1339325556193,141,89.88334289539108,259,165.1048639000446,6,3.8248231019315355,41,26.13629119653216,1572,1002.1036527060622,464,295.7863198827054,0,0.0,129,82.23369669152802
001405_L_esperit_de_finesa.out.txt,CTILC,1930,LIT,central,no,9144,0,0.0,319,348.86264216972876,0,0.0,65,71.084864391951,6,6.561679790026247,4,4.374453193350831,182,199.0376202974628,91,99.5188101487314,0,0.0,146,159.66754155730533,56,61.24234470691163,25,27.340332458442692,158,172.79090113735782,5,5.468066491688539,7,7.655293088363954,592,647.419072615923,323,353.23709536307956,0,0.0,36,39.37007874015748
001512_Tebes.out.txt,CTILC,1930,NLIT,central,no,6247,0,0.0,256,409.79670241716025,0,0.0,28,44.821514326876894,2,3.2015367376340644,0,0.0,136,217.70449815911638,64,102.44917560429006,0,0.0,90,144.06915319353288,47,75.23611333440051,37,59.22842964623019,112,179.28605730750758,0,0.0,4,6.403073475268129,503,805.1864895149671,182,291.3398431246999,0,0.0,75,120.05762766127741
002210_Reglament_per_al_regim_del_cos_de_bomber.out.txt,CTILC,1930,NLIT,central,no,2442,0,0.0,51,208.84520884520884,0,0.0,23,94.18509418509419,1,4.095004095004096,0,0.0,68,278.46027846027846,51,208.84520884520884,0,0.0,119,487.3054873054873,3,12.285012285012284,16,65.52006552006553,32,131.04013104013106,0,0.0,7,28.665028665028665,150,614.2506142506143,35,143.32514332514333,0,0.0,39,159.7051597051597
002245_Carta_a_Francesc_Matheu_23VI1930.out.txt,CTILC,1930,NLIT,central,no,243,8,329.2181069958848,0,0.0,1,41.1522633744856,0,0.0,1,41.1522633744856,0,0.0,1,41.1522633744856,0,0.0,3,123.45679012345678,1,41.1522633744856,0,0.0,4,164.6090534979424,5,205.76131687242798,0,0.0,5,205.76131687242798,7,288.0658436213992,20,823.0452674897119,10,411.52263374485597,0,0.0
002947_El_fantasma_de_Montcorb.out.txt,CTILC,1930,LIT,central,no,19794,0,0.0,567,286.4504395271294,0,0.0,231,116.70203091846014,36,18.187329493785995,7,3.536425179347277,456,230.37284025462262,208,105.08234818631908,0,0.0,453,228.8572294634738,88,44.457916540365765,331,167.22239062342123,319,161.1599474588259,5,2.526017985248055,91,45.9735273315146,1085,548.1459027988279,681,344.0436495907851,1,0.505203597049611,274,138.4257855915934
000164_L_hereu.out.txt,CTILC,1931,LIT,central,no,80257,0,0.0,3468,432.1118407117136,0,0.0,1067,132.94790485565122,138,17.194761827628742,71,8.8465803605916,2025,252.3144398619435,1163,144.90947830095817,1,0.12459972338861408,1350,168.20962657462903,631,78.62242545821547,955,118.99273583612644,1416,176.43320831827754,12,1.495196680663369,302,37.62911646336145,5660,705.2344343795556,1944,242.22186226746575,0,0.0,841,104.78836736982444
000773_Combustibles_i_combustio.out.txt,CTILC,1931,NLIT,central,no,18499,0,0.0,574,310.28704254284014,0,0.0,132,71.35520838964268,15,8.108546407913941,8,4.324558084220769,459,248.1215200821666,168,90.81571976863614,0,0.0,262,141.62927725823016,35,18.919941618465863,53,28.650197307962593,267,144.33212606086815,3,1.6217092815827883,108,58.38153413698038,1297,701.1189794042921,488,263.7980431374669,0,0.0,296,160.00864911616844
001056_El_Gran_Teatre_del_Liceu_de_Barcelona_18.out.txt,CTILC,1931,NLIT,central,no,19417,95,48.92619869186795,700,360.5088324663954,0,0.0,249,128.23814183447493,26,13.390328063037545,45,23.175567801411134,445,229.18061492506567,211,108.66766235772776,56,28.840706597311634,397,204.46000927022712,93,47.896173456249684,206,106.09259926868208,242,124.63305350981099,2,1.0300252356182726,185,95.2773342946902,1070,551.0635010557759,572,294.58721738682596,11,5.665138795900499,155,79.82695576041614
001484_Nobiliari_targari.out.txt,CTILC,1931,NLIT,nord-occidental,no,2947,1,3.3932813030200206,96,325.75500508992195,0,0.0,30,101.79843909060061,2,6.786562606040041,2,6.786562606040041,87,295.21547336274176,22,74.65218866644045,0,0.0,82,278.24906684764164,17,57.68578215134035,45,152.69765863590092,31,105.19172039362063,2,6.786562606040041,6,20.359687818120122,171,580.2511028164234,55,186.63047166610113,2,6.786562606040041,21,71.25890736342043
000146_L_os_benemerit_i_altres_besties.out.txt,CTILC,1932,LIT,central,no,20701,1,0.4830684507994783,877,423.6510313511425,0,0.0,253,122.21631805226801,42,20.288874933578086,16,7.729095212791653,645,311.5791507656635,309,149.2681512970388,0,0.0,401,193.71044877059077,183,88.40152649630453,199,96.13062170909619,377,182.1168059514033,8,3.8645476063958264,66,31.882517752765565,1453,701.898459011642,601,290.32413893048647,0,0.0,239,115.45335974107532
000169_Memories_d_un_cabaler.out.txt,CTILC,1932,LIT,central,no,101580,5,0.49222287851939356,4400,433.1561330970664,1,0.09844457570387871,984,96.86946249261665,58,5.709785390824965,31,3.0517818468202402,2376,233.90431187241583,1191,117.24748966331956,1,0.09844457570387871,1363,134.1799566843867,570,56.11340815121087,1075,105.82791888166962,1841,181.23646387084074,45,4.430005906674542,318,31.30537507383343,7091,698.0704863162039,3214,316.40086631226615,6,0.5906674542232723,871,85.74522543807836
000763_Figures_i_llegendes_mitologiques.out.txt,CTILC,1932,NLIT,central,sí,43732,0,0.0,1875,428.74782767767306,0,0.0,396,90.55154120552456,64,14.634592518064574,20,4.57331016189518,1184,270.73996158419465,650,148.63258026159335,0,0.0,819,187.2770511296076,360,82.31958291411323,371,84.83490350315557,639,146.117259672551,15,3.4299826214213844,156,35.6718192627824,3181,727.3849812494283,1438,328.82100064026343,0,0.0,259,59.22436659654258
002182_Vides_modeliques.out.txt,CTILC,1932,NLIT,central,no,10880,2,1.838235294117647,358,329.04411764705884,0,0.0,112,102.94117647058823,19,17.46323529411765,6,5.514705882352941,363,333.6397058823529,180,165.44117647058823,3,2.7573529411764706,304,279.4117647058824,75,68.93382352941177,162,148.8970588235294,160,147.05882352941177,1,0.9191176470588235,52,47.794117647058826,651,598.3455882352941,318,292.2794117647059,0,0.0,75,68.93382352941177
002852_Jordi_Dandin_o_el_marit_confus.out.txt,CTILC,1932,LIT,central,sí,11688,0,0.0,333,284.90759753593426,0,0.0,78,66.73511293634498,10,8.555783709787816,5,4.277891854893908,267,228.4394250513347,67,57.323750855578375,0,0.0,137,117.21423682409309,41,35.07871321013005,294,251.54004106776182,148,126.62559890485969,0,0.0,55,47.05681040383299,418,357.63175906913074,637,545.003422313484,0,0.0,142,121.492128678987
002950_Guerau_i_Marta.out.txt,CTILC,1932,LIT,central,no,17869,0,0.0,486,271.97940567463206,0,0.0,97,54.28395545357882,17,9.513682914544741,10,5.59628406737926,359,200.90659801891542,131,73.3113212826683,0,0.0,294,164.53075158095024,78,43.651015725558224,175,97.93497117913705,285,159.4940959203089,6,3.357770440427556,95,53.16469864010297,874,489.11522748894737,863,482.95931501483017,0,0.0,281,157.2555822933572
000153_Pina_la_italiana_del_dancing.out.txt,CTILC,1933,LIT,central,no,17684,1,0.565482922415743,613,346.6410314408505,0,0.0,224,126.66817462112644,6,3.3928975344944585,2,1.130965844831486,334,188.87129608685817,233,131.75752092286814,2,1.130965844831486,225,127.23365754354218,113,63.89957023297897,129,72.94729699163085,243,137.41235014702556,1,0.565482922415743,25,14.137073060393577,1097,620.3347658900701,612,346.07554851843474,0,0.0,241,136.28138430219406
000369_Projecte_de_Bases_per_a_una_nova_Llei_Mu.out.txt,CTILC,1933,NLIT,central,no,4043,0,0.0,165,408.1127875340094,0,0.0,28,69.25550333910462,0,0.0,2,4.946821667078902,76,187.9792233489983,100,247.3410833539451,0,0.0,115,284.4422458570368,6,14.840465001236705,23,56.888449171407366,117,289.3890675241157,3,7.4202325006183525,4,9.893643334157805,310,766.7573583972298,97,239.92085085332675,0,0.0,29,71.72891417264408
000542_La_industria_valenciana_de_la_seda.out.txt,CTILC,1933,NLIT,valencià,no,12825,0,0.0,360,280.70175438596493,0,0.0,104,81.0916179337232,35,27.290448343079923,3,2.339181286549708,271,211.30604288499023,191,148.92787524366472,11,8.576998050682262,230,179.3372319688109,105,81.87134502923978,146,113.8401559454191,145,113.06042884990254,14,10.916179337231968,14,10.916179337231968,929,724.3664717348928,175,136.4522417153996,2,1.5594541910331385,66,51.46198830409357
000590_Spinoza.out.txt,CTILC,1933,NLIT,central,no,15162,0,0.0,563,371.32304445323837,0,0.0,110,72.5497955414853,16,10.55269753330695,2,1.3190871916633689,420,277.0083102493075,136,89.69792903310909,0,0.0,360,237.4356944994064,78,51.44440047487139,74,48.80622609154465,248,163.56681176625776,8,5.276348766653475,19,12.531328320802004,1017,670.7558369608231,480,316.58092599920855,12,7.914523149980214,121,79.80477509563383
000713_Assaig_critic_sobre_el_teatre_de_Moliere.out.txt,CTILC,1933,NLIT,central,no,6196,0,0.0,262,422.8534538411879,0,0.0,69,111.36216914138153,11,17.75338928340865,9,14.525500322788895,137,221.11039380245322,63,101.67850225952226,0,0.0,141,227.56617172369272,27,43.576500968366695,57,91.99483537766302,71,114.5900581020013,2,3.2278889606197545,12,19.36733376371853,367,592.317624273725,230,371.20723047127177,0,0.0,69,111.36216914138153
000760_Explicacio_del_catecisme_de_la_doctrina_.out.txt,CTILC,1933,NLIT,central,no,40497,0,0.0,1264,312.12188557177075,0,0.0,271,66.91853717559326,44,10.865002345852778,34,8.39568363088624,1030,254.33982764155368,758,187.1743585944638,0,0.0,616,152.1100328419389,166,40.99069066844457,360,88.89547373879546,756,186.68049485147046,14,3.4570462009531573,41,10.124206731362817,2342,578.3144430451639,1362,336.3212089784429,0,0.0,298,73.58569770600292
002209_Circulacio_urbana_de_la_ciutat_de_Reus_r.out.txt,CTILC,1933,NLIT,central,no,2067,0,0.0,60,290.2757619738752,0,0.0,9,43.54136429608128,0,0.0,1,4.837929366231253,42,203.1930333817126,47,227.38268021286888,0,0.0,86,416.06192549588775,10,48.379293662312534,9,43.54136429608128,34,164.4895984518626,1,4.837929366231253,12,58.055152394775035,171,827.2859216255443,47,227.38268021286888,1,4.837929366231253,15,72.5689404934688
003066_Estatuts_de_la_societat__Caps_de_Familia.out.txt,CTILC,1933,NLIT,central,no,1450,0,0.0,52,358.6206896551724,0,0.0,12,82.75862068965517,2,13.793103448275861,4,27.586206896551722,46,317.2413793103448,28,193.1034482758621,0,0.0,60,413.7931034482759,2,13.793103448275861,16,110.34482758620689,35,241.3793103448276,0,0.0,7,48.27586206896552,84,579.3103448275863,27,186.20689655172413,9,62.068965517241374,13,89.6551724137931
000419_Dret_comarcal_gironi.out.txt,CTILC,1934,NLIT,central,no,9060,1,1.1037527593818985,287,316.77704194260485,1,1.1037527593818985,62,68.43267108167771,5,5.518763796909492,4,4.415011037527594,299,330.02207505518766,108,119.20529801324504,0,0.0,163,179.91169977924943,21,23.17880794701987,143,157.8366445916115,152,167.7704194260486,11,12.141280353200884,43,47.46136865342163,348,384.10596026490066,184,203.09050772626932,0,0.0,60,66.2251655629139
000420_Dret_especial_de_la_Segarra.out.txt,CTILC,1934,NLIT,central,no,13514,0,0.0,553,409.20526861033,0,0.0,79,58.45789551576143,17,12.579547136303093,11,8.13970697054906,314,232.35163534112772,164,121.35563119727689,0,0.0,210,155.39440580139114,60,44.398401657540326,161,119.13571111439988,215,159.09427260618617,7,5.179813526713039,41,30.338907799319223,1084,802.131123279562,330,244.1912091164718,0,0.0,113,83.61698978836762
000577_Problemes_d_urbanisme.out.txt,CTILC,1934,NLIT,central,no,3845,0,0.0,107,278.28348504551366,0,0.0,45,117.03511053315995,12,31.209362808842656,4,10.403120936280883,66,171.65149544863456,48,124.83745123537062,0,0.0,45,117.03511053315995,24,62.41872561768531,41,106.63198959687907,59,153.44603381014304,1,2.600780234070221,2,5.201560468140442,390,1014.3042912873861,140,364.10923276983095,0,0.0,13,33.81014304291288
000788_L_Esglesia_la_llei_de_confessions_i_cong.out.txt,CTILC,1934,NLIT,central,sí,15693,0,0.0,800,509.7814312113681,0,0.0,157,100.044605875231,1,0.6372267890142101,17,10.832855413241571,237,151.0227489963678,256,163.1300579876378,0,0.0,312,198.81475817243356,87,55.43873064423628,193,122.98477027974255,326,207.7359332186325,5,3.1861339450710506,31,19.754030459440518,1082,689.4793857133753,387,246.60676734849935,0,0.0,126,80.29057541579049
001018_Comite_de_Cinema_de_la_Generalitat_de_Ca.out.txt,CTILC,1934,NLIT,central,no,3700,0,0.0,137,370.2702702702703,0,0.0,26,70.27027027027027,1,2.7027027027027026,2,5.405405405405405,108,291.8918918918919,40,108.10810810810811,0,0.0,107,289.18918918918916,12,32.43243243243243,55,148.64864864864865,95,256.7567567567568,7,18.91891891891892,0,0.0,239,645.945945945946,57,154.05405405405406,1,2.7027027027027026,54,145.94594594594594
002896_Josep_II_rei.out.txt,CTILC,1934,LIT,central,no,10455,18,17.21664275466284,314,300.33476805356287,0,0.0,144,137.7331420373027,28,26.781444285031082,9,8.60832137733142,269,257.2931611669058,103,98.51745576279292,4,3.825920612147298,150,143.47202295552367,60,57.38880918220947,217,207.55619320899092,149,142.51554280248686,2,1.912960306073649,32,30.607364897178385,469,448.5891917742707,360,344.3328550932568,0,0.0,176,168.3405069344811
002920_L_home_i_les_armes.out.txt,CTILC,1934,LIT,central,sí,22833,0,0.0,648,283.7997635001971,0,0.0,388,169.92948802172296,41,17.95646651775938,10,4.379625979941313,478,209.34612184119476,180,78.83326763894364,0,0.0,365,159.85634826785792,162,70.94994087504928,293,128.3230412122805,288,126.13322822230981,5,2.1898129899706564,63,27.591643673630273,915,400.7357771646301,1160,508.0366136731923,0,0.0,262,114.74620067446241
000122_Els_moviments_d_emancipacio_nacional.out.txt,CTILC,1935,NLIT,central,no,39720,0,0.0,1229,309.4159113796576,0,0.0,268,67.472306143001,14,3.524672708962739,8,2.014098690835851,1004,252.7693856998993,624,157.0996978851964,0,0.0,817,205.68982880161127,201,50.60422960725075,219,55.13595166163142,963,242.44712990936557,134,33.7361530715005,69,17.371601208459214,2920,735.1460221550856,653,164.40080563947635,0,0.0,279,70.24169184290031
000304_Breu_estudi_critic_del_filosof_catala_Ra.out.txt,CTILC,1935,NLIT,central,no,12237,16,13.075100106235189,490,400.42494075345263,1,0.8171937566396993,72,58.837950478058346,8,6.537550053117594,5,4.0859687831984965,310,253.33006455830676,106,86.62253820380812,3,2.4515812699190977,239,195.30930783688814,87,71.09585682765385,64,52.300400424940754,156,127.48222603579308,2,1.6343875132793986,23,18.795456402713082,795,649.6690365285609,415,339.1354090054752,4,3.268775026558797,81,66.19269428781564
000378_De_la_meua_garbera.out.txt,CTILC,1935,LIT,valencià,no,58686,8,1.3631871315134787,2757,469.78836519783255,387,65.94417748696452,34,5.793545308932284,1228,209.24922468731896,357,60.83222574378898,719,122.51644344477388,454,77.3608697133899,4,0.6815935657567394,846,144.15703915755034,445,75.82728419043724,697,118.76767883311182,827,140.91946972020585,11,1.874382305831033,103,17.551034318236034,3964,675.4592236649286,1078,183.68946597144122,0,0.0,367,62.53620965818082
002248_Carta_a_Francesc_Matheu_6IV1935.out.txt,CTILC,1935,NLIT,central,no,344,0,0.0,14,406.9767441860465,0,0.0,2,58.13953488372093,0,0.0,0,0.0,4,116.27906976744185,5,145.34883720930233,2,58.13953488372093,0,0.0,1,29.069767441860463,4,116.27906976744185,4,116.27906976744185,0,0.0,1,29.069767441860463,37,1075.581395348837,7,203.48837209302326,0,0.0,8,232.5581395348837
000305_Balmes_i_Chateaubriand.out.txt,CTILC,1936,NLIT,central,no,2381,24,100.7979840403192,48,201.5959680806384,0,0.0,10,41.999160016799664,7,29.399412011759768,11,46.19907601847963,64,268.79462410751785,21,88.1982360352793,12,50.3989920201596,22,92.39815203695926,9,37.7992440151197,11,46.19907601847963,27,113.3977320453591,3,12.5997480050399,35,146.99706005879884,180,755.984880302394,124,520.7895842083159,1,4.199916001679966,19,79.79840403191936
001019_ultimes_evolucions_de_la_volta_ogival.out.txt,CTILC,1936,NLIT,central,no,4279,1,2.336994624912363,114,266.41738724000936,0,0.0,39,91.14279037158215,3,7.010983874737088,0,0.0,76,177.61159149333957,58,135.54568824491705,1,2.336994624912363,58,135.54568824491705,43,100.49076887123161,32,74.78382799719562,54,126.19770974526759,2,4.673989249824726,13,30.38093012386072,363,848.3290488431877,78,182.2855807431643,0,0.0,37,86.46880112175742
002937_El_botxi_de_si_mateix.out.txt,CTILC,1936,LIT,central,sí,13999,0,0.0,312,222.87306236159728,0,0.0,144,102.8644903207372,10,7.143367383384527,5,3.5716836916922636,267,190.7279091363669,113,80.72005143224516,0,0.0,221,157.86841917279807,48,34.28816344024573,97,69.29066361882991,142,101.43581684406028,3,2.1430102150153583,93,66.4333166654761,947,676.4768912065147,742,530.0378598471319,0,0.0,142,101.43581684406028
000338_Problemes_alimentaris_que_planteja_la_gu.out.txt,CTILC,1937,NLIT,central,no,12301,0,0.0,251,204.04845134541907,0,0.0,93,75.60360946264531,1,0.8129420372327454,9,7.316478335094708,155,126.00601577107552,113,91.86245020730023,0,0.0,234,190.2284367124624,30,24.38826111698236,56,45.524754085033734,138,112.18600113811885,6,4.877652223396471,30,24.38826111698236,1151,935.6962848548899,254,206.4872774571173,0,0.0,218,177.22136411673847
000344_Menus_de_guerra.out.txt,CTILC,1937,NLIT,central,no,3190,0,0.0,180,564.2633228840126,0,0.0,99,310.3448275862069,4,12.539184952978058,3,9.404388714733543,56,175.5485893416928,26,81.50470219435736,0,0.0,34,106.58307210031349,3,9.404388714733543,1,3.1347962382445145,60,188.08777429467085,0,0.0,0,0.0,340,1065.8307210031348,57,178.68338557993732,0,0.0,42,131.6614420062696
000352_Collectivitzacio_i_control_obrer_disposi.out.txt,CTILC,1937,NLIT,central,no,7435,0,0.0,215,289.17283120376595,0,0.0,52,69.9394754539341,0,0.0,1,1.3449899125756557,159,213.85339609952925,135,181.5736381977135,0,0.0,152,204.43846671149967,27,36.3147276395427,69,92.80430396772024,143,192.33355749831878,3,4.034969737726967,35,47.07464694014795,497,668.4599865501009,116,156.01882985877606,0,0.0,61,82.04438466711498
000357_Ciutada_que_has_de_fer_davant_la_guerra_.out.txt,CTILC,1937,NLIT,central,no,8531,0,0.0,198,232.0947133981948,0,0.0,72,84.39807759934358,5,5.860977611065526,6,7.0331731332786305,171,200.445434298441,130,152.38541788770365,0,0.0,169,198.1010432540148,38,44.54342984409799,56,65.64294924393388,146,171.14054624311336,4,4.68878208885242,59,69.1595358105732,721,845.1529715156488,212,248.5054507091783,0,0.0,104,121.90833431016294
000358_Organitzacio_dels_serveis_sanitaris_regl.out.txt,CTILC,1937,NLIT,central,no,28972,0,0.0,973,335.8415021399972,0,0.0,329,113.55791798978323,23,7.938699433936215,34,11.735468728427445,576,198.81264669335908,588,202.95457683280407,0,0.0,738,254.72870357586635,137,47.287035758663535,164,56.60637857241475,529,182.59008698053293,29,10.009664503658705,68,23.47093745685489,2342,808.3666988816789,794,274.0577108932763,2,0.6903216899074969,326,112.52243545492199
000411_L_ensenyament_popular_a_Catalunya_de_l_a.out.txt,CTILC,1937,NLIT,central,no,2108,0,0.0,44,208.72865275142317,0,0.0,18,85.38899430740038,0,0.0,0,0.0,31,147.05882352941177,33,156.54648956356738,0,0.0,26,123.33965844402277,11,52.18216318785579,58,275.1423149905123,25,118.59582542694497,1,4.743833017077799,1,4.743833017077799,162,768.5009487666033,50,237.19165085388994,0,0.0,10,47.43833017077799
000578_L_alimentacio_de_l_aviram_en_temps_de_gu.out.txt,CTILC,1937,NLIT,central,no,5399,0,0.0,160,296.3511761437303,0,0.0,35,64.826819781441,13,24.078533061678087,1,1.8521948508983146,78,144.47119837006852,51,94.46193739581403,0,0.0,100,185.21948508983144,15,27.782922763474716,22,40.74828671976292,63,116.68827560659382,2,3.704389701796629,4,7.408779403593258,493,913.1320614928691,60,111.13169105389886,0,0.0,70,129.653639562882
000579_La_venda_i_la_distribucio_del_blat.out.txt,CTILC,1937,NLIT,central,no,3103,0,0.0,70,225.58814050918468,0,0.0,9,29.004189494038027,1,3.2226877215597813,0,0.0,80,257.8150177247825,36,116.0167579761521,0,0.0,82,264.260393167902,18,58.00837898807605,25,80.56719303899453,52,167.5797615211086,0,0.0,4,12.890750886239125,225,725.1047373509507,31,99.90331936835321,0,0.0,21,67.6764421527554
000580_Pla_de_desenrotllament_de_la_produccio_a.out.txt,CTILC,1937,NLIT,central,no,7592,0,0.0,244,321.39093782929405,0,0.0,63,82.98208640674393,0,0.0,11,14.488935721812435,113,148.84088514225502,75,98.78819810326661,0,0.0,147,193.62486828240253,52,68.4931506849315,94,123.8145416227608,122,160.69546891464702,4,5.268703898840885,2,2.6343519494204424,756,995.7850368809274,122,160.69546891464702,0,0.0,60,79.03055848261329
000581_Per_una_nova_organitzacio_de_la_producci.out.txt,CTILC,1937,NLIT,central,sí,8041,0,0.0,244,303.44484516851134,0,0.0,25,31.090660365626164,3,3.73087924387514,1,1.2436264146250466,128,159.18418107200597,152,189.0312150230071,0,0.0,133,165.4023131451312,47,58.45044148737719,19,23.628901877875887,191,237.5326451933839,10,12.436264146250466,37,46.014177341126725,665,827.011565725656,179,222.60912821788335,0,0.0,41,50.98868299962691
001020_El_tallat_i_el_gravat_del_vidre_a_l_Esco.out.txt,CTILC,1937,NLIT,central,no,2018,0,0.0,73,361.7443012884044,0,0.0,15,74.33102081268582,3,14.866204162537166,0,0.0,63,312.1902874132805,11,54.509415262636274,0,0.0,28,138.75123885034688,9,44.5986124876115,7,34.68780971258672,45,222.99306243805748,0,0.0,4,19.821605550049554,155,768.0872150644202,20,99.10802775024777,0,0.0,13,64.42021803766104
002620_Imitacio_del_foc.out.txt,CTILC,1938,LIT,baleàric,no,3695,0,0.0,175,473.6129905277402,0,0.0,40,108.25439783491206,0,0.0,1,2.7063599458728014,118,319.3504736129905,45,121.78619756427605,0,0.0,53,143.43707713125846,34,92.01623815967524,34,92.01623815967524,47,127.19891745602166,0,0.0,2,5.412719891745603,419,1133.9648173207038,54,146.14343707713127,0,0.0,32,86.60351826792964
000783_Mes_de_Maria_eucaristic.out.txt,CTILC,1939,NLIT,central,no,39955,0,0.0,1650,412.9645851583031,0,0.0,359,89.85108246777625,43,10.76210737079214,8,2.0022525341008635,1155,289.0752096108122,439,109.87360780878488,0,0.0,879,219.9974971843324,154,38.54336128144162,255,63.82179952446503,947,237.01664372418972,11,2.753097234388687,44,11.012388937554748,2087,522.3376298335628,1243,311.09998748592164,0,0.0,163,40.7958953823051
001472_Per_l_alliberacio_social_i_nacional_de_C.out.txt,CTILC,1940,NLIT,central,no,7364,0,0.0,358,486.14883215643675,0,0.0,58,78.76154263986965,5,6.789788158609451,5,6.789788158609451,172,233.56871265616513,183,248.50624660510593,7,9.505703422053232,106,143.94350896252035,69,93.69907658881044,153,207.76751765344923,174,236.2846279196089,10,13.579576317218901,4,5.431830526887561,536,727.8652906029331,101,137.15372080391091,3,4.073872895165671,42,57.034220532319395
002886_El_perfecte_dandi.out.txt,CTILC,1940,LIT,central,no,3314,0,0.0,122,368.13518406759204,0,0.0,51,153.89257694628847,2,6.035003017501509,1,3.0175015087507546,91,274.5926372963187,37,111.64755582377792,0,0.0,57,171.99758599879303,17,51.29752564876282,30,90.52504526252264,40,120.70006035003017,2,6.035003017501509,5,15.087507543753771,220,663.850331925166,103,310.8026554013277,0,0.0,25,75.43753771876885
002887_La_Rambla.out.txt,CTILC,1940,LIT,central,no,13554,2,1.4755791648221928,563,415.3755348974472,0,0.0,149,109.93064777925336,5,3.6889479120554816,1,0.7377895824110964,299,220.59908514091782,199,146.82012689980817,4,2.9511583296443855,160,118.04633318577541,72,53.12084993359893,136,100.33938320790911,199,146.82012689980817,3,2.213368747233289,28,20.658108307510698,1019,751.8075844769072,406,299.5425704589051,0,0.0,75,55.33421868083223
res_1940.txt,Ressorgiment,1940,MIXED,unknown,mixed,13739,8,5.822840090254021,487,354.4653904942135,2,1.4557100225635053,91,66.23480602663949,6,4.367130067690516,8,5.822840090254021,276,200.88798311376374,168,122.27964189533445,14,10.189970157944536,299,217.62864837324403,111,80.79190625227454,196,142.65958221122352,235,171.04592765121188,6,4.367130067690516,46,33.481330518960625,966,703.1079408981731,371,270.03420918553024,2,1.4557100225635053,137,99.71613654560011
000384_Records_vells_i_histories_noves.out.txt,CTILC,1941,LIT,central,no,15294,47,30.73100562312018,507,331.5025500196155,0,0.0,194,126.84712959330456,24,15.692428403295409,37,24.19249378841376,385,251.7327056361972,214,139.9241532627174,62,40.53877337517981,193,126.19327840983392,80,52.30809467765137,149,97.42382633712567,197,128.80868314371648,7,4.576958284294494,124,81.07754675035962,1167,763.0443311102393,576,376.6182816790899,0,0.0,128,83.69295148424217
res_1941.txt,Ressorgiment,1941,MIXED,unknown,mixed,14052,5,3.5582123541132935,490,348.70481070310274,0,0.0,90,64.04782237403928,9,6.4047822374039285,10,7.116424708226587,330,234.84201537147734,151,107.45801309422147,12,8.539709649871904,284,202.10646171363504,80,56.931397665812696,227,161.54284087674353,189,134.5004269854825,5,3.5582123541132935,43,30.600626245374322,826,587.8166808995161,481,342.30002846569886,4,2.846569883290635,169,120.26757756902931
res_1942.txt,Ressorgiment,1942,MIXED,unknown,mixed,12914,30,23.23060244695679,433,335.29502865107634,0,0.0,86,66.59439368127613,17,13.164008053275515,11,8.517887563884157,281,217.59330958649528,160,123.89654638376956,8,6.1948273191884775,230,178.10128542666874,86,66.59439368127613,216,167.26033761808887,191,147.9015022456249,2,1.5487068297971194,42,32.52284342573951,787,609.4161375251665,370,286.5107635124671,16,12.389654638376955,148,114.60430540498683
res_1943.txt,Ressorgiment,1943,MIXED,unknown,mixed,12862,0,0.0,392,304.7737521380812,2,1.5549681231534753,95,73.86098584979008,8,6.219872492613901,3,2.3324521847302133,269,209.14321256414243,186,144.6120354532732,10,7.774840615767377,244,189.706111024724,81,62.97620898771575,176,136.83719483750585,189,146.9444876380034,5,3.8874203078836884,47,36.54175089410667,875,680.2985538796455,383,297.7763955838905,5,3.8874203078836884,108,83.96827865028766
res_1944.txt,Ressorgiment,1944,MIXED,unknown,mixed,14079,20,14.205554371759359,452,321.04552880176146,1,0.710277718587968,104,73.86888273314865,9,6.392499467291711,9,6.392499467291711,336,238.65331344555722,150,106.54165778819518,30,21.30833155763904,276,196.03665033027914,87,61.794161517153206,210,149.15832090347325,160,113.64443497407487,10,7.102777185879679,60,42.61666311527808,900,639.2499467291711,323,229.41970310391363,2,1.420555437175936,177,125.71915619007032
000303_El_pensament_i_la_vida.out.txt,CTILC,1945,NLIT,central,no,25479,0,0.0,737,289.2578201656266,1,0.392480081635857,146,57.30209191883512,9,3.532320734722713,1,0.392480081635857,658,258.25189371639385,242,94.98017975587739,0,0.0,379,148.7499509399898,120,47.097609796302834,92,36.108167510498845,464,182.11075787903764,33,12.95184269398328,46,18.054083755249422,1642,644.4522940460771,712,279.4458181247302,0,0.0,180,70.64641469445425
res_1945.txt,Ressorgiment,1945,MIXED,unknown,mixed,13429,2,1.4893141708243354,454,338.0743167771241,0,0.0,92,68.50845185791943,5,3.7232854270608384,5,3.7232854270608384,288,214.46124059870428,144,107.23062029935214,7,5.212599597885173,254,189.14289969469058,80,59.572566832973415,188,139.99553205748754,184,137.01690371583885,3,2.233971256236503,30,22.33971256236503,813,605.4062104400923,381,283.7143495420359,3,2.233971256236503,102,75.95502271204111
ariel_1946.txt,Ariel,1946,MIXED,unknown,mixed,9163,0,0.0,245,267.379679144385,0,0.0,68,74.21150278293136,7,7.639419404125286,2,2.1826912583215106,183,199.7162501364182,82,89.49034159118193,1,1.0913456291607553,187,204.0816326530612,66,72.02881152460985,91,99.31245225362872,174,189.8941394739714,4,4.365382516643021,22,24.009603841536613,580,632.9804649132379,221,241.1873840445269,3,3.2740368874822656,60,65.48073774964531
ariel_1946_1.txt,Ariel,1946,MIXED,unknown,mixed,7564,0,0.0,224,296.13960867265996,0,0.0,54,71.39079851930197,12,15.864621893178212,2,2.6441036488630356,194,256.47805393971447,61,80.64516129032258,5,6.610259122157588,133,175.83289264939188,39,51.560021152829194,64,84.61131676361714,126,166.57852987837123,1,1.3220518244315178,21,27.763088313061875,438,579.0586991010048,196,259.12215758857747,1,1.3220518244315178,80,105.76414595452141
ariel_1946_2.txt,Ariel,1946,MIXED,unknown,mixed,8146,0,0.0,264,324.08544070709553,0,0.0,65,79.79376381045911,4,4.910385465259023,1,1.2275963663147558,193,236.92609869874786,62,76.11097471151486,4,4.910385465259023,163,200.09820770930517,39,47.87625828627547,66,81.02136017677388,125,153.44954578934446,3,3.682789098944267,19,23.324330959980358,504,618.7085686226369,268,328.99582617235455,0,0.0,83,101.89049840412473
ariel_1946_3.txt,Ariel,1946,MIXED,unknown,mixed,8045,2,2.4860161591050343,285,354.25730267246735,2,2.4860161591050343,73,90.73958980733374,7,8.70105655686762,3,3.7290242386575514,193,239.90055935363583,76,94.46861404599129,5,6.215040397762585,161,200.12430080795525,30,37.290242386575514,69,85.76755748912367,146,181.4791796146675,5,6.215040397762585,12,14.916096954630206,481,597.8868862647607,225,279.67681789931635,2,2.4860161591050343,66,82.03853325046613
ariel_1946_4.txt,Ariel,1946,MIXED,unknown,mixed,5016,0,0.0,134,267.1451355661882,0,0.0,51,101.67464114832535,0,0.0,1,1.9936204146730463,122,243.22169059011165,53,105.66188197767146,1,1.9936204146730463,86,171.451355661882,34,67.78309409888358,46,91.70653907496013,93,185.40669856459328,1,1.9936204146730463,14,27.91068580542265,332,661.8819776714513,175,348.88357256778306,1,1.9936204146730463,50,99.68102073365232
ariel_1946_5.txt,Ariel,1946,MIXED,unknown,mixed,4138,4,9.666505558240695,126,304.49492508458195,0,0.0,38,91.8318028032866,1,2.416626389560174,1,2.416626389560174,112,270.6621556307395,45,108.74818753020783,0,0.0,61,147.41420976317062,31,74.9154180763654,48,115.99806669888834,74,178.83035282745288,0,0.0,2,4.833252779120348,284,686.3218946350894,99,239.2460125664572,0,0.0,38,91.8318028032866
001433_Historia_de_la_coneixenca_geologica_de_l.out.txt,CTILC,1946,NLIT,baleàric,no,22347,6,2.684924150892737,774,346.35521546516316,0,0.0,184,82.3376739607106,6,2.684924150892737,12,5.369848301785474,460,205.84418490177652,181,80.99521188526424,14,6.26482301874972,591,264.4650288629346,77,34.45652660312346,389,174.0725824495458,329,147.22334094061844,12,5.369848301785474,117,52.35602094240838,1759,787.1302635700541,538,240.74819886338213,7,3.13241150937486,379,169.59770886472458
ariel_1947.txt,Ariel,1947,MIXED,unknown,mixed,8906,2,2.2456770716370986,264,296.42937345609704,0,0.0,83,93.1955984729396,3,3.368515607455648,2,2.2456770716370986,212,238.04176959353245,80,89.82708286548394,1,1.1228385358185493,178,199.86525937570175,59,66.2474736132944,72,80.84437457893554,153,171.79429598023805,5,5.6141926790927466,11,12.351223894004042,526,590.6130698405569,222,249.27015495171793,0,0.0,94,105.54682236694363
ariel_1947_1.txt,Ariel,1947,MIXED,unknown,mixed,12427,1,0.8046994447573831,452,363.7241490303372,0,0.0,108,86.90754003379737,6,4.828196668544298,2,1.6093988895147662,306,246.23803009575923,99,79.66524503098094,0,0.0,220,177.0338778466243,98,78.86054558622355,115,92.54043614709906,192,154.50229339341755,4,3.2187977790295323,17,13.679890560875513,810,651.8065502534803,323,259.91792065663475,2,1.6093988895147662,125,100.5874305946729
ariel_1947_2.txt,Ariel,1947,MIXED,unknown,mixed,10094,1,0.9906875371507826,360,356.64751337428174,0,0.0,73,72.32019021200713,5,4.953437685753913,3,2.9720626114523476,201,199.1281949673073,115,113.92906677234001,3,2.9720626114523476,228,225.87675847037843,62,61.42262730334853,96,95.10600356647512,176,174.36100653853777,4,3.9627501486031305,42,41.60887656033287,669,662.7699623538736,322,319.00138696255203,3,2.9720626114523476,97,96.09669110362591
ariel_1947_6.txt,Ariel,1947,MIXED,unknown,mixed,8076,3,3.714710252600297,349,432.1446260525012,0,0.0,90,111.44130757800892,3,3.714710252600297,5,6.191183754333828,184,227.83556215948488,72,89.15304606240713,0,0.0,125,154.77959385834572,41,50.7677067855374,68,84.20009905894007,132,163.4472511144131,3,3.714710252600297,12,14.858841010401187,565,699.6037642397226,186,230.31203566121843,2,2.4764735017335315,64,79.24715205547301
ariel_1947_7.txt,Ariel,1947,MIXED,unknown,mixed,9531,2,2.098415696149407,308,323.15601720700874,0,0.0,81,84.985835694051,5,5.246039240373518,2,2.098415696149407,220,230.82572657643482,70,73.44454936522925,2,2.098415696149407,188,197.25107543804427,65,68.19851012485573,91,95.47791417479803,146,153.18434581890673,5,5.246039240373518,29,30.427027594166404,583,611.6881754275522,311,326.3036407512328,2,2.098415696149407,92,96.52712202287273
002676_Poesies.out.txt,CTILC,1947,LIT,nord-occidental,no,11664,0,0.0,332,284.63648834019205,0,0.0,69,59.15637860082305,1,0.8573388203017832,1,0.8573388203017832,282,241.76954732510288,172,147.4622770919067,0,0.0,236,202.33196159122085,152,130.31550068587106,124,106.31001371742111,95,81.44718792866941,0,0.0,36,30.864197530864196,538,461.24828532235944,226,193.75857338820302,3,2.57201646090535,99,84.87654320987654
ariel_1948.txt,Ariel,1948,MIXED,unknown,mixed,9621,3,3.1181789834736513,339,352.35422513252263,0,0.0,78,81.07265357031494,4,4.157571977964869,0,0.0,248,257.7694626338219,89,92.50597650971834,15,15.590894917368258,181,188.1301320029103,50,51.96964972456085,102,106.01808543810414,145,150.71198420122647,3,3.1181789834736513,34,35.339361812701384,594,617.399438727783,299,310.77850535287394,3,3.1181789834736513,97,100.82112046564806
ariel_1948_1.txt,Ariel,1948,MIXED,unknown,mixed,8989,2,2.224941595283124,239,265.8805206363333,0,0.0,68,75.6480142396262,5,5.56235398820781,0,0.0,252,280.3426410056736,75,83.43530982311715,9,10.012237178774056,183,203.58215596840583,61,67.86071865613528,64,71.19813104905997,151,167.98309044387585,9,10.012237178774056,22,24.47435754811436,519,577.3723439759707,276,307.0419401490711,3,3.3374123929246857,89,99.00990099009901
ariel_1948_2.txt,Ariel,1948,MIXED,unknown,mixed,7457,0,0.0,260,348.66568325063696,0,0.0,68,91.18948638862814,2,2.6820437173125926,1,1.3410218586562963,179,240.042912699477,61,81.80233337803405,1,1.3410218586562963,156,209.1994099503822,52,69.73313665012739,58,77.77926780206518,120,160.92262303875552,4,5.364087434625185,13,17.433284162531848,450,603.4598363953332,201,269.54539358991553,2,2.6820437173125926,86,115.32787984444147
ariel_1948_3.txt,Ariel,1948,MIXED,unknown,mixed,8962,0,0.0,323,360.41062262887743,0,0.0,75,83.68667708100871,5,5.579111805400581,4,4.4632894443204645,225,251.06003124302612,113,126.0879268020531,0,0.0,155,172.952465967418,48,53.55947333184557,86,95.96072305288997,128,142.82526221825486,2,2.2316447221602322,20,22.316447221602324,567,632.6712787324258,250,278.955590270029,1,1.1158223610801161,107,119.39299263557243
ariel_1948_4.txt,Ariel,1948,MIXED,unknown,mixed,8858,2,2.2578460149017836,278,313.84059607134793,0,0.0,77,86.92707157371866,3,3.3867690223526754,0,0.0,184,207.7218333709641,85,95.95845563332581,11,12.41815308195981,146,164.82275908783024,66,74.50891849175886,85,95.95845563332581,152,171.59629713253557,1,1.1289230074508918,28,31.60984420862497,606,684.1273425152405,232,261.9101377286069,10,11.28923007450892,68,76.76676450666065
ariel_1948_5.txt,Ariel,1948,MIXED,unknown,mixed,9308,3,3.2230339492909326,284,305.113880532875,0,0.0,81,87.02191663085519,5,5.371723248818221,4,4.297378599054577,198,212.72024065320156,84,90.24495058014611,5,5.371723248818221,194,208.42286205414698,58,62.31198968629136,93,99.91405242801892,112,120.32660077352814,1,1.0743446497636442,61,65.53502363558229,634,681.1345079501505,287,308.33691448216587,4,4.297378599054577,91,97.76536312849161
000387_L_impenitent.out.txt,CTILC,1948,LIT,central,no,110596,1,0.09041918333393613,4480,405.07794133603386,0,0.0,1322,119.53416036746356,182,16.456291366776377,82,7.414373033382762,2440,220.62280733480415,1503,135.900032550906,0,0.0,2210,199.82639516799884,789,71.34073565047561,1087,98.28565228398857,1844,166.73297406777823,26,2.3508987666823393,338,30.56168396687041,7777,703.1899887880212,2947,266.46533328510975,0,0.0,1023,92.49882455061666
